Orthogroup	MHP_MHP682_genes	MHP_MHP650_genes
OG0000000	DR097_RS02690	DR083_RS02765
OG0000000	DR097_RS04740	DR083_RS04515, DR083_RS04520
OG0000001	DR097_RS04145	DR083_RS00590
OG0000001	DR097_RS04155	DR083_RS00545
OG0000002	DR097_RS02700	DR083_RS04320
OG0000002	DR097_RS02695	DR083_RS02760
OG0000002	DR097_RS04855	DR083_RS04915
OG0000002	DR097_RS04675	DR083_RS04760
OG0000003	DR097_RS04840	DR083_RS04460
OG0000003	DR097_RS03830	DR083_RS03840
OG0000004	DR097_RS01325	DR083_RS03440
OG0000005	DR097_RS02455	DR083_RS03065
OG0000005	DR097_RS02445	DR083_RS03050
OG0000005	DR097_RS02440, DR097_RS04715	DR083_RS04870
OG0000007	DR097_RS03435	DR083_RS03475
OG0000007	DR097_RS03440	DR083_RS03470
OG0000007	DR097_RS03450	DR083_RS03465
OG0000008	DR097_RS03625	DR083_RS04540
OG0000009	DR097_RS02470	DR083_RS05040
OG0000009	DR097_RS00430	DR083_RS01930
OG0000009	DR097_RS01140	DR083_RS01240
OG0000010	DR097_RS02510	DR083_RS02305
OG0000010	DR097_RS04755	DR083_RS04910
OG0000011	DR097_RS00820	DR083_RS01555
OG0000011	DR097_RS00825	DR083_RS01550
OG0000013	DR097_RS02175	DR083_RS05105
OG0000013	DR097_RS03895	DR083_RS03885
OG0000014	DR097_RS03860	DR083_RS03770
OG0000014	DR097_RS03370	DR083_RS04890
OG0000015	DR097_RS02000	DR083_RS02965
OG0000016	DR097_RS01165	DR083_RS00630
OG0000016	DR097_RS00270	DR083_RS00040
OG0000017	DR097_RS00285	DR083_RS00025
OG0000017	DR097_RS01175	DR083_RS00640
OG0000018	DR097_RS04695	DR083_RS04835
OG0000019	DR097_RS03615	DR083_RS04180
OG0000020	DR097_RS04835	DR083_RS04635
OG0000020	DR097_RS04830	DR083_RS04640
OG0000021	DR097_RS03390	DR083_RS02335, DR083_RS02215, DR083_RS03855
OG0000022	DR097_RS01895	DR083_RS02055
OG0000022	DR097_RS04680	DR083_RS04755
OG0000023	DR097_RS02020	DR083_RS02935
OG0000024	DR097_RS01795	DR083_RS03365
OG0000024	DR097_RS00345	DR083_RS01215
OG0000025	DR097_RS04685	DR083_RS04750
OG0000025	DR097_RS01845	DR083_RS02105
OG0000026	DR097_RS01665	DR083_RS01120
OG0000026	DR097_RS01865	DR083_RS02085
OG0000027	DR097_RS02965	DR083_RS02995
OG0000027	DR097_RS04560	DR083_RS04880
OG0000028	DR097_RS02880, DR097_RS01995	DR083_RS00315
OG0000029	DR097_RS02335	DR083_RS02525
OG0000030	DR097_RS04775	DR083_RS04855
OG0000030	DR097_RS04565	DR083_RS04885
OG0000031	DR097_RS02075	DR083_RS02520
OG0000032	DR097_RS04795	DR083_RS03590
OG0000032	DR097_RS00730	DR083_RS03215
OG0000034	DR097_RS03640	DR083_RS04525
OG0000034	DR097_RS04475	DR083_RS04530
OG0000034	DR097_RS03790	DR083_RS04920
OG0000036	DR097_RS02435, DR097_RS02415	DR083_RS03040
OG0000037	DR097_RS03100	DR083_RS04925
OG0000040	DR097_RS03560	DR083_RS02780
OG0000041	DR097_RS03645	DR083_RS01230
OG0000042	DR097_RS01265	DR083_RS00730
OG0000043	DR097_RS00855	DR083_RS01520
OG0000044	DR097_RS04900	DR083_RS04960
OG0000045	DR097_RS03525	DR083_RS03515
OG0000047	DR097_RS02010	DR083_RS03630
OG0000048	DR097_RS02830	DR083_RS02860
OG0000049	DR097_RS01470	DR083_RS01660
OG0000050	DR097_RS01960	DR083_RS00350
OG0000051	DR097_RS01545	DR083_RS02195
OG0000052	DR097_RS02480	DR083_RS02690
OG0000053	DR097_RS04845	DR083_RS04665
OG0000054	DR097_RS01935	DR083_RS00375
OG0000055	DR097_RS00305	DR083_RS00005
OG0000056	DR097_RS00545	DR083_RS00815
OG0000057	DR097_RS01250	DR083_RS03975, DR083_RS03980
OG0000058	DR097_RS02085	DR083_RS02505
OG0000058	DR097_RS02080	DR083_RS02510
OG0000059	DR097_RS04190	DR083_RS04445
OG0000060	DR097_RS00425	DR083_RS02685
OG0000061	DR097_RS02500	DR083_RS02315
OG0000062	DR097_RS02590	DR083_RS00865
OG0000063	DR097_RS04735	DR083_RS04645
OG0000064	DR097_RS02605	DR083_RS00850
OG0000065	DR097_RS02745	DR083_RS02715
OG0000066	DR097_RS01675	DR083_RS01130
OG0000067	DR097_RS02405	DR083_RS02350
OG0000068	DR097_RS03055	DR083_RS03160
OG0000069	DR097_RS01725	DR083_RS00605
OG0000070	DR097_RS01930	DR083_RS00380
OG0000071	DR097_RS03575	DR083_RS02790
OG0000072	DR097_RS03580, DR097_RS04860	DR083_RS04820
OG0000073	DR097_RS01115	DR083_RS01265
OG0000074	DR097_RS04605	DR083_RS04700
OG0000075	DR097_RS00090	DR083_RS00220
OG0000076	DR097_RS00075	DR083_RS00235
OG0000077	DR097_RS03275	DR083_RS03235
OG0000078	DR097_RS01875	DR083_RS02075
OG0000079	DR097_RS02640	DR083_RS01845
OG0000080	DR097_RS04360	DR083_RS04190
OG0000081	DR097_RS00095	DR083_RS00215
OG0000083	DR097_RS00750	DR083_RS01625
OG0000084	DR097_RS03685	DR083_RS02910
OG0000085	DR097_RS02875	DR083_RS02905
OG0000086	DR097_RS02865	DR083_RS02895
OG0000087	DR097_RS02850	DR083_RS02880
OG0000088	DR097_RS02845	DR083_RS02875
OG0000089	DR097_RS02835	DR083_RS02865
OG0000090	DR097_RS02485	DR083_RS02695
OG0000091	DR097_RS02775	DR083_RS00955
OG0000092	DR097_RS02790	DR083_RS00940
OG0000093	DR097_RS02795	DR083_RS00935
OG0000094	DR097_RS02800	DR083_RS00930
OG0000095	DR097_RS03550	DR083_RS00905
OG0000096	DR097_RS03545	DR083_RS00900
OG0000097	DR097_RS02575	DR083_RS00880
OG0000098	DR097_RS02585	DR083_RS00870
OG0000099	DR097_RS03665	DR083_RS04630
OG0000100	DR097_RS00555	DR083_RS00805
OG0000101	DR097_RS00560	DR083_RS00800
OG0000102	DR097_RS01850	DR083_RS02100
OG0000103	DR097_RS02710	DR083_RS02750
OG0000104	DR097_RS02715	DR083_RS02745
OG0000105	DR097_RS02730	DR083_RS02730
OG0000106	DR097_RS02740	DR083_RS02720
OG0000107	DR097_RS02750	DR083_RS02710
OG0000108	DR097_RS02755	DR083_RS02705
OG0000109	DR097_RS02760	DR083_RS02700
OG0000110	DR097_RS02155	DR083_RS03140
OG0000111	DR097_RS02150	DR083_RS03135
OG0000112	DR097_RS02140	DR083_RS03125
OG0000113	DR097_RS04705	DR083_RS03315
OG0000114	DR097_RS02110	DR083_RS03305
OG0000115	DR097_RS02095	DR083_RS03290
OG0000116	DR097_RS00320	DR083_RS01185
OG0000117	DR097_RS00315	DR083_RS01180
OG0000118	DR097_RS01690	DR083_RS01145
OG0000119	DR097_RS01685	DR083_RS01140
OG0000120	DR097_RS01670	DR083_RS01125
OG0000121	DR097_RS01645	DR083_RS01100
OG0000122	DR097_RS01640	DR083_RS01095
OG0000123	DR097_RS01620	DR083_RS01075
OG0000124	DR097_RS01615	DR083_RS01070
OG0000125	DR097_RS01610	DR083_RS01065
OG0000126	DR097_RS01600	DR083_RS01055
OG0000127	DR097_RS01590	DR083_RS01045
OG0000128	DR097_RS03460	DR083_RS01030
OG0000129	DR097_RS03355	DR083_RS01025
OG0000130	DR097_RS03345	DR083_RS01015
OG0000131	DR097_RS04820	DR083_RS00985
OG0000132	DR097_RS04815	DR083_RS04660
OG0000133	DR097_RS02400	DR083_RS02355
OG0000134	DR097_RS02395	DR083_RS04790
OG0000135	DR097_RS02380	DR083_RS02375
OG0000136	DR097_RS02375	DR083_RS02380
OG0000137	DR097_RS02345	DR083_RS02420
OG0000138	DR097_RS03080	DR083_RS03185
OG0000139	DR097_RS03050	DR083_RS03155
OG0000140	DR097_RS03045	DR083_RS03150
OG0000141	DR097_RS01260	DR083_RS00725
OG0000142	DR097_RS04625	DR083_RS04625
OG0000143	DR097_RS01230	DR083_RS00695
OG0000144	DR097_RS01220	DR083_RS00685
OG0000145	DR097_RS01210	DR083_RS00675
OG0000146	DR097_RS01200	DR083_RS00665
OG0000147	DR097_RS01195	DR083_RS00660
OG0000148	DR097_RS01180	DR083_RS00645
OG0000149	DR097_RS01170	DR083_RS00635
OG0000150	DR097_RS01155	DR083_RS00620
OG0000151	DR097_RS01755	DR083_RS00575
OG0000152	DR097_RS01760	DR083_RS00570
OG0000153	DR097_RS01765	DR083_RS00565
OG0000154	DR097_RS01775	DR083_RS00555
OG0000155	DR097_RS01820	DR083_RS03340
OG0000156	DR097_RS01490	DR083_RS02140
OG0000157	DR097_RS04640	DR083_RS04765
OG0000158	DR097_RS04645	DR083_RS04770
OG0000159	DR097_RS04905	DR083_RS04945
OG0000160	DR097_RS01950	DR083_RS00360
OG0000161	DR097_RS01955	DR083_RS00355
OG0000162	DR097_RS01965	DR083_RS00345
OG0000163	DR097_RS01970	DR083_RS00340
OG0000164	DR097_RS03125	DR083_RS03555
OG0000165	DR097_RS00830	DR083_RS01545
OG0000166	DR097_RS00810	DR083_RS01565
OG0000167	DR097_RS00795	DR083_RS01580
OG0000168	DR097_RS00790	DR083_RS01585
OG0000169	DR097_RS01475	DR083_RS01655
OG0000170	DR097_RS01460	DR083_RS01670
OG0000171	DR097_RS01450	DR083_RS01680
OG0000172	DR097_RS01445	DR083_RS01690
OG0000173	DR097_RS01440	DR083_RS01695
OG0000174	DR097_RS01435	DR083_RS01700
OG0000175	DR097_RS01420	DR083_RS01715
OG0000176	DR097_RS01370	DR083_RS01765
OG0000177	DR097_RS01365	DR083_RS01770
OG0000178	DR097_RS01360	DR083_RS01775
OG0000179	DR097_RS01350	DR083_RS01785
OG0000180	DR097_RS01345	DR083_RS01790
OG0000181	DR097_RS04805	DR083_RS04830
OG0000182	DR097_RS03155	DR083_RS02830
OG0000183	DR097_RS03570	DR083_RS02795
OG0000184	DR097_RS02975	DR083_RS03100
OG0000185	DR097_RS02990	DR083_RS03085
OG0000186	DR097_RS04760	DR083_RS04900
OG0000187	DR097_RS02915	DR083_RS03415
OG0000188	DR097_RS02905	DR083_RS03405
OG0000189	DR097_RS04790	DR083_RS04865
OG0000190	DR097_RS03030	DR083_RS03025
OG0000191	DR097_RS03010	DR083_RS03005
OG0000192	DR097_RS00400	DR083_RS02475
OG0000193	DR097_RS00415	DR083_RS02490
OG0000194	DR097_RS01130	DR083_RS01250
OG0000195	DR097_RS01125	DR083_RS01255
OG0000196	DR097_RS01105	DR083_RS01275
OG0000197	DR097_RS01100	DR083_RS01280
OG0000198	DR097_RS01085	DR083_RS01295
OG0000199	DR097_RS01080	DR083_RS01300
OG0000200	DR097_RS01065	DR083_RS01315
OG0000201	DR097_RS01055	DR083_RS01325
OG0000202	DR097_RS01000	DR083_RS04685
OG0000203	DR097_RS00995	DR083_RS01385
OG0000204	DR097_RS00990	DR083_RS01390
OG0000205	DR097_RS00985	DR083_RS01395
OG0000206	DR097_RS00965	DR083_RS01415
OG0000207	DR097_RS00950	DR083_RS01430
OG0000208	DR097_RS00945	DR083_RS01435
OG0000209	DR097_RS00940	DR083_RS01440
OG0000210	DR097_RS04925	DR083_RS02680
OG0000211	DR097_RS02185	DR083_RS02670
OG0000212	DR097_RS02195	DR083_RS02660
OG0000213	DR097_RS02200	DR083_RS02655
OG0000214	DR097_RS02205	DR083_RS02650
OG0000215	DR097_RS02210	DR083_RS02645
OG0000216	DR097_RS02215	DR083_RS02640
OG0000217	DR097_RS02220	DR083_RS02635
OG0000218	DR097_RS02230	DR083_RS02625
OG0000219	DR097_RS02235	DR083_RS02620
OG0000220	DR097_RS02240	DR083_RS02615
OG0000221	DR097_RS02245	DR083_RS02610
OG0000222	DR097_RS02250	DR083_RS02605
OG0000223	DR097_RS02255	DR083_RS02600
OG0000224	DR097_RS02265	DR083_RS02590
OG0000225	DR097_RS02275	DR083_RS02580
OG0000226	DR097_RS02280	DR083_RS02575
OG0000227	DR097_RS02285	DR083_RS02570
OG0000228	DR097_RS04910	DR083_RS05030
OG0000229	DR097_RS02295	DR083_RS02560
OG0000230	DR097_RS02300	DR083_RS02555
OG0000231	DR097_RS02310	DR083_RS02545
OG0000232	DR097_RS02320	DR083_RS02535
OG0000233	DR097_RS00535	DR083_RS02035
OG0000234	DR097_RS00495	DR083_RS01995
OG0000235	DR097_RS00485	DR083_RS01985
OG0000236	DR097_RS00480	DR083_RS01980
OG0000237	DR097_RS00475	DR083_RS01975
OG0000238	DR097_RS00465	DR083_RS01965
OG0000239	DR097_RS01270	DR083_RS00735
OG0000240	DR097_RS01275	DR083_RS00740
OG0000241	DR097_RS01285	DR083_RS00750
OG0000242	DR097_RS01290	DR083_RS00755
OG0000243	DR097_RS01295	DR083_RS00760
OG0000244	DR097_RS01305	DR083_RS00770
OG0000245	DR097_RS01315	DR083_RS00780
OG0000246	DR097_RS00300	DR083_RS00010
OG0000247	DR097_RS00290	DR083_RS00020
OG0000248	DR097_RS00280	DR083_RS00030
OG0000249	DR097_RS00275	DR083_RS00035
OG0000250	DR097_RS00260	DR083_RS00050
OG0000251	DR097_RS00225	DR083_RS00085
OG0000252	DR097_RS00215	DR083_RS00095
OG0000253	DR097_RS00210	DR083_RS00100
OG0000254	DR097_RS00200	DR083_RS00110
OG0000255	DR097_RS00190	DR083_RS00120
OG0000256	DR097_RS00185	DR083_RS00125
OG0000257	DR097_RS00160	DR083_RS00150
OG0000258	DR097_RS00150	DR083_RS00160
OG0000259	DR097_RS00120	DR083_RS00190
OG0000260	DR097_RS00110	DR083_RS00200
OG0000261	DR097_RS04500	DR083_RS04585
OG0000262	DR097_RS00085	DR083_RS00225
OG0000263	DR097_RS00070	DR083_RS00240
OG0000264	DR097_RS00055	DR083_RS00255
OG0000265	DR097_RS00045	DR083_RS00265
OG0000266	DR097_RS00030	DR083_RS00280
OG0000267	DR097_RS00015	DR083_RS00295
OG0000268	DR097_RS00010	DR083_RS00300
OG0000269	DR097_RS03285	DR083_RS03225
OG0000270	DR097_RS04530	DR083_RS04615
OG0000271	DR097_RS00590	DR083_RS00515
OG0000272	DR097_RS00595	DR083_RS00510
OG0000273	DR097_RS00600	DR083_RS00505
OG0000274	DR097_RS00620	DR083_RS00485
OG0000275	DR097_RS04540	DR083_RS04605
OG0000276	DR097_RS00630	DR083_RS00475
OG0000277	DR097_RS00640	DR083_RS00465
OG0000278	DR097_RS00645	DR083_RS00460
OG0000279	DR097_RS00655	DR083_RS00450
OG0000280	DR097_RS00660	DR083_RS00445
OG0000281	DR097_RS00665	DR083_RS00440
OG0000282	DR097_RS04550	DR083_RS04595
OG0000283	DR097_RS00695	DR083_RS00410
OG0000284	DR097_RS00700	DR083_RS00405
OG0000285	DR097_RS04555	DR083_RS04590
OG0000286	DR097_RS01985	DR083_RS00325
OG0000287	DR097_RS02680	DR083_RS01805
OG0000288	DR097_RS02670	DR083_RS01815
OG0000289	DR097_RS02665	DR083_RS01820
OG0000290	DR097_RS01555	DR083_RS02205
OG0000291	DR097_RS01565	DR083_RS01920
OG0000292	DR097_RS01570	DR083_RS01915
OG0000293	DR097_RS01575	DR083_RS01910
OG0000294	DR097_RS03220	DR083_RS01900
OG0000295	DR097_RS03210	DR083_RS01895
OG0000296	DR097_RS02630	DR083_RS01855
OG0000297	DR097_RS02635	DR083_RS01850
OG0000298	DR097_RS00265	DR083_RS00045
OG0000299	DR097_RS00240	DR083_RS00070
OG0000300	DR097_RS00060	DR083_RS00250
OG0000301	DR097_RS00025	DR083_RS00285
OG0000302	DR097_RS00020	DR083_RS00290
OG0000303	DR097_RS02370	DR083_RS02385
OG0000304	DR097_RS02325	DR083_RS02530
OG0000305	DR097_RS01205	DR083_RS00670
OG0000306	DR097_RS01735	DR083_RS00595
OG0000307	DR097_RS01770	DR083_RS00560
OG0000308	DR097_RS01535	DR083_RS02185
OG0000309	DR097_RS03200	DR083_RS01885
OG0000310	DR097_RS02675	DR083_RS01810
OG0000311	DR097_RS01925	DR083_RS00385
OG0000312	DR097_RS01940	DR083_RS00370
OG0000313	DR097_RS03115	DR083_RS03565
OG0000314	DR097_RS00815	DR083_RS01560
OG0000315	DR097_RS00785	DR083_RS01590
OG0000316	DR097_RS00775	DR083_RS01600
OG0000317	DR097_RS02840	DR083_RS02870
OG0000318	DR097_RS04590	DR083_RS04715
OG0000319	DR097_RS02725	DR083_RS02735
OG0000320	DR097_RS02130	DR083_RS03115
OG0000321	DR097_RS01695	DR083_RS01150
OG0000322	DR097_RS01650	DR083_RS01105
OG0000323	DR097_RS03305	DR083_RS00975
OG0000324	DR097_RS03005	DR083_RS03000
OG0000325	DR097_RS01120	DR083_RS01260
OG0000326	DR097_RS01025	DR083_RS01355
OG0000327	DR097_RS01020	DR083_RS01360
OG0000328	DR097_RS00935	DR083_RS01445
OG0000329	DR097_RS00915	DR083_RS01470
OG0000330	DR097_RS00520	DR083_RS02020
OG0000331	DR097_RS01300	DR083_RS00765
OG0000332	DR097_RS01410	DR083_RS01725
OG0000333	DR097_RS01400	DR083_RS01735
OG0000334	DR097_RS03150	DR083_RS02835
OG0000335	DR097_RS03160	DR083_RS02825
OG0000336	DR097_RS04545	DR083_RS04600
OG0000337	DR097_RS02600	DR083_RS00855
OG0000338	DR097_RS03540	DR083_RS00895
OG0000339	DR097_RS02100	DR083_RS03295
OG0000340	DR097_RS01715	DR083_RS01170
OG0000341	DR097_RS03025	DR083_RS03020
OG0000342	DR097_RS01090	DR083_RS01290
OG0000343	DR097_RS01390	DR083_RS01745
OG0000344	DR097_RS02355	DR083_RS02400
OG0000345	DR097_RS02270	DR083_RS02585
OG0000346	DR097_RS04870	DR083_RS04950
OG0000347	DR097_RS01625	DR083_RS01080
OG0000348	DR097_RS01015	DR083_RS01365
OG0000349	DR097_RS04535	DR083_RS04610
OG0000350	DR097_RS01780	DR083_RS00550
OG0000351	DR097_RS03225	DR083_RS03285
OG0000352	DR097_RS00835	DR083_RS01540
OG0000353	DR097_RS01655	DR083_RS01110
OG0000354	DR097_RS03065	DR083_RS03170
OG0000355	DR097_RS04600	DR083_RS04705
OG0000356	DR097_RS04595	DR083_RS04710
OG0000357	DR097_RS04635	DR083_RS04740
OG0000358	DR097_RS01425	DR083_RS01710
OG0000359	DR097_RS04620	DR083_RS04680
OG0000360	DR097_RS00155	DR083_RS00155
OG0000361	DR097_RS00125	DR083_RS00185
OG0000362	DR097_RS02655	DR083_RS01830
OG0000363	DR097_RS04660	DR083_RS04670
OG0000364	DR097_RS00890	DR083_RS03850
OG0000365	DR097_RS04570	DR083_RS03815
OG0000366	DR097_RS02870	DR083_RS02900
OG0000367	DR097_RS02860	DR083_RS02890
OG0000368	DR097_RS02770	DR083_RS05110
OG0000369	DR097_RS04750	DR083_RS04650
OG0000370	DR097_RS02810	DR083_RS00920
OG0000371	DR097_RS02815	DR083_RS00915
OG0000372	DR097_RS02820	DR083_RS00910
OG0000373	DR097_RS02570	DR083_RS00885
OG0000374	DR097_RS02580	DR083_RS00875
OG0000375	DR097_RS02720	DR083_RS02740
OG0000376	DR097_RS02145	DR083_RS03130
OG0000377	DR097_RS02135	DR083_RS03120
OG0000378	DR097_RS00325	DR083_RS01190
OG0000379	DR097_RS01660	DR083_RS01115
OG0000380	DR097_RS01635	DR083_RS01090
OG0000381	DR097_RS01595	DR083_RS01050
OG0000382	DR097_RS03350	DR083_RS01020
OG0000383	DR097_RS03310	DR083_RS00980
OG0000384	DR097_RS03605	DR083_RS02340
OG0000385	DR097_RS02090	DR083_RS02345
OG0000386	DR097_RS02390	DR083_RS02365
OG0000387	DR097_RS02365	DR083_RS02390
OG0000388	DR097_RS04710	DR083_RS04795
OG0000390	DR097_RS01225	DR083_RS00690
OG0000391	DR097_RS01215	DR083_RS00680
OG0000392	DR097_RS01190	DR083_RS00655
OG0000393	DR097_RS04670	DR083_RS04620
OG0000394	DR097_RS01805	DR083_RS03350
OG0000395	DR097_RS01810	DR083_RS03345
OG0000396	DR097_RS01980	DR083_RS00330
OG0000397	DR097_RS00850	DR083_RS01525
OG0000398	DR097_RS00845	DR083_RS01530
OG0000399	DR097_RS00800	DR083_RS01575
OG0000400	DR097_RS01465	DR083_RS01665
OG0000401	DR097_RS01405	DR083_RS01730
OG0000402	DR097_RS01395	DR083_RS01740
OG0000403	DR097_RS01385	DR083_RS01750
OG0000404	DR097_RS01355	DR083_RS01780
OG0000406	DR097_RS03165	DR083_RS02820
OG0000407	DR097_RS04810	DR083_RS04825
OG0000408	DR097_RS03175	DR083_RS02810
OG0000410	DR097_RS02970	DR083_RS03105
OG0000411	DR097_RS02980	DR083_RS03095
OG0000412	DR097_RS02985	DR083_RS03090
OG0000413	DR097_RS02935	DR083_RS03435
OG0000414	DR097_RS02925	DR083_RS03425
OG0000415	DR097_RS02920	DR083_RS03420
OG0000416	DR097_RS02910	DR083_RS03410
OG0000417	DR097_RS03020	DR083_RS03015
OG0000418	DR097_RS03015	DR083_RS03010
OG0000419	DR097_RS01110	DR083_RS01270
OG0000420	DR097_RS01075	DR083_RS01305
OG0000421	DR097_RS01040	DR083_RS01340
OG0000422	DR097_RS01030	DR083_RS01350
OG0000423	DR097_RS00975	DR083_RS01405
OG0000424	DR097_RS00970	DR083_RS01410
OG0000425	DR097_RS00960	DR083_RS01420
OG0000426	DR097_RS04615	DR083_RS04690
OG0000427	DR097_RS04610	DR083_RS04695
OG0000428	DR097_RS00905	DR083_RS01475
OG0000429	DR097_RS02260	DR083_RS02595
OG0000430	DR097_RS02305	DR083_RS02550
OG0000431	DR097_RS02315	DR083_RS02540
OG0000432	DR097_RS00525	DR083_RS02025
OG0000433	DR097_RS00510	DR083_RS02010
OG0000434	DR097_RS00505	DR083_RS02005
OG0000435	DR097_RS00490	DR083_RS01990
OG0000436	DR097_RS00460	DR083_RS01960
OG0000437	DR097_RS00450	DR083_RS01950
OG0000438	DR097_RS00445	DR083_RS01945
OG0000439	DR097_RS04525	DR083_RS04745
OG0000440	DR097_RS04630	DR083_RS00745
OG0000441	DR097_RS03780	DR083_RS00785
OG0000442	DR097_RS00295	DR083_RS00015
OG0000443	DR097_RS00245	DR083_RS00065
OG0000444	DR097_RS00230	DR083_RS00080
OG0000445	DR097_RS00205	DR083_RS00105
OG0000446	DR097_RS00175	DR083_RS00135
OG0000447	DR097_RS00170	DR083_RS00140
OG0000448	DR097_RS00140	DR083_RS00170
OG0000449	DR097_RS00115	DR083_RS00195
OG0000450	DR097_RS00105	DR083_RS00205
OG0000451	DR097_RS00065	DR083_RS00245
OG0000452	DR097_RS00040	DR083_RS00270
OG0000455	DR097_RS00565	DR083_RS00795
OG0000456	DR097_RS00685	DR083_RS00420
OG0000457	DR097_RS00710	DR083_RS00395
OG0000458	DR097_RS02685	DR083_RS01800
OG0000459	DR097_RS02660	DR083_RS01825
OG0000460	DR097_RS02650	DR083_RS01835
OG0000461	DR097_RS03195	DR083_RS01880
OG0000462	DR097_RS03190	DR083_RS01875
OG0000463	DR097_RS03185	DR083_RS01870
OG0000464	DR097_RS02620	DR083_RS01865
OG0000465	DR097_RS02625	DR083_RS01860
OG0000466	DR097_RS00035	DR083_RS00275
OG0000467	DR097_RS04655	DR083_RS04780
OG0000468	DR097_RS00805	DR083_RS01570
OG0000469	DR097_RS00745	DR083_RS01630
OG0000470	DR097_RS03815	DR083_RS03825
OG0000472	DR097_RS02945	DR083_RS02975
OG0000473	DR097_RS00580	DR083_RS00525
OG0000474	DR097_RS00575	DR083_RS00530
OG0000476	DR097_RS02900	DR083_RS03485
OG0000477	DR097_RS03795	DR083_RS01905
OG0000478	DR097_RS00635	DR083_RS00470
OG0000479	DR097_RS01700	DR083_RS01155
OG0000480	DR097_RS03810	DR083_RS03830
OG0000481	DR097_RS01005	DR083_RS01375
OG0000482	DR097_RS00410	DR083_RS02485
OG0000483	DR097_RS02855	DR083_RS02885
OG0000484	DR097_RS04505	DR083_RS04580
OG0000485	DR097_RS00455	DR083_RS01955
OG0000486	DR097_RS03040	DR083_RS03035
OG0000487	DR097_RS04585	DR083_RS04720
OG0000489	DR097_RS02780	DR083_RS00950
OG0000490	DR097_RS03535	DR083_RS00890
OG0000491	DR097_RS01680	DR083_RS01135
OG0000492	DR097_RS01605	DR083_RS01060
OG0000493	DR097_RS02350	DR083_RS02405
OG0000494	DR097_RS03060	DR083_RS03165
OG0000495	DR097_RS01160	DR083_RS00625
OG0000496	DR097_RS01150	DR083_RS00615
OG0000497	DR097_RS01720	DR083_RS00610
OG0000498	DR097_RS01800	DR083_RS03355
OG0000499	DR097_RS01500	DR083_RS02150
OG0000500	DR097_RS00840	DR083_RS01535
OG0000501	DR097_RS01455	DR083_RS01675
OG0000502	DR097_RS00420	DR083_RS02495
OG0000503	DR097_RS01060	DR083_RS01320
OG0000504	DR097_RS00925	DR083_RS01455
OG0000505	DR097_RS02180	DR083_RS02675
OG0000506	DR097_RS02190	DR083_RS02665
OG0000507	DR097_RS02225	DR083_RS02630
OG0000508	DR097_RS00180	DR083_RS00130
OG0000509	DR097_RS00145	DR083_RS00165
OG0000510	DR097_RS00135	DR083_RS00175
OG0000512	DR097_RS02645	DR083_RS01840
OG0000513	DR097_RS00650	DR083_RS00455
OG0000514	DR097_RS01185	DR083_RS00650
OG0000515	DR097_RS04270, DR097_RS04275	DR083_RS03495
OG0000516	DR097_RS04580	DR083_RS04725
OG0000518	DR097_RS01415	DR083_RS01720
OG0000519	DR097_RS01035	DR083_RS01345
OG0000521	DR097_RS00165	DR083_RS00145
OG0000522	DR097_RS00130	DR083_RS00180
OG0000524	DR097_RS01530	DR083_RS02180
OG0000525	DR097_RS04770	DR083_RS04850
OG0000526	DR097_RS04225	DR083_RS04265
OG0000527	DR097_RS04395	DR083_RS02220
OG0000528	DR097_RS04575	DR083_RS04730
OG0000529	DR097_RS02735	DR083_RS02725
OG0000530	DR097_RS02115	DR083_RS03310
OG0000531	DR097_RS01630	DR083_RS01085
OG0000532	DR097_RS03520	DR083_RS05100
OG0000533	DR097_RS03360	DR083_RS03335
OG0000534	DR097_RS00050	DR083_RS00260
OG0000535	DR097_RS04745	DR083_RS04655
OG0000536	DR097_RS03385	DR083_RS00825
OG0000537	DR097_RS01095	DR083_RS01285
OG0000538	DR097_RS00500	DR083_RS02000
OG0000539	DR097_RS00220	DR083_RS00090
OG0000540	DR097_RS01560	DR083_RS01925
OG0000541	DR097_RS01485	DR083_RS02135
OG0000542	DR097_RS00080	DR083_RS00230
OG0000543	DR097_RS02005	DR083_RS03635
OG0000544	DR097_RS04515	DR083_RS04805
OG0000545	DR097_RS02535	DR083_RS04260, DR083_RS04250
OG0000546	DR097_RS01750	DR083_RS00580
OG0000547	DR097_RS04935	DR083_RS05065
OG0000548	DR097_RS03110	DR083_RS03570
OG0000549	DR097_RS04765	DR083_RS04845
OG0000550	DR097_RS00615	DR083_RS00490
OG0000552	DR097_RS01380	DR083_RS01755
OG0000553	DR097_RS04650	DR083_RS04775
OG0000554	DR097_RS02160	DR083_RS03145
OG0000556	DR097_RS04700	DR083_RS04895
OG0000557	DR097_RS00355	DR083_RS02430
OG0000558	DR097_RS00385	DR083_RS02460
OG0000559	DR097_RS01855	DR083_RS02095
OG0000560	DR097_RS02550	DR083_RS02260
OG0000561	DR097_RS00515	DR083_RS02015
OG0000562	DR097_RS02545	DR083_RS02265
OG0000563	DR097_RS02565	DR083_RS02250
OG0000564	DR097_RS03805	DR083_RS01195
OG0000565	DR097_RS02490	DR083_RS02325
OG0000566	DR097_RS02505	DR083_RS02310
OG0000567	DR097_RS02530	DR083_RS02280
OG0000568	DR097_RS01135	DR083_RS01245
OG0000569	DR097_RS00380	DR083_RS02455
OG0000570	DR097_RS04520	DR083_RS04810
OG0000571	DR097_RS00370	DR083_RS02445
OG0000572	DR097_RS00350	DR083_RS02425
OG0000573	DR097_RS01860	DR083_RS02090
OG0000575	DR097_RS00395	DR083_RS02470
OG0000576	DR097_RS01905	DR083_RS05080
OG0000577	DR097_RS01540	DR083_RS02190
OG0000578	DR097_RS01520	DR083_RS02170
OG0000579	DR097_RS03415	DR083_RS02240
OG0000580	DR097_RS04150	DR083_RS03955
OG0000581	DR097_RS03400	DR083_RS02225
OG0000582	DR097_RS04510	DR083_RS04800
OG0000583	DR097_RS01870	DR083_RS02080
OG0000584	DR097_RS02035	DR083_RS02920, DR083_RS03400
OG0000585	DR097_RS02705	DR083_RS04315
OG0000586	DR097_RS01885	DR083_RS02065
OG0000587	DR097_RS04895	DR083_RS05025
OG0000589	DR097_RS03505	DR083_RS03545
OG0000590	DR097_RS02025	DR083_RS02930
OG0000591	DR097_RS00880	DR083_RS04130
OG0000592	DR097_RS01550	DR083_RS02200
OG0000593	DR097_RS00550	DR083_RS00810
OG0000594	DR097_RS00390	DR083_RS02465
OG0000600	DR097_RS02040	DR083_RS03395
OG0000601	DR097_RS02555	DR083_RS02255
OG0000603	DR097_RS02045	DR083_RS03390
OG0000604	DR097_RS04140	DR083_RS03960
OG0000605	DR097_RS02050	DR083_RS03385
OG0000606	DR097_RS03405	DR083_RS02230
OG0000607	DR097_RS00405	DR083_RS02480
OG0000608	DR097_RS04730	DR083_RS02270
OG0000610	DR097_RS04060	DR083_RS04080
OG0000611	DR097_RS02465	DR083_RS04405
OG0000614	DR097_RS03455	DR083_RS03615
OG0000615	DR097_RS01510	DR083_RS02160
OG0000616	DR097_RS02065	DR083_RS03370
OG0000617	DR097_RS01900	DR083_RS05085
OG0000624	DR097_RS04940	DR083_RS05075
OG0000632	DR097_RS04945	DR083_RS05090
OG0000642	DR097_RS02015	DR083_RS02940
