DR087_RS01760	NZ_QQRK01000010.1	+	509	1237	DR087_RS01760	IDMHP691	+	79469	80197	+
DR087_RS01765	NZ_QQRK01000010.1	+	1265	1570	DR087_RS01765	IDMHP691	+	80225	80530	+
DR087_RS01770	NZ_QQRK01000010.1	+	1624	2190	DR087_RS01770	IDMHP691	+	80584	81150	+
DR087_RS01775	NZ_QQRK01000010.1	+	2190	2753	DR087_RS01775	IDMHP691	+	81150	81713	+
DR087_RS01780	NZ_QQRK01000010.1	+	2772	4295	DR087_RS01780	IDMHP691	+	81732	83255	+
DR087_RS01785	NZ_QQRK01000010.1	+	4324	5154	DR087_RS01785	IDMHP691	+	83284	84114	+
DR087_RS01790	NZ_QQRK01000010.1	+	5172	6587	DR087_RS01790	IDMHP691	+	84132	85547	+
DR087_RS01795	NZ_QQRK01000010.1	+	6574	6834	DR087_RS01795	IDMHP691	+	85534	85794	+
DR087_RS01800	NZ_QQRK01000010.1	+	6942	7427	DR087_RS01800	IDMHP691	+	85902	86387	+
DR087_RS01805	NZ_QQRK01000010.1	+	7650	8606	DR087_RS01805	IDMHP691	+	86610	87566	+
DR087_RS01810	NZ_QQRK01000010.1	+	8631	9542	DR087_RS01810	IDMHP691	+	87591	88502	+
DR087_RS01815	NZ_QQRK01000010.1	+	9627	10949	DR087_RS01815	IDMHP691	+	88587	89909	+
DR087_RS01820	NZ_QQRK01000010.1	+	10977	12344	DR087_RS01820	IDMHP691	+	89937	91304	+
DR087_RS01825	NZ_QQRK01000010.1	+	12337	14178	DR087_RS01825	IDMHP691	+	91297	93138	+
DR087_RS01830	NZ_QQRK01000010.1	+	14199	16229	DR087_RS01830	IDMHP691	+	93159	95189	+
DR087_RS01835	NZ_QQRK01000010.1	+	16236	17009	DR087_RS01835	IDMHP691	+	95196	95969	+
DR087_RS01840	NZ_QQRK01000010.1	+	17003	17833	DR087_RS01840	IDMHP691	+	95963	96793	+
DR087_RS01845	NZ_QQRK01000010.1	+	17851	19095	DR087_RS01845	IDMHP691	+	96811	98055	+
DR087_RS04615	NZ_QQRK01000010.1	+	19168	23868	DR087_RS04615	IDMHP691	+	98128	102828	+
DR087_RS01855	NZ_QQRK01000010.1	+	23982	26819	DR087_RS01855	IDMHP691	+	102942	105779	+
DR087_RS01860	NZ_QQRK01000010.1	-	26877	28427	DR087_RS01860	IDMHP691	+	105837	107387	-
DR087_RS01865	NZ_QQRK01000010.1	+	28545	28853	DR087_RS01865	IDMHP691	+	107505	107813	+
DR087_RS01870	NZ_QQRK01000010.1	+	29041	30843	DR087_RS01870	IDMHP691	+	108001	109803	+
DR087_RS01875	NZ_QQRK01000010.1	+	31071	32195	DR087_RS01875	IDMHP691	+	110031	111155	+
DR087_RS01880	NZ_QQRK01000010.1	+	32254	32943	DR087_RS01880	IDMHP691	+	111214	111903	+
DR087_RS01885	NZ_QQRK01000010.1	+	32961	34262	DR087_RS01885	IDMHP691	+	111921	113222	+
DR087_RS01890	NZ_QQRK01000010.1	+	34314	34586	DR087_RS01890	IDMHP691	+	113274	113546	+
DR087_RS01895	NZ_QQRK01000010.1	+	34589	34819	DR087_RS01895	IDMHP691	+	113549	113779	+
DR087_RS01900	NZ_QQRK01000010.1	+	34820	36616	DR087_RS01900	IDMHP691	+	113780	115576	+
DR087_RS01905	NZ_QQRK01000010.1	+	36687	37634	DR087_RS01905	IDMHP691	+	115647	116594	+
DR087_RS01910	NZ_QQRK01000010.1	-	37951	38805	DR087_RS01910	IDMHP691	+	116911	117765	-
DR087_RS04620	NZ_QQRK01000011.1	-	1	2375	DR087_RS04620	IDMHP691	-	276448	278822	+
DR087_RS01920	NZ_QQRK01000011.1	-	2386	8529	DR087_RS01920	IDMHP691	-	270294	276437	+
DR087_RS01925	NZ_QQRK01000011.1	-	8516	9847	DR087_RS01925	IDMHP691	-	268976	270307	+
DR087_RS01930	NZ_QQRK01000011.1	-	9837	11249	DR087_RS01930	IDMHP691	-	267574	268986	+
DR087_RS01935	NZ_QQRK01000011.1	-	11251	12216	DR087_RS01935	IDMHP691	-	266607	267572	+
DR087_RS01940	NZ_QQRK01000011.1	-	12216	13316	DR087_RS01940	IDMHP691	-	265507	266607	+
DR087_RS01950	NZ_QQRK01000011.1	-	13775	14827	DR087_RS01950	IDMHP691	-	263996	265048	+
DR087_RS01955	NZ_QQRK01000011.1	+	14997	16613	DR087_RS01955	IDMHP691	-	262210	263826	-
DR087_RS01960	NZ_QQRK01000011.1	+	16657	17985	DR087_RS01960	IDMHP691	-	260838	262166	-
DR087_RS01965	NZ_QQRK01000011.1	-	17974	18804	DR087_RS01965	IDMHP691	-	260019	260849	+
DR087_RS01970	NZ_QQRK01000011.1	-	18806	20272	DR087_RS01970	IDMHP691	-	258551	260017	+
DR087_RS01975	NZ_QQRK01000011.1	-	20395	22542	DR087_RS01975	IDMHP691	-	256281	258428	+
DR087_RS01980	NZ_QQRK01000011.1	-	22582	23475	DR087_RS01980	IDMHP691	-	255348	256241	+
DR087_RS01985	NZ_QQRK01000011.1	-	23453	24007	DR087_RS01985	IDMHP691	-	254816	255370	+
DR087_RS01990	NZ_QQRK01000011.1	-	24041	24469	DR087_RS01990	IDMHP691	-	254354	254782	+
DR087_RS01995	NZ_QQRK01000011.1	-	24476	24907	DR087_RS01995	IDMHP691	-	253916	254347	+
DR087_RS02000	NZ_QQRK01000011.1	-	24883	27534	DR087_RS02000	IDMHP691	-	251289	253940	+
DR087_RS02005	NZ_QQRK01000011.1	+	27609	28292	DR087_RS02005	IDMHP691	-	250531	251214	-
DR087_RS02010	NZ_QQRK01000011.1	-	28609	29225	DR087_RS02010	IDMHP691	-	249598	250214	+
DR087_RS04110	NZ_QQRK01000012.1	-	188	319	DR087_RS04110	IDMHP691	+	375896	376027	-
DR087_RS02015	NZ_QQRK01000012.1	+	439	1503	DR087_RS02015	IDMHP691	+	376147	377211	+
DR087_RS02025	NZ_QQRK01000012.1	-	2602	2850	DR087_RS02025	IDMHP691	+	378310	378558	-
DR087_RS02030	NZ_QQRK01000012.1	+	3182	4615	DR087_RS02030	IDMHP691	+	378890	380323	+
DR087_RS02035	NZ_QQRK01000012.1	+	4608	5342	DR087_RS02035	IDMHP691	+	380316	381050	+
DR087_RS02040	NZ_QQRK01000012.1	+	5356	5598	DR087_RS02040	IDMHP691	+	381064	381306	+
DR087_RS02045	NZ_QQRK01000012.1	-	5933	7885	DR087_RS02045	IDMHP691	+	381641	383593	-
DR087_RS04625	NZ_QQRK01000012.1	-	7962	10244	DR087_RS04625	IDMHP691	+	383670	385952	-
DR087_RS02055	NZ_QQRK01000012.1	-	10210	11004	DR087_RS02055	IDMHP691	+	385918	386712	-
DR087_RS04800	NZ_QQRK01000012.1	-	11318	11467	DR087_RS04800	IDMHP691	+	387026	387175	-
DR087_RS02065	NZ_QQRK01000012.1	+	11607	17534	DR087_RS02065	IDMHP691	+	387315	393242	+
DR087_RS02070	NZ_QQRK01000012.1	-	17840	19012	DR087_RS02070	IDMHP691	+	393548	394720	-
DR087_RS02075	NZ_QQRK01000012.1	-	19015	20046	DR087_RS02075	IDMHP691	+	394723	395754	-
DR087_RS02080	NZ_QQRK01000012.1	-	20049	20912	DR087_RS02080	IDMHP691	+	395757	396620	-
DR087_RS02085	NZ_QQRK01000012.1	-	20893	21225	DR087_RS02085	IDMHP691	+	396601	396933	-
DR087_RS02090	NZ_QQRK01000012.1	+	21638	22474	DR087_RS02090	IDMHP691	+	397346	398182	+
DR087_RS02095	NZ_QQRK01000012.1	+	22477	24795	DR087_RS02095	IDMHP691	+	398185	400503	+
DR087_RS04630	NZ_QQRK01000012.1	+	24885	26837	DR087_RS04630	IDMHP691	+	400593	402545	+
DR087_RS02105	NZ_QQRK01000012.1	+	26985	27826	DR087_RS02105	IDMHP691	+	402693	403534	+
DR087_RS04635	NZ_QQRK01000013.1	-	365	1978	DR087_RS04635	IDMHP691	-	835129	836742	+
DR087_RS04640	NZ_QQRK01000013.1	-	1989	3080	DR087_RS04640	IDMHP691	-	834027	835118	+
DR087_RS04645	NZ_QQRK01000013.1	+	4249	5898	DR087_RS04645	IDMHP691	-	831209	832858	-
DR087_RS02125	NZ_QQRK01000013.1	-	5936	8410	DR087_RS02125	IDMHP691	-	828697	831171	+
DR087_RS04650	NZ_QQRK01000013.1	-	8424	10922	DR087_RS04650	IDMHP691	-	826185	828683	+
DR087_RS02135	NZ_QQRK01000013.1	+	11348	11845	DR087_RS02135	IDMHP691	-	825262	825759	-
DR087_RS02140	NZ_QQRK01000013.1	+	11857	12222	DR087_RS02140	IDMHP691	-	824885	825250	-
DR087_RS02145	NZ_QQRK01000013.1	+	12429	16091	DR087_RS02145	IDMHP691	-	821016	824678	-
DR087_RS02150	NZ_QQRK01000013.1	+	16148	20386	DR087_RS02150	IDMHP691	-	816721	820959	-
DR087_RS02155	NZ_QQRK01000013.1	+	20393	20812	DR087_RS02155	IDMHP691	-	816295	816714	-
DR087_RS04655	NZ_QQRK01000013.1	+	20874	22094	DR087_RS04655	IDMHP691	-	815013	816233	-
DR087_RS02165	NZ_QQRK01000013.1	+	22620	24707	DR087_RS02165	IDMHP691	-	812400	814487	-
DR087_RS04660	NZ_QQRK01000013.1	+	24730	27186	DR087_RS04660	IDMHP691	-	809921	812377	-
DR087_RS02175	NZ_QQRK01000014.1	+	1	553	DR087_RS02175	IDMHP691	-	225951	226503	-
DR087_RS02180	NZ_QQRK01000014.1	+	522	1223	DR087_RS02180	IDMHP691	-	225281	225982	-
DR087_RS02185	NZ_QQRK01000014.1	-	1388	1582	DR087_RS02185	IDMHP691	-	224922	225116	+
DR087_RS02190	NZ_QQRK01000014.1	-	1638	1991	DR087_RS02190	IDMHP691	-	224513	224866	+
DR087_RS02195	NZ_QQRK01000014.1	-	2037	2231	DR087_RS02195	IDMHP691	-	224273	224467	+
DR087_RS02200	NZ_QQRK01000014.1	-	2224	2877	DR087_RS02200	IDMHP691	-	223627	224280	+
DR087_RS02205	NZ_QQRK01000014.1	-	3113	4549	DR087_RS02205	IDMHP691	-	221955	223391	+
DR087_RS02210	NZ_QQRK01000014.1	-	4645	5436	DR087_RS02210	IDMHP691	-	221068	221859	+
DR087_RS02215	NZ_QQRK01000014.1	+	5511	5786	DR087_RS02215	IDMHP691	-	220718	220993	-
DR087_RS02220	NZ_QQRK01000014.1	-	5815	6885	DR087_RS02220	IDMHP691	-	219619	220689	+
DR087_RS02225	NZ_QQRK01000014.1	-	6937	7596	DR087_RS02225	IDMHP691	-	218908	219567	+
DR087_RS02230	NZ_QQRK01000014.1	+	7748	8047	DR087_RS02230	IDMHP691	-	218457	218756	-
DR087_RS02235	NZ_QQRK01000014.1	+	8056	8310	DR087_RS02235	IDMHP691	-	218194	218448	-
DR087_RS02240	NZ_QQRK01000014.1	-	8570	9394	DR087_RS02240	IDMHP691	-	217110	217934	+
DR087_RS02245	NZ_QQRK01000014.1	+	9523	9619	DR087_RS02245	IDMHP691	-	216885	216981	-
DR087_RS02250	NZ_QQRK01000014.1	+	9647	10750	DR087_RS02250	IDMHP691	-	215754	216857	-
DR087_RS02255	NZ_QQRK01000014.1	+	10963	12417	DR087_RS02255	IDMHP691	-	214087	215541	-
DR087_RS02260	NZ_QQRK01000014.1	+	12543	13490	DR087_RS02260	IDMHP691	-	213014	213961	-
DR087_RS02265	NZ_QQRK01000014.1	-	13751	13834	DR087_RS02265	IDMHP691	-	212670	212753	+
DR087_RS04665	NZ_QQRK01000014.1	+	13943	16735	DR087_RS04665	IDMHP691	-	209769	212561	-
DR087_RS02275	NZ_QQRK01000014.1	+	16780	17865	DR087_RS02275	IDMHP691	-	208639	209724	-
DR087_RS02280	NZ_QQRK01000014.1	+	17852	18568	DR087_RS02280	IDMHP691	-	207936	208652	-
DR087_RS02285	NZ_QQRK01000014.1	+	18629	20032	DR087_RS02285	IDMHP691	-	206472	207875	-
DR087_RS02290	NZ_QQRK01000014.1	+	20023	20445	DR087_RS02290	IDMHP691	-	206059	206481	-
DR087_RS02295	NZ_QQRK01000014.1	+	20438	20962	DR087_RS02295	IDMHP691	-	205542	206066	-
DR087_RS02300	NZ_QQRK01000014.1	+	20952	21707	DR087_RS02300	IDMHP691	-	204797	205552	-
DR087_RS02305	NZ_QQRK01000014.1	-	21714	21788	DR087_RS02305	IDMHP691	-	204716	204790	+
DR087_RS02310	NZ_QQRK01000014.1	+	21847	22452	DR087_RS02310	IDMHP691	-	204052	204657	-
DR087_RS02315	NZ_QQRK01000014.1	+	22436	23086	DR087_RS02315	IDMHP691	-	203418	204068	-
DR087_RS02320	NZ_QQRK01000014.1	+	23096	23908	DR087_RS02320	IDMHP691	-	202596	203408	-
DR087_RS02325	NZ_QQRK01000015.1	-	96	1253	DR087_RS02325	IDMHP691	-	77608	78765	+
DR087_RS02330	NZ_QQRK01000015.1	-	1298	1630	DR087_RS02330	IDMHP691	-	77231	77563	+
DR087_RS02335	NZ_QQRK01000015.1	-	1725	2933	DR087_RS02335	IDMHP691	-	75928	77136	+
DR087_RS02340	NZ_QQRK01000015.1	-	2937	3308	DR087_RS02340	IDMHP691	-	75553	75924	+
DR087_RS02345	NZ_QQRK01000015.1	-	3393	4652	DR087_RS02345	IDMHP691	-	74209	75468	+
DR087_RS02350	NZ_QQRK01000015.1	-	4654	5463	DR087_RS02350	IDMHP691	-	73398	74207	+
DR087_RS02355	NZ_QQRK01000015.1	+	5617	6630	DR087_RS02355	IDMHP691	-	72231	73244	-
DR087_RS04670	NZ_QQRK01000015.1	+	6752	8173	DR087_RS04670	IDMHP691	-	70688	72109	-
DR087_RS02365	NZ_QQRK01000015.1	+	8227	8460	DR087_RS02365	IDMHP691	-	70401	70634	-
DR087_RS02370	NZ_QQRK01000015.1	+	8466	10550	DR087_RS02370	IDMHP691	-	68311	70395	-
DR087_RS04185	NZ_QQRK01000015.1	-	10650	12569	DR087_RS04185	IDMHP691	-	66292	68211	+
DR087_RS02385	NZ_QQRK01000015.1	-	12668	13678	DR087_RS02385	IDMHP691	-	65183	66193	+
DR087_RS02390	NZ_QQRK01000015.1	+	13889	15817	DR087_RS02390	IDMHP691	-	63044	64972	-
DR087_RS02395	NZ_QQRK01000015.1	+	15810	18350	DR087_RS02395	IDMHP691	-	60511	63051	-
DR087_RS02400	NZ_QQRK01000015.1	+	18350	21010	DR087_RS02400	IDMHP691	-	57851	60511	-
DR087_RS02405	NZ_QQRK01000015.1	+	20988	21581	DR087_RS02405	IDMHP691	-	57280	57873	-
DR087_RS02410	NZ_QQRK01000015.1	-	21698	22201	DR087_RS02410	IDMHP691	-	56660	57163	+
DR087_RS02415	NZ_QQRK01000015.1	-	22437	23702	DR087_RS02415	IDMHP691	-	55159	56424	+
DR087_RS04675	NZ_QQRK01000016.1	-	1	4749	DR087_RS04675	IDMHP691	+	593889	598637	-
DR087_RS02425	NZ_QQRK01000016.1	-	5091	5687	DR087_RS02425	IDMHP691	+	598979	599575	-
DR087_RS02430	NZ_QQRK01000016.1	-	5829	6626	DR087_RS02430	IDMHP691	+	599717	600514	-
DR087_RS02435	NZ_QQRK01000016.1	-	6703	6778	DR087_RS02435	IDMHP691	+	600591	600666	-
DR087_RS02440	NZ_QQRK01000016.1	-	6879	8015	DR087_RS02440	IDMHP691	+	600767	601903	-
DR087_RS02445	NZ_QQRK01000016.1	-	8103	8990	DR087_RS02445	IDMHP691	+	601991	602878	-
DR087_RS02450	NZ_QQRK01000016.1	-	9111	17066	DR087_RS02450	IDMHP691	+	602999	610954	-
DR087_RS02455	NZ_QQRK01000016.1	+	17258	17842	DR087_RS02455	IDMHP691	+	611146	611730	+
DR087_RS02460	NZ_QQRK01000016.1	+	17856	18461	DR087_RS02460	IDMHP691	+	611744	612349	+
DR087_RS04805	NZ_QQRK01000016.1	+	18520	18741	DR087_RS04805	IDMHP691	+	612408	612629	+
DR087_RS02470	NZ_QQRK01000016.1	+	18759	19196	DR087_RS02470	IDMHP691	+	612647	613084	+
DR087_RS02475	NZ_QQRK01000016.1	+	19174	20088	DR087_RS02475	IDMHP691	+	613062	613976	+
DR087_RS02480	NZ_QQRK01000016.1	-	20147	20842	DR087_RS02480	IDMHP691	+	614035	614730	-
DR087_RS02485	NZ_QQRK01000016.1	-	20844	21293	DR087_RS02485	IDMHP691	+	614732	615181	-
DR087_RS02490	NZ_QQRK01000016.1	-	21507	21591	DR087_RS02490	IDMHP691	+	615395	615479	-
DR087_RS02495	NZ_QQRK01000016.1	-	21597	21689	DR087_RS02495	IDMHP691	+	615485	615577	-
DR087_RS02500	NZ_QQRK01000017.1	-	1	645	DR087_RS02500	IDMHP691	+	180706	181350	-
DR087_RS03750	NZ_QQRK01000017.1	-	668	817	DR087_RS03750	IDMHP691	+	181373	181522	-
DR087_RS04200	NZ_QQRK01000017.1	-	870	1118	DR087_RS04200	IDMHP691	+	181575	181823	-
DR087_RS04205	NZ_QQRK01000017.1	-	1335	1478	DR087_RS04205	IDMHP691	+	182040	182183	-
DR087_RS04210	NZ_QQRK01000017.1	-	1676	2266	DR087_RS04210	IDMHP691	+	182381	182971	-
DR087_RS04680	NZ_QQRK01000017.1	-	2268	3503	DR087_RS04680	IDMHP691	+	182973	184208	-
DR087_RS04220	NZ_QQRK01000017.1	-	3494	4261	DR087_RS04220	IDMHP691	+	184199	184966	-
DR087_RS02520	NZ_QQRK01000017.1	-	4761	5483	DR087_RS02520	IDMHP691	+	185466	186188	-
DR087_RS02525	NZ_QQRK01000017.1	-	5464	5892	DR087_RS02525	IDMHP691	+	186169	186597	-
DR087_RS02530	NZ_QQRK01000017.1	-	5885	7030	DR087_RS02530	IDMHP691	+	186590	187735	-
DR087_RS02535	NZ_QQRK01000017.1	-	7023	7736	DR087_RS02535	IDMHP691	+	187728	188441	-
DR087_RS02540	NZ_QQRK01000017.1	-	7737	8198	DR087_RS02540	IDMHP691	+	188442	188903	-
DR087_RS04685	NZ_QQRK01000017.1	-	8170	8931	DR087_RS04685	IDMHP691	+	188875	189636	-
DR087_RS02550	NZ_QQRK01000017.1	-	9153	10349	DR087_RS02550	IDMHP691	+	189858	191054	-
DR087_RS04690	NZ_QQRK01000017.1	+	10427	12466	DR087_RS04690	IDMHP691	+	191132	193171	+
DR087_RS02560	NZ_QQRK01000017.1	+	12438	12821	DR087_RS02560	IDMHP691	+	193143	193526	+
DR087_RS02565	NZ_QQRK01000017.1	+	12839	13291	DR087_RS02565	IDMHP691	+	193544	193996	+
DR087_RS02570	NZ_QQRK01000017.1	+	13291	13686	DR087_RS02570	IDMHP691	+	193996	194391	+
DR087_RS02575	NZ_QQRK01000017.1	+	13693	14574	DR087_RS02575	IDMHP691	+	194398	195279	+
DR087_RS04695	NZ_QQRK01000017.1	+	15053	15733	DR087_RS04695	IDMHP691	+	195758	196438	+
DR087_RS02585	NZ_QQRK01000017.1	+	15760	16320	DR087_RS02585	IDMHP691	+	196465	197025	+
DR087_RS02590	NZ_QQRK01000017.1	+	16301	16894	DR087_RS02590	IDMHP691	+	197006	197599	+
DR087_RS02595	NZ_QQRK01000017.1	+	16895	17752	DR087_RS02595	IDMHP691	+	197600	198457	+
DR087_RS02600	NZ_QQRK01000017.1	+	17733	18383	DR087_RS02600	IDMHP691	+	198438	199088	+
DR087_RS03755	NZ_QQRK01000017.1	-	18459	18881	DR087_RS03755	IDMHP691	+	199164	199586	-
DR087_RS02610	NZ_QQRK01000017.1	-	19026	20354	DR087_RS02610	IDMHP691	+	199731	201059	-
DR087_RS04700	NZ_QQRK01000017.1	-	20550	21774	DR087_RS04700	IDMHP691	+	201255	202479	-
DR087_RS02620	NZ_QQRK01000018.1	+	1	659	DR087_RS02620	IDMHP691	-	179947	180605	-
DR087_RS02625	NZ_QQRK01000018.1	-	745	1107	DR087_RS02625	IDMHP691	-	179499	179861	+
DR087_RS02630	NZ_QQRK01000018.1	-	1110	2108	DR087_RS02630	IDMHP691	-	178498	179496	+
DR087_RS02635	NZ_QQRK01000018.1	-	2115	2519	DR087_RS02635	IDMHP691	-	178087	178491	+
DR087_RS02640	NZ_QQRK01000018.1	-	2522	2935	DR087_RS02640	IDMHP691	-	177671	178084	+
DR087_RS02645	NZ_QQRK01000018.1	-	3082	3195	DR087_RS02645	IDMHP691	-	177411	177524	+
DR087_RS02650	NZ_QQRK01000018.1	-	3241	3468	DR087_RS02650	IDMHP691	-	177138	177365	+
DR087_RS02655	NZ_QQRK01000018.1	-	3469	4221	DR087_RS02655	IDMHP691	-	176385	177137	+
DR087_RS02660	NZ_QQRK01000018.1	-	4212	4850	DR087_RS02660	IDMHP691	-	175756	176394	+
DR087_RS02665	NZ_QQRK01000018.1	-	4896	6317	DR087_RS02665	IDMHP691	-	174289	175710	+
DR087_RS02670	NZ_QQRK01000018.1	-	6317	6760	DR087_RS02670	IDMHP691	-	173846	174289	+
DR087_RS02675	NZ_QQRK01000018.1	-	6872	7522	DR087_RS02675	IDMHP691	-	173084	173734	+
DR087_RS02680	NZ_QQRK01000018.1	-	7524	7889	DR087_RS02680	IDMHP691	-	172717	173082	+
DR087_RS02685	NZ_QQRK01000018.1	-	7892	8431	DR087_RS02685	IDMHP691	-	172175	172714	+
DR087_RS02690	NZ_QQRK01000018.1	-	8438	8833	DR087_RS02690	IDMHP691	-	171773	172168	+
DR087_RS02695	NZ_QQRK01000018.1	-	8839	9024	DR087_RS02695	IDMHP691	-	171582	171767	+
DR087_RS02700	NZ_QQRK01000018.1	-	9072	9617	DR087_RS02700	IDMHP691	-	170989	171534	+
DR087_RS02705	NZ_QQRK01000018.1	-	9621	9944	DR087_RS02705	IDMHP691	-	170662	170985	+
DR087_RS02710	NZ_QQRK01000018.1	-	9949	10317	DR087_RS02710	IDMHP691	-	170289	170657	+
DR087_RS02715	NZ_QQRK01000018.1	-	10319	10606	DR087_RS02715	IDMHP691	-	170000	170287	+
DR087_RS02720	NZ_QQRK01000018.1	-	10599	10964	DR087_RS02720	IDMHP691	-	169642	170007	+
DR087_RS02725	NZ_QQRK01000018.1	-	10972	11382	DR087_RS02725	IDMHP691	-	169224	169634	+
DR087_RS02730	NZ_QQRK01000018.1	-	11385	12068	DR087_RS02730	IDMHP691	-	168538	169221	+
DR087_RS04810	NZ_QQRK01000018.1	-	12068	12679	DR087_RS04810	IDMHP691	-	167927	168538	+
DR087_RS02740	NZ_QQRK01000018.1	-	12693	12965	DR087_RS02740	IDMHP691	-	167641	167913	+
DR087_RS02745	NZ_QQRK01000018.1	-	12965	13813	DR087_RS02745	IDMHP691	-	166793	167641	+
DR087_RS02750	NZ_QQRK01000018.1	-	13934	14437	DR087_RS02750	IDMHP691	-	166169	166672	+
DR087_RS02755	NZ_QQRK01000018.1	-	14441	15085	DR087_RS02755	IDMHP691	-	165521	166165	+
DR087_RS02760	NZ_QQRK01000018.1	-	15078	15770	DR087_RS02760	IDMHP691	-	164836	165528	+
DR087_RS02765	NZ_QQRK01000018.1	-	15772	16092	DR087_RS02765	IDMHP691	-	164514	164834	+
DR087_RS02770	NZ_QQRK01000018.1	+	16663	17091	DR087_RS02770	IDMHP691	-	163515	163943	-
DR087_RS02775	NZ_QQRK01000018.1	+	17505	20777	DR087_RS02775	IDMHP691	-	159829	163101	-
DR087_RS02785	NZ_QQRK01000019.1	-	396	2558	DR087_RS02785	IDMHP691	+	279318	281480	-
DR087_RS02790	NZ_QQRK01000019.1	-	2613	3065	DR087_RS02790	IDMHP691	+	281535	281987	-
DR087_RS02795	NZ_QQRK01000019.1	-	3067	4128	DR087_RS02795	IDMHP691	+	281989	283050	-
DR087_RS02800	NZ_QQRK01000019.1	+	4498	4644	DR087_RS02800	IDMHP691	+	283420	283566	+
DR087_RS02805	NZ_QQRK01000019.1	-	4785	6041	DR087_RS02805	IDMHP691	+	283707	284963	-
DR087_RS02810	NZ_QQRK01000019.1	+	6539	8008	DR087_RS02810	IDMHP691	+	285461	286930	+
DR087_RS02815	NZ_QQRK01000019.1	+	8008	9024	DR087_RS02815	IDMHP691	+	286930	287946	+
DR087_RS02820	NZ_QQRK01000019.1	+	9008	9814	DR087_RS02820	IDMHP691	+	287930	288736	+
DR087_RS02825	NZ_QQRK01000019.1	+	9804	10823	DR087_RS02825	IDMHP691	+	288726	289745	+
DR087_RS04705	NZ_QQRK01000019.1	+	10823	12269	DR087_RS04705	IDMHP691	+	289745	291191	+
DR087_RS04265	NZ_QQRK01000019.1	+	12280	12807	DR087_RS04265	IDMHP691	+	291202	291729	+
DR087_RS02835	NZ_QQRK01000019.1	+	12807	13709	DR087_RS02835	IDMHP691	+	291729	292631	+
DR087_RS04710	NZ_QQRK01000019.1	+	13721	15250	DR087_RS04710	IDMHP691	+	292643	294172	+
DR087_RS04715	NZ_QQRK01000019.1	+	15263	17077	DR087_RS04715	IDMHP691	+	294185	295999	+
DR087_RS02850	NZ_QQRK01000019.1	+	17100	18305	DR087_RS02850	IDMHP691	+	296022	297227	+
DR087_RS02855	NZ_QQRK01000019.1	+	18328	19371	DR087_RS02855	IDMHP691	+	297250	298293	+
DR087_RS00005	NZ_QQRK01000001.1	-	332	1078	DR087_RS00005	IDMHP691	+	448835	449581	-
DR087_RS00010	NZ_QQRK01000001.1	-	1092	2624	DR087_RS00010	IDMHP691	+	449595	451127	-
DR087_RS00015	NZ_QQRK01000001.1	+	2963	4228	DR087_RS00015	IDMHP691	+	451466	452731	+
DR087_RS00020	NZ_QQRK01000001.1	+	4212	4982	DR087_RS00020	IDMHP691	+	452715	453485	+
DR087_RS00025	NZ_QQRK01000001.1	+	4975	6681	DR087_RS00025	IDMHP691	+	453478	455184	+
DR087_RS00030	NZ_QQRK01000001.1	+	6790	7266	DR087_RS00030	IDMHP691	+	455293	455769	+
DR087_RS04395	NZ_QQRK01000001.1	+	7434	8570	DR087_RS04395	IDMHP691	+	455937	457073	+
DR087_RS00040	NZ_QQRK01000001.1	+	8489	9418	DR087_RS00040	IDMHP691	+	456992	457921	+
DR087_RS04400	NZ_QQRK01000001.1	+	9735	11948	DR087_RS04400	IDMHP691	+	458238	460451	+
DR087_RS04405	NZ_QQRK01000001.1	+	11969	14080	DR087_RS04405	IDMHP691	+	460472	462583	+
DR087_RS04410	NZ_QQRK01000001.1	+	14107	15039	DR087_RS04410	IDMHP691	+	462610	463542	+
DR087_RS04415	NZ_QQRK01000001.1	+	15053	17230	DR087_RS04415	IDMHP691	+	463556	465733	+
DR087_RS00065	NZ_QQRK01000001.1	+	17230	18240	DR087_RS00065	IDMHP691	+	465733	466743	+
DR087_RS00070	NZ_QQRK01000001.1	+	18203	19168	DR087_RS00070	IDMHP691	+	466706	467671	+
DR087_RS03730	NZ_QQRK01000001.1	+	19172	19339	DR087_RS03730	IDMHP691	+	467675	467842	+
DR087_RS04420	NZ_QQRK01000001.1	-	19500	22364	DR087_RS04420	IDMHP691	+	468003	470867	-
DR087_RS00080	NZ_QQRK01000001.1	-	22377	25322	DR087_RS00080	IDMHP691	+	470880	473825	-
DR087_RS00085	NZ_QQRK01000001.1	-	25487	25966	DR087_RS00085	IDMHP691	+	473990	474469	-
DR087_RS00090	NZ_QQRK01000001.1	-	25991	26281	DR087_RS00090	IDMHP691	+	474494	474784	-
DR087_RS00095	NZ_QQRK01000001.1	-	26709	28478	DR087_RS00095	IDMHP691	+	475212	476981	-
DR087_RS00100	NZ_QQRK01000001.1	-	28542	29594	DR087_RS00100	IDMHP691	+	477045	478097	-
DR087_RS00105	NZ_QQRK01000001.1	-	29780	31594	DR087_RS00105	IDMHP691	+	478283	480097	-
DR087_RS00110	NZ_QQRK01000001.1	+	31738	32898	DR087_RS00110	IDMHP691	+	480241	481401	+
DR087_RS00115	NZ_QQRK01000001.1	+	32843	33823	DR087_RS00115	IDMHP691	+	481346	482326	+
DR087_RS00120	NZ_QQRK01000001.1	+	33807	34646	DR087_RS00120	IDMHP691	+	482310	483149	+
DR087_RS00125	NZ_QQRK01000001.1	+	34656	35222	DR087_RS00125	IDMHP691	+	483159	483725	+
DR087_RS00130	NZ_QQRK01000001.1	+	35333	37633	DR087_RS00130	IDMHP691	+	483836	486136	+
DR087_RS00135	NZ_QQRK01000001.1	-	37730	38062	DR087_RS00135	IDMHP691	+	486233	486565	-
DR087_RS00140	NZ_QQRK01000001.1	-	38129	39568	DR087_RS00140	IDMHP691	+	486632	488071	-
DR087_RS00145	NZ_QQRK01000001.1	-	39613	39687	DR087_RS00145	IDMHP691	+	488116	488190	-
DR087_RS00150	NZ_QQRK01000001.1	-	39692	39775	DR087_RS00150	IDMHP691	+	488195	488278	-
DR087_RS00160	NZ_QQRK01000001.1	+	40024	41385	DR087_RS00160	IDMHP691	+	488527	489888	+
DR087_RS03810	NZ_QQRK01000001.1	+	41747	42511	DR087_RS03810	IDMHP691	+	490250	491014	+
DR087_RS00170	NZ_QQRK01000001.1	+	42483	42647	DR087_RS00170	IDMHP691	+	490986	491150	+
DR087_RS00175	NZ_QQRK01000001.1	+	42650	42832	DR087_RS00175	IDMHP691	+	491153	491335	+
DR087_RS00180	NZ_QQRK01000001.1	-	42944	44332	DR087_RS00180	IDMHP691	+	491447	492835	-
DR087_RS00185	NZ_QQRK01000001.1	+	45105	45545	DR087_RS00185	IDMHP691	+	493608	494048	+
DR087_RS00190	NZ_QQRK01000001.1	+	45547	46437	DR087_RS00190	IDMHP691	+	494050	494940	+
DR087_RS00195	NZ_QQRK01000001.1	+	46468	47451	DR087_RS00195	IDMHP691	+	494971	495954	+
DR087_RS00200	NZ_QQRK01000001.1	+	47679	48692	DR087_RS00200	IDMHP691	+	496182	497195	+
DR087_RS00205	NZ_QQRK01000001.1	+	48682	49452	DR087_RS00205	IDMHP691	+	497185	497955	+
DR087_RS00210	NZ_QQRK01000001.1	+	49445	50986	DR087_RS00210	IDMHP691	+	497948	499489	+
DR087_RS00215	NZ_QQRK01000001.1	-	50983	51858	DR087_RS00215	IDMHP691	+	499486	500361	-
DR087_RS00220	NZ_QQRK01000001.1	-	52060	52743	DR087_RS00220	IDMHP691	+	500563	501246	-
DR087_RS00225	NZ_QQRK01000001.1	-	52808	53335	DR087_RS00225	IDMHP691	+	501311	501838	-
DR087_RS00230	NZ_QQRK01000001.1	+	53524	55197	DR087_RS00230	IDMHP691	+	502027	503700	+
DR087_RS00235	NZ_QQRK01000001.1	+	55807	57156	DR087_RS00235	IDMHP691	+	504310	505659	+
DR087_RS00240	NZ_QQRK01000001.1	+	57170	57811	DR087_RS00240	IDMHP691	+	505673	506314	+
DR087_RS00245	NZ_QQRK01000001.1	+	57813	60074	DR087_RS00245	IDMHP691	+	506316	508577	+
DR087_RS00250	NZ_QQRK01000001.1	+	60076	61500	DR087_RS00250	IDMHP691	+	508579	510003	+
DR087_RS00255	NZ_QQRK01000001.1	+	61604	62269	DR087_RS00255	IDMHP691	+	510107	510772	+
DR087_RS00260	NZ_QQRK01000001.1	+	62247	63203	DR087_RS00260	IDMHP691	+	510750	511706	+
DR087_RS04425	NZ_QQRK01000001.1	-	63219	65111	DR087_RS04425	IDMHP691	+	511722	513614	-
DR087_RS00270	NZ_QQRK01000001.1	-	65138	66286	DR087_RS00270	IDMHP691	+	513641	514789	-
DR087_RS00275	NZ_QQRK01000001.1	+	66437	67810	DR087_RS00275	IDMHP691	+	514940	516313	+
DR087_RS00280	NZ_QQRK01000001.1	+	67826	68713	DR087_RS00280	IDMHP691	+	516329	517216	+
DR087_RS00285	NZ_QQRK01000001.1	+	68723	69118	DR087_RS00285	IDMHP691	+	517226	517621	+
DR087_RS04430	NZ_QQRK01000001.1	+	69143	71488	DR087_RS04430	IDMHP691	+	517646	519991	+
DR087_RS03825	NZ_QQRK01000001.1	+	71481	72506	DR087_RS03825	IDMHP691	+	519984	521009	+
DR087_RS00300	NZ_QQRK01000001.1	+	72700	73689	DR087_RS00300	IDMHP691	+	521203	522192	+
DR087_RS00305	NZ_QQRK01000001.1	+	73816	74001	DR087_RS00305	IDMHP691	+	522319	522504	+
DR087_RS00310	NZ_QQRK01000001.1	+	74014	74400	DR087_RS00310	IDMHP691	+	522517	522903	+
DR087_RS00315	NZ_QQRK01000001.1	+	74421	76154	DR087_RS00315	IDMHP691	+	522924	524657	+
DR087_RS04435	NZ_QQRK01000001.1	+	76132	78834	DR087_RS04435	IDMHP691	+	524635	527337	+
DR087_RS00325	NZ_QQRK01000001.1	+	78827	79807	DR087_RS00325	IDMHP691	+	527330	528310	+
DR087_RS00330	NZ_QQRK01000001.1	+	79809	83435	DR087_RS00330	IDMHP691	+	528312	531938	+
DR087_RS00335	NZ_QQRK01000001.1	-	83507	83767	DR087_RS00335	IDMHP691	+	532010	532270	-
DR087_RS00340	NZ_QQRK01000001.1	-	83807	85453	DR087_RS00340	IDMHP691	+	532310	533956	-
DR087_RS00345	NZ_QQRK01000001.1	-	85458	85664	DR087_RS00345	IDMHP691	+	533961	534167	-
DR087_RS00350	NZ_QQRK01000001.1	+	85785	87002	DR087_RS00350	IDMHP691	+	534288	535505	+
DR087_RS02860	NZ_QQRK01000020.1	-	1	552	DR087_RS02860	IDMHP691	+	141530	142081	-
DR087_RS02865	NZ_QQRK01000020.1	-	748	1080	DR087_RS02865	IDMHP691	+	142277	142609	-
DR087_RS02870	NZ_QQRK01000020.1	+	1235	2800	DR087_RS02870	IDMHP691	+	142764	144329	+
DR087_RS02875	NZ_QQRK01000020.1	-	2823	3410	DR087_RS02875	IDMHP691	+	144352	144939	-
DR087_RS02880	NZ_QQRK01000020.1	+	3567	3640	DR087_RS02880	IDMHP691	+	145096	145169	+
DR087_RS02885	NZ_QQRK01000020.1	+	3781	4272	DR087_RS02885	IDMHP691	+	145310	145801	+
DR087_RS04280	NZ_QQRK01000020.1	-	4506	4640	DR087_RS04280	IDMHP691	+	146035	146169	-
DR087_RS02890	NZ_QQRK01000020.1	+	4816	5802	DR087_RS02890	IDMHP691	+	146345	147331	+
DR087_RS02895	NZ_QQRK01000020.1	+	5939	6856	DR087_RS02895	IDMHP691	+	147468	148385	+
DR087_RS02900	NZ_QQRK01000020.1	+	6881	10324	DR087_RS02900	IDMHP691	+	148410	151853	+
DR087_RS04720	NZ_QQRK01000020.1	+	10333	13263	DR087_RS04720	IDMHP691	+	151862	154792	+
DR087_RS02910	NZ_QQRK01000020.1	-	13268	15346	DR087_RS02910	IDMHP691	+	154797	156875	-
DR087_RS02915	NZ_QQRK01000020.1	+	15529	16257	DR087_RS02915	IDMHP691	+	157058	157786	+
DR087_RS02920	NZ_QQRK01000020.1	+	16377	16643	DR087_RS02920	IDMHP691	+	157906	158172	+
DR087_RS02925	NZ_QQRK01000020.1	+	16774	17157	DR087_RS02925	IDMHP691	+	158303	158686	+
DR087_RS02930	NZ_QQRK01000020.1	-	17223	18124	DR087_RS02930	IDMHP691	+	158752	159653	-
DR087_RS02935	NZ_QQRK01000021.1	-	375	1754	DR087_RS02935	IDMHP691	+	619560	620939	-
DR087_RS02940	NZ_QQRK01000021.1	-	1898	2503	DR087_RS02940	IDMHP691	+	621083	621688	-
DR087_RS02945	NZ_QQRK01000021.1	-	2527	3306	DR087_RS02945	IDMHP691	+	621712	622491	-
DR087_RS02950	NZ_QQRK01000021.1	-	3459	4400	DR087_RS02950	IDMHP691	+	622644	623585	-
DR087_RS02955	NZ_QQRK01000021.1	-	4405	6468	DR087_RS02955	IDMHP691	+	623590	625653	-
DR087_RS02960	NZ_QQRK01000021.1	-	6468	7184	DR087_RS02960	IDMHP691	+	625653	626369	-
DR087_RS02965	NZ_QQRK01000021.1	-	7184	8965	DR087_RS02965	IDMHP691	+	626369	628150	-
DR087_RS02970	NZ_QQRK01000021.1	+	9147	10061	DR087_RS02970	IDMHP691	+	628332	629246	+
DR087_RS02975	NZ_QQRK01000021.1	+	10136	11872	DR087_RS02975	IDMHP691	+	629321	631057	+
DR087_RS02980	NZ_QQRK01000021.1	+	12046	12786	DR087_RS02980	IDMHP691	+	631231	631971	+
DR087_RS02985	NZ_QQRK01000021.1	+	12786	13514	DR087_RS02985	IDMHP691	+	631971	632699	+
DR087_RS02990	NZ_QQRK01000021.1	-	13544	14200	DR087_RS02990	IDMHP691	+	632729	633385	-
DR087_RS02995	NZ_QQRK01000021.1	-	14181	15266	DR087_RS02995	IDMHP691	+	633366	634451	-
DR087_RS03000	NZ_QQRK01000021.1	-	15270	16190	DR087_RS03000	IDMHP691	+	634455	635375	-
DR087_RS03005	NZ_QQRK01000022.1	-	1	1285	DR087_RS03005	IDMHP691	+	117866	119150	-
DR087_RS03010	NZ_QQRK01000022.1	-	1298	1768	DR087_RS03010	IDMHP691	+	119163	119633	-
DR087_RS03015	NZ_QQRK01000022.1	-	1820	2239	DR087_RS03015	IDMHP691	+	119685	120104	-
DR087_RS03020	NZ_QQRK01000022.1	-	2371	2763	DR087_RS03020	IDMHP691	+	120236	120628	-
DR087_RS03025	NZ_QQRK01000022.1	-	2767	3279	DR087_RS03025	IDMHP691	+	120632	121144	-
DR087_RS03030	NZ_QQRK01000022.1	-	3270	3770	DR087_RS03030	IDMHP691	+	121135	121635	-
DR087_RS03035	NZ_QQRK01000022.1	+	4035	5381	DR087_RS03035	IDMHP691	+	121900	123246	+
DR087_RS03040	NZ_QQRK01000022.1	+	5596	6978	DR087_RS03040	IDMHP691	+	123461	124843	+
DR087_RS03045	NZ_QQRK01000022.1	-	7161	8444	DR087_RS03045	IDMHP691	+	125026	126309	-
DR087_RS03050	NZ_QQRK01000022.1	-	8449	9147	DR087_RS03050	IDMHP691	+	126314	127012	-
DR087_RS03060	NZ_QQRK01000022.1	-	9864	12815	DR087_RS03060	IDMHP691	+	127729	130680	-
DR087_RS03065	NZ_QQRK01000022.1	-	13126	13201	DR087_RS03065	IDMHP691	+	130991	131066	-
DR087_RS03070	NZ_QQRK01000022.1	-	13203	13278	DR087_RS03070	IDMHP691	+	131068	131143	-
DR087_RS03075	NZ_QQRK01000022.1	-	13281	13355	DR087_RS03075	IDMHP691	+	131146	131220	-
DR087_RS03080	NZ_QQRK01000022.1	-	13407	13497	DR087_RS03080	IDMHP691	+	131272	131362	-
DR087_RS03085	NZ_QQRK01000022.1	-	13502	13577	DR087_RS03085	IDMHP691	+	131367	131442	-
DR087_RS03090	NZ_QQRK01000022.1	-	13633	13709	DR087_RS03090	IDMHP691	+	131498	131574	-
DR087_RS03095	NZ_QQRK01000022.1	-	13714	13790	DR087_RS03095	IDMHP691	+	131579	131655	-
DR087_RS03100	NZ_QQRK01000022.1	-	13797	13873	DR087_RS03100	IDMHP691	+	131662	131738	-
DR087_RS03105	NZ_QQRK01000022.1	-	13955	14031	DR087_RS03105	IDMHP691	+	131820	131896	-
DR087_RS03110	NZ_QQRK01000022.1	+	14082	14900	DR087_RS03110	IDMHP691	+	131947	132765	+
DR087_RS03115	NZ_QQRK01000022.1	-	15175	16239	DR087_RS03115	IDMHP691	+	133040	134104	-
DR087_RS03125	NZ_QQRK01000023.1	+	456	531	DR087_RS03125	IDMHP691	+	230092	230167	+
DR087_RS03130	NZ_QQRK01000023.1	-	652	1656	DR087_RS03130	IDMHP691	+	230288	231292	-
DR087_RS03135	NZ_QQRK01000023.1	-	1656	2780	DR087_RS03135	IDMHP691	+	231292	232416	-
DR087_RS03140	NZ_QQRK01000023.1	-	2970	3485	DR087_RS03140	IDMHP691	+	232606	233121	-
DR087_RS03145	NZ_QQRK01000023.1	-	3498	5087	DR087_RS03145	IDMHP691	+	233134	234723	-
DR087_RS03150	NZ_QQRK01000023.1	-	5172	6389	DR087_RS03150	IDMHP691	+	234808	236025	-
DR087_RS03155	NZ_QQRK01000023.1	+	6616	6701	DR087_RS03155	IDMHP691	+	236252	236337	+
DR087_RS03160	NZ_QQRK01000023.1	+	6705	6780	DR087_RS03160	IDMHP691	+	236341	236416	+
DR087_RS03165	NZ_QQRK01000023.1	+	6850	7818	DR087_RS03165	IDMHP691	+	236486	237454	+
DR087_RS03170	NZ_QQRK01000023.1	+	8291	10210	DR087_RS03170	IDMHP691	+	237927	239846	+
DR087_RS03175	NZ_QQRK01000023.1	+	10474	13590	DR087_RS03175	IDMHP691	+	240110	243226	+
DR087_RS03180	NZ_QQRK01000024.1	-	367	1119	DR087_RS03180	IDMHP691	-	374490	375242	+
DR087_RS03185	NZ_QQRK01000024.1	+	1239	2081	DR087_RS03185	IDMHP691	-	373528	374370	-
DR087_RS03190	NZ_QQRK01000024.1	+	2120	3262	DR087_RS03190	IDMHP691	-	372347	373489	-
DR087_RS03195	NZ_QQRK01000024.1	+	3811	4635	DR087_RS03195	IDMHP691	-	370974	371798	-
DR087_RS03205	NZ_QQRK01000024.1	+	5394	6119	DR087_RS03205	IDMHP691	-	369490	370215	-
DR087_RS03210	NZ_QQRK01000024.1	+	6137	6697	DR087_RS03210	IDMHP691	-	368912	369472	-
DR087_RS03215	NZ_QQRK01000024.1	+	6715	6978	DR087_RS03215	IDMHP691	-	368631	368894	-
DR087_RS03220	NZ_QQRK01000024.1	+	6988	8091	DR087_RS03220	IDMHP691	-	367518	368621	-
DR087_RS04725	NZ_QQRK01000024.1	-	8533	9648	DR087_RS04725	IDMHP691	-	365961	367076	+
DR087_RS04730	NZ_QQRK01000024.1	-	9660	11669	DR087_RS04730	IDMHP691	-	363940	365949	+
DR087_RS03235	NZ_QQRK01000024.1	-	11798	12133	DR087_RS03235	IDMHP691	-	363476	363811	+
DR087_RS03240	NZ_QQRK01000024.1	+	12255	12596	DR087_RS03240	IDMHP691	-	363013	363354	-
DR087_RS03245	NZ_QQRK01000025.1	-	87	1040	DR087_RS03245	IDMHP691	+	685235	686188	-
DR087_RS03250	NZ_QQRK01000025.1	-	1159	2172	DR087_RS03250	IDMHP691	+	686307	687320	-
DR087_RS03255	NZ_QQRK01000025.1	-	2177	2596	DR087_RS03255	IDMHP691	+	687325	687744	-
DR087_RS04300	NZ_QQRK01000025.1	-	2821	3213	DR087_RS04300	IDMHP691	+	687969	688361	-
DR087_RS03265	NZ_QQRK01000025.1	-	3194	4084	DR087_RS03265	IDMHP691	+	688342	689232	-
DR087_RS03270	NZ_QQRK01000025.1	+	4334	5593	DR087_RS03270	IDMHP691	+	689482	690741	+
DR087_RS03275	NZ_QQRK01000025.1	+	5720	7258	DR087_RS03275	IDMHP691	+	690868	692406	+
DR087_RS03280	NZ_QQRK01000025.1	+	7258	8508	DR087_RS03280	IDMHP691	+	692406	693656	+
DR087_RS03285	NZ_QQRK01000025.1	+	8480	9076	DR087_RS03285	IDMHP691	+	693628	694224	+
DR087_RS03290	NZ_QQRK01000025.1	+	9063	9956	DR087_RS03290	IDMHP691	+	694211	695104	+
DR087_RS04305	NZ_QQRK01000025.1	-	10196	10462	DR087_RS04305	IDMHP691	+	695344	695610	-
DR087_RS03300	NZ_QQRK01000026.1	-	217	672	DR087_RS03300	IDMHP691	-	308698	309153	+
DR087_RS03305	NZ_QQRK01000026.1	-	747	2450	DR087_RS03305	IDMHP691	-	306920	308623	+
DR087_RS03310	NZ_QQRK01000026.1	-	2443	3729	DR087_RS03310	IDMHP691	-	305641	306927	+
DR087_RS03315	NZ_QQRK01000026.1	-	3819	6416	DR087_RS03315	IDMHP691	-	302954	305551	+
DR087_RS03320	NZ_QQRK01000026.1	+	7136	7864	DR087_RS03320	IDMHP691	-	301506	302234	-
DR087_RS03325	NZ_QQRK01000026.1	+	7845	8423	DR087_RS03325	IDMHP691	-	300947	301525	-
DR087_RS03330	NZ_QQRK01000026.1	+	8618	9235	DR087_RS03330	IDMHP691	-	300135	300752	-
DR087_RS03335	NZ_QQRK01000026.1	+	9239	9798	DR087_RS03335	IDMHP691	-	299572	300131	-
DR087_RS03340	NZ_QQRK01000027.1	-	168	947	DR087_RS03340	IDMHP691	-	747075	747854	+
DR087_RS03345	NZ_QQRK01000027.1	+	981	2456	DR087_RS03345	IDMHP691	-	745566	747041	-
DR087_RS03350	NZ_QQRK01000027.1	+	2456	3559	DR087_RS03350	IDMHP691	-	744463	745566	-
DR087_RS03355	NZ_QQRK01000027.1	+	3550	3978	DR087_RS03355	IDMHP691	-	744044	744472	-
DR087_RS03360	NZ_QQRK01000027.1	+	4299	8386	DR087_RS03360	IDMHP691	-	739636	743723	-
DR087_RS03365	NZ_QQRK01000028.1	-	320	1834	DR087_RS03365	IDMHP691	+	748441	749955	-
DR087_RS03370	NZ_QQRK01000028.1	-	1850	2125	DR087_RS03370	IDMHP691	+	749971	750246	-
DR087_RS03375	NZ_QQRK01000028.1	-	2115	2570	DR087_RS03375	IDMHP691	+	750236	750691	-
DR087_RS03380	NZ_QQRK01000028.1	-	2557	2871	DR087_RS03380	IDMHP691	+	750678	750992	-
DR087_RS03385	NZ_QQRK01000028.1	-	2872	3540	DR087_RS03385	IDMHP691	+	750993	751661	-
DR087_RS03390	NZ_QQRK01000028.1	-	3533	4156	DR087_RS03390	IDMHP691	+	751654	752277	-
DR087_RS03395	NZ_QQRK01000028.1	-	4143	4799	DR087_RS03395	IDMHP691	+	752264	752920	-
DR087_RS03400	NZ_QQRK01000028.1	-	5322	6041	DR087_RS03400	IDMHP691	+	753443	754162	-
DR087_RS03405	NZ_QQRK01000028.1	-	6028	7920	DR087_RS03405	IDMHP691	+	754149	756041	-
DR087_RS03410	NZ_QQRK01000029.1	+	472	924	DR087_RS03410	IDMHP691	-	361937	362389	-
DR087_RS03415	NZ_QQRK01000029.1	+	1177	1443	DR087_RS03415	IDMHP691	-	361418	361684	-
DR087_RS03420	NZ_QQRK01000029.1	+	1465	2148	DR087_RS03420	IDMHP691	-	360713	361396	-
DR087_RS03425	NZ_QQRK01000029.1	+	2229	2594	DR087_RS03425	IDMHP691	-	360267	360632	-
DR087_RS03430	NZ_QQRK01000029.1	+	2599	4509	DR087_RS03430	IDMHP691	-	358352	360262	-
DR087_RS03435	NZ_QQRK01000029.1	+	4540	5187	DR087_RS03435	IDMHP691	-	357674	358321	-
DR087_RS04735	NZ_QQRK01000029.1	+	5169	5756	DR087_RS04735	IDMHP691	-	357105	357692	-
DR087_RS03445	NZ_QQRK01000029.1	-	5768	7372	DR087_RS03445	IDMHP691	-	355489	357093	+
DR087_RS00355	NZ_QQRK01000002.1	-	1	1622	DR087_RS00355	IDMHP691	+	1	1622	-
DR087_RS04440	NZ_QQRK01000002.1	+	2171	3769	DR087_RS04440	IDMHP691	+	2171	3769	+
DR087_RS04445	NZ_QQRK01000002.1	+	3762	5375	DR087_RS04445	IDMHP691	+	3762	5375	+
DR087_RS00370	NZ_QQRK01000002.1	-	5681	8584	DR087_RS00370	IDMHP691	+	5681	8584	-
DR087_RS00375	NZ_QQRK01000002.1	-	9070	10600	DR087_RS00375	IDMHP691	+	9070	10600	-
DR087_RS00380	NZ_QQRK01000002.1	+	11146	11760	DR087_RS00380	IDMHP691	+	11146	11760	+
DR087_RS00385	NZ_QQRK01000002.1	+	11801	12283	DR087_RS00385	IDMHP691	+	11801	12283	+
DR087_RS04450	NZ_QQRK01000002.1	+	12283	13845	DR087_RS04450	IDMHP691	+	12283	13845	+
DR087_RS00395	NZ_QQRK01000002.1	+	13925	14890	DR087_RS00395	IDMHP691	+	13925	14890	+
DR087_RS00400	NZ_QQRK01000002.1	+	14903	16816	DR087_RS00400	IDMHP691	+	14903	16816	+
DR087_RS00405	NZ_QQRK01000002.1	+	16827	19295	DR087_RS00405	IDMHP691	+	16827	19295	+
DR087_RS00410	NZ_QQRK01000002.1	-	19302	20381	DR087_RS00410	IDMHP691	+	19302	20381	-
DR087_RS00415	NZ_QQRK01000002.1	-	20359	22962	DR087_RS00415	IDMHP691	+	20359	22962	-
DR087_RS00420	NZ_QQRK01000002.1	-	23056	24885	DR087_RS00420	IDMHP691	+	23056	24885	-
DR087_RS00425	NZ_QQRK01000002.1	-	24875	25213	DR087_RS00425	IDMHP691	+	24875	25213	-
DR087_RS00430	NZ_QQRK01000002.1	-	25231	25374	DR087_RS00430	IDMHP691	+	25231	25374	-
DR087_RS00435	NZ_QQRK01000002.1	+	25581	26972	DR087_RS00435	IDMHP691	+	25581	26972	+
DR087_RS00440	NZ_QQRK01000002.1	+	27117	28253	DR087_RS00440	IDMHP691	+	27117	28253	+
DR087_RS00445	NZ_QQRK01000002.1	+	28357	30216	DR087_RS00445	IDMHP691	+	28357	30216	+
DR087_RS04765	NZ_QQRK01000002.1	+	30216	30673	DR087_RS04765	IDMHP691	+	30216	30673	+
DR087_RS04455	NZ_QQRK01000002.1	+	30687	31670	DR087_RS04455	IDMHP691	+	30687	31670	+
DR087_RS00460	NZ_QQRK01000002.1	+	31663	32634	DR087_RS00460	IDMHP691	+	31663	32634	+
DR087_RS00465	NZ_QQRK01000002.1	+	32737	33306	DR087_RS00465	IDMHP691	+	32737	33306	+
DR087_RS00470	NZ_QQRK01000002.1	+	33396	34397	DR087_RS00470	IDMHP691	+	33396	34397	+
DR087_RS04460	NZ_QQRK01000002.1	+	34566	36587	DR087_RS04460	IDMHP691	+	34566	36587	+
DR087_RS00480	NZ_QQRK01000002.1	+	36672	37679	DR087_RS00480	IDMHP691	+	36672	37679	+
DR087_RS00485	NZ_QQRK01000002.1	+	37682	38428	DR087_RS00485	IDMHP691	+	37682	38428	+
DR087_RS00490	NZ_QQRK01000002.1	+	38412	40016	DR087_RS00490	IDMHP691	+	38412	40016	+
DR087_RS00495	NZ_QQRK01000002.1	+	40021	40266	DR087_RS00495	IDMHP691	+	40021	40266	+
DR087_RS00500	NZ_QQRK01000002.1	+	40337	41200	DR087_RS00500	IDMHP691	+	40337	41200	+
DR087_RS00505	NZ_QQRK01000002.1	+	41207	42052	DR087_RS00505	IDMHP691	+	41207	42052	+
DR087_RS00510	NZ_QQRK01000002.1	-	42086	42355	DR087_RS00510	IDMHP691	+	42086	42355	-
DR087_RS00515	NZ_QQRK01000002.1	+	42487	42768	DR087_RS00515	IDMHP691	+	42487	42768	+
DR087_RS00520	NZ_QQRK01000002.1	+	42914	43528	DR087_RS00520	IDMHP691	+	42914	43528	+
DR087_RS03875	NZ_QQRK01000002.1	-	43719	43916	DR087_RS03875	IDMHP691	+	43719	43916	-
DR087_RS00530	NZ_QQRK01000002.1	-	44223	46517	DR087_RS00530	IDMHP691	+	44223	46517	-
DR087_RS00540	NZ_QQRK01000002.1	-	46767	49058	DR087_RS00540	IDMHP691	+	46767	49058	-
DR087_RS04465	NZ_QQRK01000002.1	-	49169	51493	DR087_RS04465	IDMHP691	+	49169	51493	-
DR087_RS00550	NZ_QQRK01000002.1	-	51480	52307	DR087_RS00550	IDMHP691	+	51480	52307	-
DR087_RS00555	NZ_QQRK01000002.1	+	52640	53119	DR087_RS00555	IDMHP691	+	52640	53119	+
DR087_RS00560	NZ_QQRK01000002.1	+	53321	53614	DR087_RS00560	IDMHP691	+	53321	53614	+
DR087_RS00565	NZ_QQRK01000002.1	+	53607	54926	DR087_RS00565	IDMHP691	+	53607	54926	+
DR087_RS04770	NZ_QQRK01000002.1	+	54919	55058	DR087_RS04770	IDMHP691	+	54919	55058	+
DR087_RS03450	NZ_QQRK01000030.1	+	1	1985	DR087_RS03450	IDMHP691	-	139445	141429	-
DR087_RS03455	NZ_QQRK01000030.1	+	1978	4821	DR087_RS03455	IDMHP691	-	136609	139452	-
DR087_RS03460	NZ_QQRK01000030.1	-	5206	5922	DR087_RS03460	IDMHP691	-	135508	136224	+
DR087_RS03465	NZ_QQRK01000030.1	-	6196	6444	DR087_RS03465	IDMHP691	-	134986	135234	+
DR087_RS03470	NZ_QQRK01000030.1	+	6748	7148	DR087_RS03470	IDMHP691	-	134282	134682	-
DR087_RS03475	NZ_QQRK01000031.1	+	1	854	DR087_RS03475	IDMHP691	-	552031	552884	-
DR087_RS03480	NZ_QQRK01000031.1	+	954	1445	DR087_RS03480	IDMHP691	-	551440	551931	-
DR087_RS04315	NZ_QQRK01000031.1	+	1498	1875	DR087_RS04315	IDMHP691	-	551010	551387	-
DR087_RS04320	NZ_QQRK01000031.1	+	1929	3215	DR087_RS04320	IDMHP691	-	549670	550956	-
DR087_RS04740	NZ_QQRK01000031.1	+	3233	5665	DR087_RS04740	IDMHP691	-	547220	549652	-
DR087_RS03495	NZ_QQRK01000031.1	+	5845	6228	DR087_RS03495	IDMHP691	-	546657	547040	-
DR087_RS03500	NZ_QQRK01000031.1	-	6458	7115	DR087_RS03500	IDMHP691	-	545770	546427	+
DR087_RS03505	NZ_QQRK01000032.1	-	1	2175	DR087_RS03505	IDMHP691	-	247323	249497	+
DR087_RS03510	NZ_QQRK01000032.1	-	2411	3010	DR087_RS03510	IDMHP691	-	246488	247087	+
DR087_RS04745	NZ_QQRK01000032.1	-	3236	6073	DR087_RS04745	IDMHP691	-	243425	246262	+
DR087_RS03520	NZ_QQRK01000033.1	-	1	581	DR087_RS03520	IDMHP691	-	542732	543312	+
DR087_RS04335	NZ_QQRK01000033.1	-	722	919	DR087_RS04335	IDMHP691	-	542394	542591	+
DR087_RS03525	NZ_QQRK01000033.1	-	936	1595	DR087_RS03525	IDMHP691	-	541718	542377	+
DR087_RS03530	NZ_QQRK01000033.1	-	1553	2344	DR087_RS03530	IDMHP691	-	540969	541760	+
DR087_RS03535	NZ_QQRK01000033.1	-	2535	3272	DR087_RS03535	IDMHP691	-	540041	540778	+
DR087_RS04750	NZ_QQRK01000033.1	-	3274	4896	DR087_RS04750	IDMHP691	-	538417	540039	+
DR087_RS04345	NZ_QQRK01000033.1	-	4920	5255	DR087_RS04345	IDMHP691	-	538058	538393	+
DR087_RS03545	NZ_QQRK01000034.1	+	879	1796	DR087_RS03545	IDMHP691	+	680924	681841	+
DR087_RS03550	NZ_QQRK01000034.1	+	1796	3643	DR087_RS03550	IDMHP691	+	681841	683688	+
DR087_RS03555	NZ_QQRK01000034.1	-	3875	5003	DR087_RS03555	IDMHP691	+	683920	685048	-
DR087_RS03560	NZ_QQRK01000035.1	+	1	414	DR087_RS03560	IDMHP691	-	407478	407891	-
DR087_RS04755	NZ_QQRK01000035.1	-	1279	3708	DR087_RS04755	IDMHP691	-	404184	406613	+
DR087_RS03570	NZ_QQRK01000035.1	-	3713	4257	DR087_RS03570	IDMHP691	-	403635	404179	+
DR087_RS04355	NZ_QQRK01000036.1	-	1	1513	DR087_RS04355	IDMHP691	-	617573	619085	+
DR087_RS04360	NZ_QQRK01000036.1	-	2090	2926	DR087_RS04360	IDMHP691	-	616160	616996	+
DR087_RS03585	NZ_QQRK01000037.1	+	1	105	DR087_RS03585	IDMHP691	+	543413	543517	+
DR087_RS03590	NZ_QQRK01000037.1	-	175	579	DR087_RS03590	IDMHP691	+	543587	543991	-
DR087_RS04365	NZ_QQRK01000037.1	+	915	1331	DR087_RS04365	IDMHP691	+	544327	544743	+
DR087_RS04370	NZ_QQRK01000037.1	+	1343	1597	DR087_RS04370	IDMHP691	+	544755	545009	+
DR087_RS03600	NZ_QQRK01000037.1	+	1659	2257	DR087_RS03600	IDMHP691	+	545071	545669	+
DR087_RS03605	NZ_QQRK01000038.1	+	1	564	DR087_RS03605	IDMHP691	+	890217	890780	+
DR087_RS03610	NZ_QQRK01000038.1	+	536	1564	DR087_RS03610	IDMHP691	+	890752	891780	+
DR087_RS00575	NZ_QQRK01000003.1	-	220	2577	DR087_RS00575	IDMHP691	+	837426	839783	-
DR087_RS04470	NZ_QQRK01000003.1	+	2917	4527	DR087_RS04470	IDMHP691	+	840123	841733	+
DR087_RS04475	NZ_QQRK01000003.1	+	4536	6155	DR087_RS04475	IDMHP691	+	841742	843361	+
DR087_RS00590	NZ_QQRK01000003.1	-	6243	7994	DR087_RS00590	IDMHP691	+	843449	845200	-
DR087_RS00595	NZ_QQRK01000003.1	-	8114	10258	DR087_RS00595	IDMHP691	+	845320	847464	-
DR087_RS04480	NZ_QQRK01000003.1	+	10606	11343	DR087_RS04480	IDMHP691	+	847812	848549	+
DR087_RS00605	NZ_QQRK01000003.1	+	11343	12092	DR087_RS00605	IDMHP691	+	848549	849298	+
DR087_RS00610	NZ_QQRK01000003.1	+	12082	12669	DR087_RS00610	IDMHP691	+	849288	849875	+
DR087_RS04485	NZ_QQRK01000003.1	+	12676	15513	DR087_RS04485	IDMHP691	+	849882	852719	+
DR087_RS00620	NZ_QQRK01000003.1	-	15497	16465	DR087_RS00620	IDMHP691	+	852703	853671	-
DR087_RS00625	NZ_QQRK01000003.1	+	16549	16639	DR087_RS00625	IDMHP691	+	853755	853845	+
DR087_RS04490	NZ_QQRK01000003.1	-	17000	17572	DR087_RS04490	IDMHP691	+	854206	854778	-
DR087_RS00635	NZ_QQRK01000003.1	-	17592	17816	DR087_RS00635	IDMHP691	+	854798	855022	-
DR087_RS00640	NZ_QQRK01000003.1	-	17829	17969	DR087_RS00640	IDMHP691	+	855035	855175	-
DR087_RS00645	NZ_QQRK01000003.1	-	18013	18564	DR087_RS00645	IDMHP691	+	855219	855770	-
DR087_RS00650	NZ_QQRK01000003.1	-	18585	19286	DR087_RS00650	IDMHP691	+	855791	856492	-
DR087_RS00655	NZ_QQRK01000003.1	-	19320	20534	DR087_RS00655	IDMHP691	+	856526	857740	-
DR087_RS00660	NZ_QQRK01000003.1	-	20521	21204	DR087_RS00660	IDMHP691	+	857727	858410	-
DR087_RS00665	NZ_QQRK01000003.1	-	21188	22420	DR087_RS00665	IDMHP691	+	858394	859626	-
DR087_RS00670	NZ_QQRK01000003.1	-	22420	23811	DR087_RS00670	IDMHP691	+	859626	861017	-
DR087_RS00675	NZ_QQRK01000003.1	-	23804	24241	DR087_RS00675	IDMHP691	+	861010	861447	-
DR087_RS04495	NZ_QQRK01000003.1	-	24222	26162	DR087_RS04495	IDMHP691	+	861428	863368	-
DR087_RS00685	NZ_QQRK01000003.1	-	26223	28595	DR087_RS00685	IDMHP691	+	863429	865801	-
DR087_RS00690	NZ_QQRK01000003.1	+	28797	30782	DR087_RS00690	IDMHP691	+	866003	867988	+
DR087_RS04500	NZ_QQRK01000003.1	+	30804	31667	DR087_RS04500	IDMHP691	+	868010	868873	+
DR087_RS00700	NZ_QQRK01000003.1	-	31708	31784	DR087_RS00700	IDMHP691	+	868914	868990	-
DR087_RS00705	NZ_QQRK01000003.1	-	31855	32253	DR087_RS00705	IDMHP691	+	869061	869459	-
DR087_RS00710	NZ_QQRK01000003.1	-	32257	32691	DR087_RS00710	IDMHP691	+	869463	869897	-
DR087_RS00715	NZ_QQRK01000003.1	-	32825	33604	DR087_RS00715	IDMHP691	+	870031	870810	-
DR087_RS04505	NZ_QQRK01000003.1	-	33585	34832	DR087_RS04505	IDMHP691	+	870791	872038	-
DR087_RS00725	NZ_QQRK01000003.1	+	34928	35920	DR087_RS00725	IDMHP691	+	872134	873126	+
DR087_RS00730	NZ_QQRK01000003.1	+	35943	36551	DR087_RS00730	IDMHP691	+	873149	873757	+
DR087_RS00735	NZ_QQRK01000003.1	+	36688	38571	DR087_RS00735	IDMHP691	+	873894	875777	+
DR087_RS00740	NZ_QQRK01000003.1	+	38770	41709	DR087_RS00740	IDMHP691	+	875976	878915	+
DR087_RS00745	NZ_QQRK01000003.1	+	41831	41983	DR087_RS00745	IDMHP691	+	879037	879189	+
DR087_RS00750	NZ_QQRK01000003.1	+	41985	43022	DR087_RS00750	IDMHP691	+	879191	880228	+
DR087_RS00755	NZ_QQRK01000003.1	+	43076	44746	DR087_RS00755	IDMHP691	+	880282	881952	+
DR087_RS00760	NZ_QQRK01000003.1	+	44825	45166	DR087_RS00760	IDMHP691	+	882031	882372	+
DR087_RS00765	NZ_QQRK01000003.1	+	45337	46389	DR087_RS00765	IDMHP691	+	882543	883595	+
DR087_RS04510	NZ_QQRK01000003.1	-	47000	50656	DR087_RS04510	IDMHP691	+	884206	887862	-
DR087_RS00775	NZ_QQRK01000003.1	-	50685	53010	DR087_RS00775	IDMHP691	+	887891	890216	-
DR087_RS03615	NZ_QQRK01000039.1	+	95	1529	DR087_RS03615	IDMHP691	+	891875	893309	+
DR087_RS03620	NZ_QQRK01000040.1	+	1	508	DR087_RS03620	IDMHP691	-	228009	228516	-
DR087_RS03625	NZ_QQRK01000040.1	+	517	1266	DR087_RS03625	IDMHP691	-	227251	228000	-
DR087_RS04760	NZ_QQRK01000041.1	+	50	1297	DR087_RS04760	IDMHP691	+	893359	894606	+
DR087_RS03635	NZ_QQRK01000042.1	+	1	564	DR087_RS03635	IDMHP691	+	894717	895280	+
DR087_RS03640	NZ_QQRK01000043.1	-	1	283	DR087_RS03640	IDMHP691	-	536271	536553	+
DR087_RS03645	NZ_QQRK01000043.1	-	409	941	DR087_RS03645	IDMHP691	-	535613	536145	+
DR087_RS03650	NZ_QQRK01000044.1	+	1	201	DR087_RS03650	IDMHP691	+	298618	298818	+
DR087_RS03655	NZ_QQRK01000044.1	-	361	854	DR087_RS03655	IDMHP691	+	298978	299471	-
DR087_RS03660	NZ_QQRK01000045.1	+	444	784	DR087_RS03660	IDMHP691	+	896107	896447	+
DR087_RS03665	NZ_QQRK01000046.1	-	1	235	DR087_RS03665	IDMHP691	+	552985	553219	-
DR087_RS03670	NZ_QQRK01000047.1	-	1	556	DR087_RS03670	IDMHP691	+	896448	897003	-
DR087_RS03675	NZ_QQRK01000048.1	+	1	525	DR087_RS03675	IDMHP691	+	897004	897528	+
DR087_RS00780	NZ_QQRK01000004.1	-	145	741	DR087_RS00780	IDMHP691	-	808730	809326	+
DR087_RS00785	NZ_QQRK01000004.1	-	958	1227	DR087_RS00785	IDMHP691	-	808244	808513	+
DR087_RS00790	NZ_QQRK01000004.1	-	1324	1397	DR087_RS00790	IDMHP691	-	808074	808147	+
DR087_RS00795	NZ_QQRK01000004.1	-	1465	2019	DR087_RS00795	IDMHP691	-	807452	808006	+
DR087_RS00800	NZ_QQRK01000004.1	-	2078	2989	DR087_RS00800	IDMHP691	-	806482	807393	+
DR087_RS04515	NZ_QQRK01000004.1	-	2989	4701	DR087_RS04515	IDMHP691	-	804770	806482	+
DR087_RS00810	NZ_QQRK01000004.1	-	4704	6218	DR087_RS00810	IDMHP691	-	803253	804767	+
DR087_RS00815	NZ_QQRK01000004.1	-	6380	7747	DR087_RS00815	IDMHP691	-	801724	803091	+
DR087_RS00820	NZ_QQRK01000004.1	-	8001	8558	DR087_RS00820	IDMHP691	-	800913	801470	+
DR087_RS00825	NZ_QQRK01000004.1	-	8609	9412	DR087_RS00825	IDMHP691	-	800059	800862	+
DR087_RS04520	NZ_QQRK01000004.1	-	9402	10265	DR087_RS04520	IDMHP691	-	799206	800069	+
DR087_RS00835	NZ_QQRK01000004.1	-	10301	10406	DR087_RS00835	IDMHP691	-	799065	799170	+
DR087_RS00840	NZ_QQRK01000004.1	-	10709	12496	DR087_RS00840	IDMHP691	-	796975	798762	+
DR087_RS00845	NZ_QQRK01000004.1	-	12716	14506	DR087_RS00845	IDMHP691	-	794965	796755	+
DR087_RS00850	NZ_QQRK01000004.1	-	14478	14807	DR087_RS00850	IDMHP691	-	794664	794993	+
DR087_RS00855	NZ_QQRK01000004.1	-	14908	16043	DR087_RS00855	IDMHP691	-	793428	794563	+
DR087_RS00860	NZ_QQRK01000004.1	-	16244	18031	DR087_RS00860	IDMHP691	-	791440	793227	+
DR087_RS00865	NZ_QQRK01000004.1	-	18003	19376	DR087_RS00865	IDMHP691	-	790095	791468	+
DR087_RS00870	NZ_QQRK01000004.1	-	19534	21051	DR087_RS00870	IDMHP691	-	788420	789937	+
DR087_RS00875	NZ_QQRK01000004.1	-	21059	21361	DR087_RS00875	IDMHP691	-	788110	788412	+
DR087_RS00880	NZ_QQRK01000004.1	-	21345	22091	DR087_RS00880	IDMHP691	-	787380	788126	+
DR087_RS00885	NZ_QQRK01000004.1	-	22078	25278	DR087_RS00885	IDMHP691	-	784193	787393	+
DR087_RS00890	NZ_QQRK01000004.1	-	25315	25671	DR087_RS00890	IDMHP691	-	783800	784156	+
DR087_RS00895	NZ_QQRK01000004.1	+	25738	26721	DR087_RS00895	IDMHP691	-	782750	783733	-
DR087_RS00900	NZ_QQRK01000004.1	+	26725	28464	DR087_RS00900	IDMHP691	-	781007	782746	-
DR087_RS00905	NZ_QQRK01000004.1	+	28457	28876	DR087_RS00905	IDMHP691	-	780595	781014	-
DR087_RS00910	NZ_QQRK01000004.1	+	28937	30100	DR087_RS00910	IDMHP691	-	779371	780534	-
DR087_RS00915	NZ_QQRK01000004.1	-	30210	32210	DR087_RS00915	IDMHP691	-	777261	779261	+
DR087_RS00920	NZ_QQRK01000004.1	+	32518	32745	DR087_RS00920	IDMHP691	-	776726	776953	-
DR087_RS00925	NZ_QQRK01000004.1	+	32738	34582	DR087_RS00925	IDMHP691	-	774889	776733	-
DR087_RS00930	NZ_QQRK01000004.1	+	34592	34882	DR087_RS00930	IDMHP691	-	774589	774879	-
DR087_RS00935	NZ_QQRK01000004.1	+	34849	36648	DR087_RS00935	IDMHP691	-	772823	774622	-
DR087_RS00940	NZ_QQRK01000004.1	+	36660	36989	DR087_RS00940	IDMHP691	-	772482	772811	-
DR087_RS00945	NZ_QQRK01000004.1	+	37039	39984	DR087_RS00945	IDMHP691	-	769487	772432	-
DR087_RS00950	NZ_QQRK01000004.1	+	39987	40871	DR087_RS00950	IDMHP691	-	768600	769484	-
DR087_RS00955	NZ_QQRK01000004.1	+	40893	42026	DR087_RS00955	IDMHP691	-	767445	768578	-
DR087_RS04525	NZ_QQRK01000004.1	+	42110	42724	DR087_RS04525	IDMHP691	-	766747	767361	-
DR087_RS00965	NZ_QQRK01000004.1	-	42835	43662	DR087_RS00965	IDMHP691	-	765809	766636	+
DR087_RS00970	NZ_QQRK01000004.1	-	43662	44096	DR087_RS00970	IDMHP691	-	765375	765809	+
DR087_RS00975	NZ_QQRK01000004.1	-	44210	44827	DR087_RS00975	IDMHP691	-	764644	765261	+
DR087_RS00980	NZ_QQRK01000004.1	+	45195	45959	DR087_RS00980	IDMHP691	-	763512	764276	-
DR087_RS00985	NZ_QQRK01000004.1	+	45983	47764	DR087_RS00985	IDMHP691	-	761707	763488	-
DR087_RS00990	NZ_QQRK01000004.1	+	47764	48594	DR087_RS00990	IDMHP691	-	760877	761707	-
DR087_RS00995	NZ_QQRK01000004.1	-	48649	49803	DR087_RS00995	IDMHP691	-	759668	760822	+
DR087_RS01000	NZ_QQRK01000004.1	+	49978	51342	DR087_RS01000	IDMHP691	-	758129	759493	-
DR087_RS01005	NZ_QQRK01000004.1	-	51471	52133	DR087_RS01005	IDMHP691	-	757338	758000	+
DR087_RS01010	NZ_QQRK01000004.1	+	52628	52968	DR087_RS01010	IDMHP691	-	756503	756843	-
DR087_RS03680	NZ_QQRK01000049.1	+	1	515	DR087_RS03680	IDMHP691	+	897529	898043	+
DR087_RS03685	NZ_QQRK01000050.1	+	1	483	DR087_RS03685	IDMHP691	+	898044	898526	+
DR087_RS03690	NZ_QQRK01000051.1	-	1	235	DR087_RS03690	IDMHP691	+	537204	537438	-
DR087_RS03695	NZ_QQRK01000055.1	-	1	397	DR087_RS03695	IDMHP691	+	228617	229013	-
DR087_RS03700	NZ_QQRK01000056.1	+	1	371	DR087_RS03700	IDMHP691	+	226604	226974	+
DR087_RS03705	NZ_QQRK01000057.1	+	1	337	DR087_RS03705	IDMHP691	+	898983	899319	+
DR087_RS04815	NZ_QQRK01000058.1	+	1	337	DR087_RS04815	IDMHP691	+	899320	899656	+
DR087_RS04530	NZ_QQRK01000005.1	+	375	1190	DR087_RS04530	IDMHP691	-	353881	354696	-
DR087_RS01020	NZ_QQRK01000005.1	-	1187	2023	DR087_RS01020	IDMHP691	-	353048	353884	+
DR087_RS01025	NZ_QQRK01000005.1	-	2025	2834	DR087_RS01025	IDMHP691	-	352237	353046	+
DR087_RS04535	NZ_QQRK01000005.1	-	2848	3690	DR087_RS04535	IDMHP691	-	351381	352223	+
DR087_RS01035	NZ_QQRK01000005.1	-	3748	3831	DR087_RS01035	IDMHP691	-	351240	351323	+
DR087_RS01040	NZ_QQRK01000005.1	-	3867	3943	DR087_RS01040	IDMHP691	-	351128	351204	+
DR087_RS01045	NZ_QQRK01000005.1	-	3948	4023	DR087_RS01045	IDMHP691	-	351048	351123	+
DR087_RS01050	NZ_QQRK01000005.1	-	4031	4106	DR087_RS01050	IDMHP691	-	350965	351040	+
DR087_RS01055	NZ_QQRK01000005.1	-	4110	4184	DR087_RS01055	IDMHP691	-	350887	350961	+
DR087_RS01060	NZ_QQRK01000005.1	-	4305	4502	DR087_RS01060	IDMHP691	-	350569	350766	+
DR087_RS01065	NZ_QQRK01000005.1	-	4561	6717	DR087_RS01065	IDMHP691	-	348354	350510	+
DR087_RS01070	NZ_QQRK01000005.1	-	6728	7408	DR087_RS01070	IDMHP691	-	347663	348343	+
DR087_RS01075	NZ_QQRK01000005.1	+	7909	11010	DR087_RS01075	IDMHP691	-	344061	347162	-
DR087_RS04540	NZ_QQRK01000005.1	+	11058	14090	DR087_RS04540	IDMHP691	-	340981	344013	-
DR087_RS04545	NZ_QQRK01000005.1	-	14210	14857	DR087_RS04545	IDMHP691	-	340214	340861	+
DR087_RS01090	NZ_QQRK01000005.1	-	14836	15273	DR087_RS01090	IDMHP691	-	339798	340235	+
DR087_RS01095	NZ_QQRK01000005.1	+	15362	17980	DR087_RS01095	IDMHP691	-	337091	339709	-
DR087_RS01100	NZ_QQRK01000005.1	-	17977	18930	DR087_RS01100	IDMHP691	-	336141	337094	+
DR087_RS01105	NZ_QQRK01000005.1	-	19000	21078	DR087_RS01105	IDMHP691	-	333993	336071	+
DR087_RS01110	NZ_QQRK01000005.1	-	21082	22044	DR087_RS01110	IDMHP691	-	333027	333989	+
DR087_RS01115	NZ_QQRK01000005.1	-	22034	22936	DR087_RS01115	IDMHP691	-	332135	333037	+
DR087_RS01120	NZ_QQRK01000005.1	-	22909	23727	DR087_RS01120	IDMHP691	-	331344	332162	+
DR087_RS01125	NZ_QQRK01000005.1	-	23753	24289	DR087_RS01125	IDMHP691	-	330782	331318	+
DR087_RS01130	NZ_QQRK01000005.1	-	24321	25055	DR087_RS01130	IDMHP691	-	330016	330750	+
DR087_RS01135	NZ_QQRK01000005.1	-	25059	25931	DR087_RS01135	IDMHP691	-	329140	330012	+
DR087_RS01140	NZ_QQRK01000005.1	-	25912	26547	DR087_RS01140	IDMHP691	-	328524	329159	+
DR087_RS01145	NZ_QQRK01000005.1	-	26550	27134	DR087_RS01145	IDMHP691	-	327937	328521	+
DR087_RS01150	NZ_QQRK01000005.1	-	27137	27418	DR087_RS01150	IDMHP691	-	327653	327934	+
DR087_RS01155	NZ_QQRK01000005.1	-	27480	29633	DR087_RS01155	IDMHP691	-	325438	327591	+
DR087_RS01160	NZ_QQRK01000005.1	+	29754	30089	DR087_RS01160	IDMHP691	-	324982	325317	-
DR087_RS01165	NZ_QQRK01000005.1	+	30106	31104	DR087_RS01165	IDMHP691	-	323967	324965	-
DR087_RS01170	NZ_QQRK01000005.1	+	31105	31905	DR087_RS01170	IDMHP691	-	323166	323966	-
DR087_RS01175	NZ_QQRK01000005.1	-	31908	32444	DR087_RS01175	IDMHP691	-	322627	323163	+
DR087_RS01180	NZ_QQRK01000005.1	-	32554	33795	DR087_RS01180	IDMHP691	-	321276	322517	+
DR087_RS01185	NZ_QQRK01000005.1	-	33804	35162	DR087_RS01185	IDMHP691	-	319909	321267	+
DR087_RS01190	NZ_QQRK01000005.1	+	35456	36235	DR087_RS01190	IDMHP691	-	318836	319615	-
DR087_RS01195	NZ_QQRK01000005.1	+	36235	36543	DR087_RS01195	IDMHP691	-	318528	318836	-
DR087_RS01200	NZ_QQRK01000005.1	+	36543	38789	DR087_RS01200	IDMHP691	-	316282	318528	-
DR087_RS04550	NZ_QQRK01000005.1	+	38822	41464	DR087_RS04550	IDMHP691	-	313607	316249	-
DR087_RS01210	NZ_QQRK01000005.1	+	41464	45096	DR087_RS01210	IDMHP691	-	309975	313607	-
DR087_RS01215	NZ_QQRK01000005.1	-	45260	45532	DR087_RS01215	IDMHP691	-	309539	309811	+
DR087_RS03715	NZ_QQRK01000060.1	-	1	320	DR087_RS03715	IDMHP691	+	899982	900301	-
DR087_RS04820	NZ_QQRK01000062.1	-	68	252	DR087_RS04820	IDMHP691	+	900676	900860	-
DR087_RS03720	NZ_QQRK01000063.1	-	1	240	DR087_RS03720	IDMHP691	+	900861	901100	-
DR087_RS03765	NZ_QQRK01000065.1	-	1	235	DR087_RS03765	IDMHP691	+	901338	901572	-
DR087_RS04825	NZ_QQRK01000067.1	-	31	231	DR087_RS04825	IDMHP691	+	901837	902037	-
DR087_RS01220	NZ_QQRK01000006.1	+	336	3152	DR087_RS01220	IDMHP691	-	676794	679610	-
DR087_RS01225	NZ_QQRK01000006.1	+	3152	4192	DR087_RS01225	IDMHP691	-	675754	676794	-
DR087_RS04555	NZ_QQRK01000006.1	+	4185	5342	DR087_RS04555	IDMHP691	-	674604	675761	-
DR087_RS01235	NZ_QQRK01000006.1	+	5342	6394	DR087_RS01235	IDMHP691	-	673552	674604	-
DR087_RS04560	NZ_QQRK01000006.1	+	6394	8718	DR087_RS04560	IDMHP691	-	671228	673552	-
DR087_RS04565	NZ_QQRK01000006.1	+	9152	10780	DR087_RS04565	IDMHP691	-	669166	670794	-
DR087_RS01250	NZ_QQRK01000006.1	+	10764	12044	DR087_RS01250	IDMHP691	-	667902	669182	-
DR087_RS04570	NZ_QQRK01000006.1	+	12334	16602	DR087_RS04570	IDMHP691	-	663344	667612	-
DR087_RS01260	NZ_QQRK01000006.1	+	16729	22359	DR087_RS01260	IDMHP691	-	657587	663217	-
DR087_RS01265	NZ_QQRK01000006.1	-	22701	23633	DR087_RS01265	IDMHP691	-	656313	657245	+
DR087_RS01270	NZ_QQRK01000006.1	-	23636	23914	DR087_RS01270	IDMHP691	-	656032	656310	+
DR087_RS01275	NZ_QQRK01000006.1	-	23917	25899	DR087_RS01275	IDMHP691	-	654047	656029	+
DR087_RS01280	NZ_QQRK01000006.1	-	26020	26274	DR087_RS01280	IDMHP691	-	653672	653926	+
DR087_RS01285	NZ_QQRK01000006.1	-	26450	27664	DR087_RS01285	IDMHP691	-	652282	653496	+
DR087_RS01290	NZ_QQRK01000006.1	+	28015	30663	DR087_RS01290	IDMHP691	-	649283	651931	-
DR087_RS01295	NZ_QQRK01000006.1	+	30899	31507	DR087_RS01295	IDMHP691	-	648439	649047	-
DR087_RS01300	NZ_QQRK01000006.1	+	31517	32977	DR087_RS01300	IDMHP691	-	646969	648429	-
DR087_RS01305	NZ_QQRK01000006.1	+	33088	33783	DR087_RS01305	IDMHP691	-	646163	646858	-
DR087_RS01310	NZ_QQRK01000006.1	-	33828	34631	DR087_RS01310	IDMHP691	-	645315	646118	+
DR087_RS01315	NZ_QQRK01000006.1	+	34967	36508	DR087_RS01315	IDMHP691	-	643438	644979	-
DR087_RS01320	NZ_QQRK01000006.1	+	36527	37087	DR087_RS01320	IDMHP691	-	642859	643419	-
DR087_RS04005	NZ_QQRK01000006.1	+	37106	37972	DR087_RS04005	IDMHP691	-	641974	642840	-
DR087_RS01330	NZ_QQRK01000006.1	+	37973	38443	DR087_RS01330	IDMHP691	-	641503	641973	-
DR087_RS01335	NZ_QQRK01000006.1	+	38436	40670	DR087_RS01335	IDMHP691	-	639276	641510	-
DR087_RS01340	NZ_QQRK01000006.1	+	40670	42208	DR087_RS01340	IDMHP691	-	637738	639276	-
DR087_RS01345	NZ_QQRK01000006.1	+	42211	43584	DR087_RS01345	IDMHP691	-	636362	637735	-
DR087_RS01350	NZ_QQRK01000007.1	-	1	573	DR087_RS01350	IDMHP691	+	695984	696556	-
DR087_RS04010	NZ_QQRK01000007.1	-	609	1496	DR087_RS04010	IDMHP691	+	696592	697479	-
DR087_RS04015	NZ_QQRK01000007.1	-	1604	1786	DR087_RS04015	IDMHP691	+	697587	697769	-
DR087_RS01365	NZ_QQRK01000007.1	-	2988	4811	DR087_RS01365	IDMHP691	+	698971	700794	-
DR087_RS04575	NZ_QQRK01000007.1	+	5040	10961	DR087_RS04575	IDMHP691	+	701023	706944	+
DR087_RS01375	NZ_QQRK01000007.1	-	11063	12271	DR087_RS01375	IDMHP691	+	707046	708254	-
DR087_RS01380	NZ_QQRK01000007.1	-	12579	15191	DR087_RS01380	IDMHP691	+	708562	711174	-
DR087_RS01385	NZ_QQRK01000007.1	-	15362	16057	DR087_RS01385	IDMHP691	+	711345	712040	-
DR087_RS01390	NZ_QQRK01000007.1	-	16060	16674	DR087_RS01390	IDMHP691	+	712043	712657	-
DR087_RS01395	NZ_QQRK01000007.1	-	16766	17431	DR087_RS01395	IDMHP691	+	712749	713414	-
DR087_RS01400	NZ_QQRK01000007.1	+	17859	20420	DR087_RS01400	IDMHP691	+	713842	716403	+
DR087_RS01405	NZ_QQRK01000007.1	-	20460	20897	DR087_RS01405	IDMHP691	+	716443	716880	-
DR087_RS01410	NZ_QQRK01000007.1	-	20972	21433	DR087_RS01410	IDMHP691	+	716955	717416	-
DR087_RS01415	NZ_QQRK01000007.1	-	21493	22782	DR087_RS01415	IDMHP691	+	717476	718765	-
DR087_RS01420	NZ_QQRK01000007.1	-	22921	27330	DR087_RS01420	IDMHP691	+	718904	723313	-
DR087_RS01425	NZ_QQRK01000007.1	-	27364	28290	DR087_RS01425	IDMHP691	+	723347	724273	-
DR087_RS01430	NZ_QQRK01000007.1	-	28292	28852	DR087_RS01430	IDMHP691	+	724275	724835	-
DR087_RS01435	NZ_QQRK01000007.1	-	28856	29566	DR087_RS01435	IDMHP691	+	724839	725549	-
DR087_RS01440	NZ_QQRK01000007.1	+	29726	31075	DR087_RS01440	IDMHP691	+	725709	727058	+
DR087_RS01445	NZ_QQRK01000007.1	+	31114	31641	DR087_RS01445	IDMHP691	+	727097	727624	+
DR087_RS01450	NZ_QQRK01000007.1	-	31661	32497	DR087_RS01450	IDMHP691	+	727644	728480	-
DR087_RS01455	NZ_QQRK01000007.1	-	32533	34248	DR087_RS01455	IDMHP691	+	728516	730231	-
DR087_RS01460	NZ_QQRK01000007.1	-	34233	35057	DR087_RS01460	IDMHP691	+	730216	731040	-
DR087_RS01465	NZ_QQRK01000007.1	-	35050	35910	DR087_RS01465	IDMHP691	+	731033	731893	-
DR087_RS01470	NZ_QQRK01000007.1	-	35897	37231	DR087_RS01470	IDMHP691	+	731880	733214	-
DR087_RS04580	NZ_QQRK01000007.1	+	37656	39005	DR087_RS04580	IDMHP691	+	733639	734988	+
DR087_RS01485	NZ_QQRK01000007.1	+	38980	40710	DR087_RS01485	IDMHP691	+	734963	736693	+
DR087_RS04585	NZ_QQRK01000007.1	-	40792	41487	DR087_RS04585	IDMHP691	+	736775	737470	-
DR087_RS01495	NZ_QQRK01000007.1	+	41785	43269	DR087_RS01495	IDMHP691	+	737768	739252	+
DR087_RS01500	NZ_QQRK01000008.1	-	222	1799	DR087_RS01500	IDMHP691	-	446605	448182	+
DR087_RS04590	NZ_QQRK01000008.1	+	1913	2443	DR087_RS04590	IDMHP691	-	445961	446491	-
DR087_RS01510	NZ_QQRK01000008.1	+	2431	3471	DR087_RS01510	IDMHP691	-	444933	445973	-
DR087_RS01515	NZ_QQRK01000008.1	+	3585	5240	DR087_RS01515	IDMHP691	-	443164	444819	-
DR087_RS01520	NZ_QQRK01000008.1	-	5294	5626	DR087_RS01520	IDMHP691	-	442778	443110	+
DR087_RS01525	NZ_QQRK01000008.1	-	5658	7256	DR087_RS01525	IDMHP691	-	441148	442746	+
DR087_RS01530	NZ_QQRK01000008.1	-	7272	9377	DR087_RS01530	IDMHP691	-	439027	441132	+
DR087_RS01535	NZ_QQRK01000008.1	+	9537	10877	DR087_RS01535	IDMHP691	-	437527	438867	-
DR087_RS01540	NZ_QQRK01000008.1	+	10898	11869	DR087_RS01540	IDMHP691	-	436535	437506	-
DR087_RS01545	NZ_QQRK01000008.1	+	12068	12859	DR087_RS01545	IDMHP691	-	435545	436336	-
DR087_RS04595	NZ_QQRK01000008.1	+	13876	14712	DR087_RS04595	IDMHP691	-	433692	434528	-
DR087_RS01560	NZ_QQRK01000008.1	+	14780	14854	DR087_RS01560	IDMHP691	-	433550	433624	-
DR087_RS01565	NZ_QQRK01000008.1	+	14864	14940	DR087_RS01565	IDMHP691	-	433464	433540	-
DR087_RS04040	NZ_QQRK01000008.1	-	15850	16470	DR087_RS04040	IDMHP691	-	431934	432554	+
DR087_RS01580	NZ_QQRK01000008.1	-	16947	17858	DR087_RS01580	IDMHP691	-	430546	431457	+
DR087_RS04775	NZ_QQRK01000008.1	+	18096	18266	DR087_RS04775	IDMHP691	-	430138	430308	-
DR087_RS01590	NZ_QQRK01000008.1	+	18857	19870	DR087_RS01590	IDMHP691	-	428534	429547	-
DR087_RS03740	NZ_QQRK01000008.1	-	20460	20597	DR087_RS03740	IDMHP691	-	427807	427944	+
DR087_RS01595	NZ_QQRK01000008.1	+	21499	22167	DR087_RS01595	IDMHP691	-	426237	426905	-
DR087_RS01600	NZ_QQRK01000008.1	+	22170	24059	DR087_RS01600	IDMHP691	-	424345	426234	-
DR087_RS01605	NZ_QQRK01000008.1	+	24046	26433	DR087_RS01605	IDMHP691	-	421971	424358	-
DR087_RS01610	NZ_QQRK01000008.1	+	26522	26713	DR087_RS01610	IDMHP691	-	421691	421882	-
DR087_RS01615	NZ_QQRK01000008.1	-	26714	26878	DR087_RS01615	IDMHP691	-	421526	421690	+
DR087_RS04050	NZ_QQRK01000008.1	+	27352	28794	DR087_RS04050	IDMHP691	-	419610	421052	-
DR087_RS04055	NZ_QQRK01000008.1	+	28796	29296	DR087_RS04055	IDMHP691	-	419108	419608	-
DR087_RS01625	NZ_QQRK01000008.1	+	29271	30269	DR087_RS01625	IDMHP691	-	418135	419133	-
DR087_RS01630	NZ_QQRK01000008.1	-	30883	31680	DR087_RS01630	IDMHP691	-	416724	417521	+
DR087_RS04600	NZ_QQRK01000008.1	-	31667	33433	DR087_RS04600	IDMHP691	-	414971	416737	+
DR087_RS01640	NZ_QQRK01000008.1	+	33695	34141	DR087_RS01640	IDMHP691	-	414263	414709	-
DR087_RS01645	NZ_QQRK01000008.1	-	34699	35346	DR087_RS01645	IDMHP691	-	413058	413705	+
DR087_RS01650	NZ_QQRK01000008.1	-	35415	36479	DR087_RS01650	IDMHP691	-	411925	412989	+
DR087_RS01655	NZ_QQRK01000008.1	+	36892	37533	DR087_RS01655	IDMHP691	-	410871	411512	-
DR087_RS04605	NZ_QQRK01000008.1	+	37879	39960	DR087_RS04605	IDMHP691	-	408444	410525	-
DR087_RS01665	NZ_QQRK01000008.1	+	39950	40412	DR087_RS01665	IDMHP691	-	407992	408454	-
DR087_RS01670	NZ_QQRK01000009.1	+	70	7125	DR087_RS01670	IDMHP691	-	586664	593719	-
DR087_RS04070	NZ_QQRK01000009.1	+	7226	9541	DR087_RS04070	IDMHP691	-	584248	586563	-
DR087_RS01675	NZ_QQRK01000009.1	+	9652	18723	DR087_RS01675	IDMHP691	-	575066	584137	-
DR087_RS01680	NZ_QQRK01000009.1	+	19190	21028	DR087_RS01680	IDMHP691	-	572761	574599	-
DR087_RS01685	NZ_QQRK01000009.1	+	21228	22997	DR087_RS01685	IDMHP691	-	570792	572561	-
DR087_RS01690	NZ_QQRK01000009.1	+	23069	25279	DR087_RS01690	IDMHP691	-	568510	570720	-
DR087_RS01695	NZ_QQRK01000009.1	+	25588	26256	DR087_RS01695	IDMHP691	-	567533	568201	-
DR087_RS01700	NZ_QQRK01000009.1	+	26231	27121	DR087_RS01700	IDMHP691	-	566668	567558	-
DR087_RS01705	NZ_QQRK01000009.1	+	27111	27833	DR087_RS01705	IDMHP691	-	565956	566678	-
DR087_RS01710	NZ_QQRK01000009.1	+	27817	28713	DR087_RS01710	IDMHP691	-	565076	565972	-
DR087_RS01715	NZ_QQRK01000009.1	+	28706	29218	DR087_RS01715	IDMHP691	-	564571	565083	-
DR087_RS01720	NZ_QQRK01000009.1	+	29341	31242	DR087_RS01720	IDMHP691	-	562547	564448	-
DR087_RS04075	NZ_QQRK01000009.1	-	31522	32088	DR087_RS04075	IDMHP691	-	561701	562267	+
DR087_RS04080	NZ_QQRK01000009.1	+	32261	32857	DR087_RS04080	IDMHP691	-	560932	561528	-
DR087_RS04610	NZ_QQRK01000009.1	+	33251	34477	DR087_RS04610	IDMHP691	-	559312	560538	-
DR087_RS01735	NZ_QQRK01000009.1	-	34517	35635	DR087_RS01735	IDMHP691	-	558154	559272	+
DR087_RS01740	NZ_QQRK01000009.1	-	35635	36531	DR087_RS01740	IDMHP691	-	557258	558154	+
DR087_RS01745	NZ_QQRK01000009.1	-	36704	38551	DR087_RS01745	IDMHP691	-	555238	557085	+
DR087_RS01750	NZ_QQRK01000009.1	-	38589	39146	DR087_RS01750	IDMHP691	-	554643	555200	+
DR087_RS03745	NZ_QQRK01000009.1	+	39435	39914	DR087_RS03745	IDMHP691	-	553875	554354	-
