B5M19_RS00005	NZ_KZ266894.1	+	1	707	B5M19_RS00005	IDTB1	+	1223	1929
B5M19_RS03995	NZ_KZ266894.1	-	741	1082	B5M19_RS03995	IDTB1	+	1963	2304
B5M19_RS00015	NZ_KZ266894.1	-	1440	1664	B5M19_RS00015	IDTB1	+	2662	2886
B5M19_RS00020	NZ_KZ266894.1	-	1828	4113	B5M19_RS00020	IDTB1	+	3050	5335
B5M19_RS00030	NZ_KZ266894.1	-	4381	6672	B5M19_RS00030	IDTB1	+	5603	7894
B5M19_RS04000	NZ_KZ266894.1	-	6717	7424	B5M19_RS04000	IDTB1	+	7939	8646
B5M19_RS04005	NZ_KZ266894.1	-	7506	8455	B5M19_RS04005	IDTB1	+	8728	9677
B5M19_RS04010	NZ_KZ266894.1	-	8537	9094	B5M19_RS04010	IDTB1	+	9759	10316
B5M19_RS00040	NZ_KZ266894.1	-	9081	9839	B5M19_RS00040	IDTB1	+	10303	11061
B5M19_RS00045	NZ_KZ266894.1	+	10243	10725	B5M19_RS00045	IDTB1	+	11465	11947
B5M19_RS00050	NZ_KZ266894.1	+	10927	11220	B5M19_RS00050	IDTB1	+	12149	12442
B5M19_RS00055	NZ_KZ266894.1	+	11213	12532	B5M19_RS00055	IDTB1	+	12435	13754
B5M19_RS00060	NZ_KZ266894.1	+	12525	13925	B5M19_RS00060	IDTB1	+	13747	15147
B5M19_RS00065	NZ_KZ266894.1	+	14162	14665	B5M19_RS00065	IDTB1	+	15384	15887
B5M19_RS00070	NZ_KZ266894.1	-	14782	15375	B5M19_RS00070	IDTB1	+	16004	16597
B5M19_RS00075	NZ_KZ266894.1	-	15353	18013	B5M19_RS00075	IDTB1	+	16575	19235
B5M19_RS00080	NZ_KZ266894.1	-	18013	19805	B5M19_RS00080	IDTB1	+	19235	21027
B5M19_RS04015	NZ_KZ266894.1	-	19885	20555	B5M19_RS04015	IDTB1	+	21107	21777
B5M19_RS00085	NZ_KZ266894.1	-	20548	22476	B5M19_RS00085	IDTB1	+	21770	23698
B5M19_RS00090	NZ_KZ266894.1	+	22687	23697	B5M19_RS00090	IDTB1	+	23909	24919
B5M19_RS03880	NZ_KZ266894.1	+	23796	24173	B5M19_RS03880	IDTB1	+	25018	25395
B5M19_RS00100	NZ_KZ266894.1	+	24223	25734	B5M19_RS00100	IDTB1	+	25445	26956
B5M19_RS00105	NZ_KZ266894.1	-	25831	27915	B5M19_RS00105	IDTB1	+	27053	29137
B5M19_RS00110	NZ_KZ266894.1	-	27921	28154	B5M19_RS00110	IDTB1	+	29143	29376
B5M19_RS00115	NZ_KZ266894.1	-	28208	29629	B5M19_RS00115	IDTB1	+	29430	30851
B5M19_RS00120	NZ_KZ266894.1	-	29751	30764	B5M19_RS00120	IDTB1	+	30973	31986
B5M19_RS00125	NZ_KZ266894.1	+	30917	31726	B5M19_RS00125	IDTB1	+	32139	32948
B5M19_RS00130	NZ_KZ266894.1	+	31728	32987	B5M19_RS00130	IDTB1	+	32950	34209
B5M19_RS00135	NZ_KZ266894.1	+	33072	33443	B5M19_RS00135	IDTB1	+	34294	34665
B5M19_RS00140	NZ_KZ266894.1	+	33447	34655	B5M19_RS00140	IDTB1	+	34669	35877
B5M19_RS00145	NZ_KZ266894.1	+	34750	35082	B5M19_RS00145	IDTB1	+	35972	36304
B5M19_RS00150	NZ_KZ266894.1	+	35127	36284	B5M19_RS00150	IDTB1	+	36349	37506
B5M19_RS00160	NZ_KZ266894.1	+	36720	37448	B5M19_RS00160	IDTB1	+	37942	38670
B5M19_RS00165	NZ_KZ266894.1	+	37476	37781	B5M19_RS00165	IDTB1	+	38698	39003
B5M19_RS00170	NZ_KZ266894.1	+	37835	38401	B5M19_RS00170	IDTB1	+	39057	39623
B5M19_RS00175	NZ_KZ266894.1	+	38401	38964	B5M19_RS00175	IDTB1	+	39623	40186
B5M19_RS00180	NZ_KZ266894.1	+	38983	40506	B5M19_RS00180	IDTB1	+	40205	41728
B5M19_RS00185	NZ_KZ266894.1	+	40535	41368	B5M19_RS00185	IDTB1	+	41757	42590
B5M19_RS00190	NZ_KZ266894.1	+	41386	42801	B5M19_RS00190	IDTB1	+	42608	44023
B5M19_RS00195	NZ_KZ266894.1	+	42788	43048	B5M19_RS00195	IDTB1	+	44010	44270
B5M19_RS00200	NZ_KZ266894.1	+	43157	43642	B5M19_RS00200	IDTB1	+	44379	44864
B5M19_RS04020	NZ_KZ266894.1	+	43858	44057	B5M19_RS04020	IDTB1	+	45080	45279
B5M19_RS00205	NZ_KZ266894.1	+	44122	44816	B5M19_RS00205	IDTB1	+	45344	46038
B5M19_RS00210	NZ_KZ266894.1	+	44847	45758	B5M19_RS00210	IDTB1	+	46069	46980
B5M19_RS00215	NZ_KZ266894.1	+	45843	47165	B5M19_RS00215	IDTB1	+	47065	48387
B5M19_RS00220	NZ_KZ266894.1	+	47192	48559	B5M19_RS00220	IDTB1	+	48414	49781
B5M19_RS00225	NZ_KZ266894.1	+	48552	50393	B5M19_RS00225	IDTB1	+	49774	51615
B5M19_RS00230	NZ_KZ266894.1	+	50414	52444	B5M19_RS00230	IDTB1	+	51636	53666
B5M19_RS00235	NZ_KZ266894.1	+	52451	53224	B5M19_RS00235	IDTB1	+	53673	54446
B5M19_RS00240	NZ_KZ266894.1	+	53218	54048	B5M19_RS00240	IDTB1	+	54440	55270
B5M19_RS00245	NZ_KZ266894.1	+	54065	55309	B5M19_RS00245	IDTB1	+	55287	56531
B5M19_RS00250	NZ_KZ266894.1	+	55380	60080	B5M19_RS00250	IDTB1	+	56602	61302
B5M19_RS00260	NZ_KZ266894.1	+	60384	63034	B5M19_RS00260	IDTB1	+	61606	64256
B5M19_RS00265	NZ_KZ266894.1	-	63092	64642	B5M19_RS00265	IDTB1	+	64314	65864
B5M19_RS00270	NZ_KZ266894.1	+	64760	65068	B5M19_RS00270	IDTB1	+	65982	66290
B5M19_RS00275	NZ_KZ266894.1	+	65256	67058	B5M19_RS00275	IDTB1	+	66478	68280
B5M19_RS00280	NZ_KZ266894.1	+	67269	68393	B5M19_RS00280	IDTB1	+	68491	69615
B5M19_RS00285	NZ_KZ266894.1	+	68452	68900	B5M19_RS00285	IDTB1	+	69674	70122
B5M19_RS00290	NZ_KZ266894.1	+	69143	69466	B5M19_RS00290	IDTB1	+	70365	70688
B5M19_RS00295	NZ_KZ266894.1	+	69618	70521	B5M19_RS00295	IDTB1	+	70840	71743
B5M19_RS00300	NZ_KZ266894.1	+	70573	70845	B5M19_RS00300	IDTB1	+	71795	72067
B5M19_RS00305	NZ_KZ266894.1	+	70848	71078	B5M19_RS00305	IDTB1	+	72070	72300
B5M19_RS04025	NZ_KZ266894.1	+	71121	71825	B5M19_RS04025	IDTB1	+	72343	73047
B5M19_RS04030	NZ_KZ266894.1	+	71909	72877	B5M19_RS04030	IDTB1	+	73131	74099
B5M19_RS00315	NZ_KZ266894.1	+	73022	73928	B5M19_RS00315	IDTB1	+	74244	75150
B5M19_RS00320	NZ_KZ266894.1	-	74245	76329	B5M19_RS00320	IDTB1	+	75467	77551
B5M19_RS00325	NZ_KZ266894.1	-	76342	76475	B5M19_RS00325	IDTB1	+	77564	77697
B5M19_RS00330	NZ_KZ266894.1	-	76635	76893	B5M19_RS00330	IDTB1	+	77857	78115
B5M19_RS00335	NZ_KZ266894.1	-	76945	77364	B5M19_RS00335	IDTB1	+	78167	78586
B5M19_RS00340	NZ_KZ266894.1	-	77495	77875	B5M19_RS00340	IDTB1	+	78717	79097
B5M19_RS00345	NZ_KZ266894.1	-	77879	78391	B5M19_RS00345	IDTB1	+	79101	79613
B5M19_RS00350	NZ_KZ266894.1	-	78382	78882	B5M19_RS00350	IDTB1	+	79604	80104
B5M19_RS04035	NZ_KZ266894.1	+	79147	79387	B5M19_RS04035	IDTB1	+	80369	80609
B5M19_RS00355	NZ_KZ266894.1	+	79466	80495	B5M19_RS00355	IDTB1	+	80688	81717
B5M19_RS00360	NZ_KZ266894.1	+	80710	81740	B5M19_RS00360	IDTB1	+	81932	82962
B5M19_RS04040	NZ_KZ266894.1	+	81775	82049	B5M19_RS04040	IDTB1	+	82997	83271
B5M19_RS00365	NZ_KZ266895.1	+	318	4196	B5M19_RS00365	IDTB1	-	835866	839744
B5M19_RS00370	NZ_KZ266895.1	+	4225	7830	B5M19_RS00370	IDTB1	-	832232	835837
B5M19_RS00375	NZ_KZ266895.1	-	8444	10009	B5M19_RS00375	IDTB1	-	830053	831618
B5M19_RS00380	NZ_KZ266895.1	-	10089	11759	B5M19_RS00380	IDTB1	-	828303	829973
B5M19_RS00385	NZ_KZ266895.1	-	11813	12850	B5M19_RS00385	IDTB1	-	827212	828249
B5M19_RS00390	NZ_KZ266895.1	-	12852	13004	B5M19_RS00390	IDTB1	-	827058	827210
B5M19_RS00395	NZ_KZ266895.1	-	13366	16148	B5M19_RS00395	IDTB1	-	823914	826696
B5M19_RS00400	NZ_KZ266895.1	-	16346	18229	B5M19_RS00400	IDTB1	-	821833	823716
B5M19_RS00405	NZ_KZ266895.1	-	18388	18942	B5M19_RS00405	IDTB1	-	821120	821674
B5M19_RS00410	NZ_KZ266895.1	-	19038	20030	B5M19_RS00410	IDTB1	-	820032	821024
B5M19_RS00415	NZ_KZ266895.1	+	20126	21101	B5M19_RS00415	IDTB1	-	818961	819936
B5M19_RS04045	NZ_KZ266895.1	+	21185	21375	B5M19_RS04045	IDTB1	-	818687	818877
B5M19_RS00420	NZ_KZ266895.1	+	21356	22135	B5M19_RS00420	IDTB1	-	817927	818706
B5M19_RS00425	NZ_KZ266895.1	+	22268	22702	B5M19_RS00425	IDTB1	-	817360	817794
B5M19_RS00430	NZ_KZ266895.1	+	22706	23104	B5M19_RS00430	IDTB1	-	816958	817356
B5M19_RS00435	NZ_KZ266895.1	+	23175	23251	B5M19_RS00435	IDTB1	-	816811	816887
B5M19_RS00440	NZ_KZ266895.1	-	23292	24155	B5M19_RS00440	IDTB1	-	815907	816770
B5M19_RS04050	NZ_KZ266895.1	-	24177	24817	B5M19_RS04050	IDTB1	-	815245	815885
B5M19_RS04055	NZ_KZ266895.1	-	24898	26164	B5M19_RS04055	IDTB1	-	813898	815164
B5M19_RS00450	NZ_KZ266895.1	+	26366	28738	B5M19_RS00450	IDTB1	-	811324	813696
B5M19_RS00455	NZ_KZ266895.1	+	28742	30739	B5M19_RS00455	IDTB1	-	809323	811320
B5M19_RS00460	NZ_KZ266895.1	+	30720	31157	B5M19_RS00460	IDTB1	-	808905	809342
B5M19_RS00465	NZ_KZ266895.1	+	31150	32541	B5M19_RS00465	IDTB1	-	807521	808912
B5M19_RS00470	NZ_KZ266895.1	+	32541	33773	B5M19_RS00470	IDTB1	-	806289	807521
B5M19_RS00475	NZ_KZ266895.1	+	33757	34440	B5M19_RS00475	IDTB1	-	805622	806305
B5M19_RS00480	NZ_KZ266895.1	+	34427	35641	B5M19_RS00480	IDTB1	-	804421	805635
B5M19_RS00485	NZ_KZ266895.1	+	35675	36376	B5M19_RS00485	IDTB1	-	803686	804387
B5M19_RS00490	NZ_KZ266895.1	+	36397	36942	B5M19_RS00490	IDTB1	-	803120	803665
B5M19_RS00495	NZ_KZ266895.1	+	36993	37133	B5M19_RS00495	IDTB1	-	802929	803069
B5M19_RS04590	NZ_KZ266895.1	+	37224	37370	B5M19_RS04590	IDTB1	-	802692	802838
B5M19_RS00505	NZ_KZ266895.1	+	37390	37962	B5M19_RS00505	IDTB1	-	802100	802672
B5M19_RS00510	NZ_KZ266895.1	-	38353	38443	B5M19_RS00510	IDTB1	-	801619	801709
B5M19_RS00515	NZ_KZ266895.1	+	38527	39495	B5M19_RS00515	IDTB1	-	800567	801535
B5M19_RS00520	NZ_KZ266895.1	-	39479	42316	B5M19_RS00520	IDTB1	-	797746	800583
B5M19_RS00525	NZ_KZ266895.1	-	42323	42910	B5M19_RS00525	IDTB1	-	797152	797739
B5M19_RS00530	NZ_KZ266895.1	-	42900	43649	B5M19_RS00530	IDTB1	-	796413	797162
B5M19_RS00535	NZ_KZ266895.1	-	43649	44386	B5M19_RS00535	IDTB1	-	795676	796413
B5M19_RS00540	NZ_KZ266895.1	+	44739	46871	B5M19_RS00540	IDTB1	-	793191	795323
B5M19_RS00545	NZ_KZ266895.1	+	47030	48769	B5M19_RS00545	IDTB1	-	791293	793032
B5M19_RS00550	NZ_KZ266895.1	-	48857	50473	B5M19_RS00550	IDTB1	-	789589	791205
B5M19_RS00555	NZ_KZ266895.1	-	50482	52092	B5M19_RS00555	IDTB1	-	787970	789580
B5M19_RS00560	NZ_KZ266895.1	+	52438	54789	B5M19_RS00560	IDTB1	-	785273	787624
B5M19_RS00565	NZ_KZ266895.1	-	55544	57157	B5M19_RS00565	IDTB1	-	782905	784518
B5M19_RS00570	NZ_KZ266895.1	-	57168	58778	B5M19_RS00570	IDTB1	-	781284	782894
B5M19_RS00575	NZ_KZ266895.1	+	59443	61092	B5M19_RS00575	IDTB1	-	778970	780619
B5M19_RS00580	NZ_KZ266895.1	-	61130	63598	B5M19_RS00580	IDTB1	-	776464	778932
B5M19_RS00585	NZ_KZ266895.1	-	63612	65842	B5M19_RS00585	IDTB1	-	774220	776450
B5M19_RS00590	NZ_KZ266896.1	+	1	223	B5M19_RS00590	IDTB1	+	391126	391348
B5M19_RS04060	NZ_KZ266896.1	-	355	705	B5M19_RS04060	IDTB1	+	391480	391830
B5M19_RS04065	NZ_KZ266896.1	-	687	1025	B5M19_RS04065	IDTB1	+	391812	392150
B5M19_RS00600	NZ_KZ266896.1	-	1124	2545	B5M19_RS00600	IDTB1	+	392249	393670
B5M19_RS00605	NZ_KZ266896.1	-	2714	3601	B5M19_RS00605	IDTB1	+	393839	394726
B5M19_RS00610	NZ_KZ266896.1	-	3702	4637	B5M19_RS00610	IDTB1	+	394827	395762
B5M19_RS00615	NZ_KZ266896.1	-	4639	5547	B5M19_RS00615	IDTB1	+	395764	396672
B5M19_RS00620	NZ_KZ266896.1	-	5737	5964	B5M19_RS00620	IDTB1	+	396862	397089
B5M19_RS00625	NZ_KZ266896.1	-	6168	6800	B5M19_RS00625	IDTB1	+	397293	397925
B5M19_RS00630	NZ_KZ266896.1	+	7212	8276	B5M19_RS00630	IDTB1	+	398337	399401
B5M19_RS00635	NZ_KZ266896.1	+	8346	8993	B5M19_RS00635	IDTB1	+	399471	400118
B5M19_RS00640	NZ_KZ266896.1	-	9556	10002	B5M19_RS00640	IDTB1	+	400681	401127
B5M19_RS00645	NZ_KZ266896.1	+	10498	11295	B5M19_RS00645	IDTB1	+	401623	402420
B5M19_RS00650	NZ_KZ266896.1	-	11909	13381	B5M19_RS00650	IDTB1	+	403034	404506
B5M19_RS04070	NZ_KZ266896.1	-	13383	14825	B5M19_RS04070	IDTB1	+	404508	405950
B5M19_RS03885	NZ_KZ266896.1	-	14812	15207	B5M19_RS03885	IDTB1	+	405937	406332
B5M19_RS04075	NZ_KZ266896.1	-	15464	15655	B5M19_RS04075	IDTB1	+	406589	406780
B5M19_RS00670	NZ_KZ266896.1	-	15744	18131	B5M19_RS00670	IDTB1	+	406869	409256
B5M19_RS00675	NZ_KZ266896.1	-	18118	20007	B5M19_RS00675	IDTB1	+	409243	411132
B5M19_RS00680	NZ_KZ266896.1	-	20010	20678	B5M19_RS00680	IDTB1	+	411135	411803
B5M19_RS03870	NZ_KZ266896.1	+	22050	22142	B5M19_RS03870	IDTB1	+	413175	413267
B5M19_RS00685	NZ_KZ266896.1	-	22284	23297	B5M19_RS00685	IDTB1	+	413409	414422
B5M19_RS03820	NZ_KZ266896.1	-	23660	23812	B5M19_RS03820	IDTB1	+	414785	414937
B5M19_RS00700	NZ_KZ266896.1	+	24268	25179	B5M19_RS00700	IDTB1	+	415393	416304
B5M19_RS04570	NZ_KZ266896.1	-	26039	26161	B5M19_RS04570	IDTB1	+	417164	417286
B5M19_RS04575	NZ_KZ266896.1	-	26744	26869	B5M19_RS04575	IDTB1	+	417869	417994
B5M19_RS00715	NZ_KZ266896.1	-	27185	27261	B5M19_RS00715	IDTB1	+	418310	418386
B5M19_RS00720	NZ_KZ266896.1	-	27271	27345	B5M19_RS00720	IDTB1	+	418396	418470
B5M19_RS00725	NZ_KZ266896.1	-	27413	28249	B5M19_RS00725	IDTB1	+	418538	419374
B5M19_RS00735	NZ_KZ266896.1	-	29270	30061	B5M19_RS00735	IDTB1	+	420395	421186
B5M19_RS00740	NZ_KZ266896.1	-	30260	31231	B5M19_RS00740	IDTB1	+	421385	422356
B5M19_RS00745	NZ_KZ266896.1	-	31252	32592	B5M19_RS00745	IDTB1	+	422377	423717
B5M19_RS00750	NZ_KZ266896.1	+	32752	34857	B5M19_RS00750	IDTB1	+	423877	425982
B5M19_RS00755	NZ_KZ266896.1	+	34873	36471	B5M19_RS00755	IDTB1	+	425998	427596
B5M19_RS00760	NZ_KZ266896.1	+	36503	36835	B5M19_RS00760	IDTB1	+	427628	427960
B5M19_RS00765	NZ_KZ266896.1	-	36890	38536	B5M19_RS00765	IDTB1	+	428015	429661
B5M19_RS00770	NZ_KZ266896.1	-	38650	39688	B5M19_RS00770	IDTB1	+	429775	430813
B5M19_RS04080	NZ_KZ266896.1	-	39761	40216	B5M19_RS04080	IDTB1	+	430886	431341
B5M19_RS00780	NZ_KZ266896.1	+	40331	41887	B5M19_RS00780	IDTB1	+	431456	433012
B5M19_RS00785	NZ_KZ266896.1	-	42281	43027	B5M19_RS00785	IDTB1	+	433406	434152
B5M19_RS00790	NZ_KZ266896.1	-	43041	44573	B5M19_RS00790	IDTB1	+	434166	435698
B5M19_RS00795	NZ_KZ266896.1	+	44912	46177	B5M19_RS00795	IDTB1	+	436037	437302
B5M19_RS00800	NZ_KZ266896.1	+	46161	46754	B5M19_RS00800	IDTB1	+	437286	437879
B5M19_RS00805	NZ_KZ266896.1	+	47003	48709	B5M19_RS00805	IDTB1	+	438128	439834
B5M19_RS00810	NZ_KZ266896.1	+	48818	49294	B5M19_RS00810	IDTB1	+	439943	440419
B5M19_RS00815	NZ_KZ266896.1	+	49231	50598	B5M19_RS00815	IDTB1	+	440356	441723
B5M19_RS00820	NZ_KZ266896.1	+	50517	51446	B5M19_RS00820	IDTB1	+	441642	442571
B5M19_RS00825	NZ_KZ266896.1	+	51755	53968	B5M19_RS00825	IDTB1	+	442880	445093
B5M19_RS00830	NZ_KZ266896.1	+	53989	56100	B5M19_RS00830	IDTB1	+	445114	447225
B5M19_RS00835	NZ_KZ266896.1	+	56127	57059	B5M19_RS00835	IDTB1	+	447252	448184
B5M19_RS00840	NZ_KZ266896.1	+	57074	59251	B5M19_RS00840	IDTB1	+	448199	450376
B5M19_RS00845	NZ_KZ266896.1	+	59251	60261	B5M19_RS00845	IDTB1	+	450376	451386
B5M19_RS00850	NZ_KZ266896.1	+	60224	61189	B5M19_RS00850	IDTB1	+	451349	452314
B5M19_RS03895	NZ_KZ266896.1	+	61193	61360	B5M19_RS03895	IDTB1	+	452318	452485
B5M19_RS00855	NZ_KZ266897.1	+	557	3346	B5M19_RS00855	IDTB1	-	627527	630316
B5M19_RS00860	NZ_KZ266897.1	+	3346	4386	B5M19_RS00860	IDTB1	-	626487	627527
B5M19_RS00865	NZ_KZ266897.1	+	4509	5538	B5M19_RS00865	IDTB1	-	625335	626364
B5M19_RS00870	NZ_KZ266897.1	+	5538	6590	B5M19_RS00870	IDTB1	-	624283	625335
B5M19_RS04580	NZ_KZ266897.1	+	6590	8914	B5M19_RS04580	IDTB1	-	621959	624283
B5M19_RS00880	NZ_KZ266897.1	+	9122	10177	B5M19_RS00880	IDTB1	-	620696	621751
B5M19_RS00885	NZ_KZ266897.1	+	10179	11807	B5M19_RS00885	IDTB1	-	619066	620694
B5M19_RS00890	NZ_KZ266897.1	+	11791	13071	B5M19_RS00890	IDTB1	-	617802	619082
B5M19_RS00895	NZ_KZ266897.1	+	13361	17602	B5M19_RS00895	IDTB1	-	613271	617512
B5M19_RS00900	NZ_KZ266897.1	+	17729	21514	B5M19_RS00900	IDTB1	-	609359	613144
B5M19_RS04095	NZ_KZ266897.1	+	21538	21828	B5M19_RS04095	IDTB1	-	609045	609335
B5M19_RS04100	NZ_KZ266897.1	+	21882	23019	B5M19_RS04100	IDTB1	-	607854	608991
B5M19_RS04105	NZ_KZ266897.1	+	23100	23306	B5M19_RS04105	IDTB1	-	607567	607773
B5M19_RS00905	NZ_KZ266897.1	-	23641	24573	B5M19_RS00905	IDTB1	-	606300	607232
B5M19_RS00910	NZ_KZ266897.1	-	24576	24854	B5M19_RS00910	IDTB1	-	606019	606297
B5M19_RS04110	NZ_KZ266897.1	-	24857	25186	B5M19_RS04110	IDTB1	-	605687	606016
B5M19_RS00915	NZ_KZ266897.1	-	25186	26838	B5M19_RS00915	IDTB1	-	604035	605687
B5M19_RS04115	NZ_KZ266897.1	-	26950	27204	B5M19_RS04115	IDTB1	-	603669	603923
B5M19_RS00925	NZ_KZ266897.1	-	27395	28609	B5M19_RS00925	IDTB1	-	602264	603478
B5M19_RS04120	NZ_KZ266897.1	+	28960	29754	B5M19_RS04120	IDTB1	-	601119	601913
B5M19_RS00930	NZ_KZ266897.1	+	29829	31610	B5M19_RS00930	IDTB1	-	599263	601044
B5M19_RS00935	NZ_KZ266897.1	+	31846	32454	B5M19_RS00935	IDTB1	-	598419	599027
B5M19_RS00940	NZ_KZ266897.1	+	32464	33924	B5M19_RS00940	IDTB1	-	596949	598409
B5M19_RS00945	NZ_KZ266897.1	+	34035	34730	B5M19_RS00945	IDTB1	-	596143	596838
B5M19_RS00950	NZ_KZ266897.1	-	34774	35577	B5M19_RS00950	IDTB1	-	595296	596099
B5M19_RS00955	NZ_KZ266897.1	+	35912	37453	B5M19_RS00955	IDTB1	-	593420	594961
B5M19_RS00960	NZ_KZ266897.1	+	37472	38032	B5M19_RS00960	IDTB1	-	592841	593401
B5M19_RS03900	NZ_KZ266897.1	+	38051	38917	B5M19_RS03900	IDTB1	-	591956	592822
B5M19_RS00970	NZ_KZ266897.1	+	38918	39388	B5M19_RS00970	IDTB1	-	591485	591955
B5M19_RS00975	NZ_KZ266897.1	+	39381	41269	B5M19_RS00975	IDTB1	-	589604	591492
B5M19_RS04125	NZ_KZ266897.1	+	41343	41622	B5M19_RS04125	IDTB1	-	589251	589530
B5M19_RS00980	NZ_KZ266897.1	+	41622	43160	B5M19_RS00980	IDTB1	-	587713	589251
B5M19_RS00985	NZ_KZ266897.1	+	43163	44245	B5M19_RS00985	IDTB1	-	586628	587710
B5M19_RS04130	NZ_KZ266897.1	+	44328	44538	B5M19_RS04130	IDTB1	-	586335	586545
B5M19_RS00990	NZ_KZ266897.1	+	45128	46048	B5M19_RS00990	IDTB1	-	584825	585745
B5M19_RS00995	NZ_KZ266897.1	+	46052	47137	B5M19_RS00995	IDTB1	-	583736	584821
B5M19_RS01000	NZ_KZ266897.1	+	47118	47774	B5M19_RS01000	IDTB1	-	583099	583755
B5M19_RS01005	NZ_KZ266897.1	-	47804	48532	B5M19_RS01005	IDTB1	-	582341	583069
B5M19_RS01010	NZ_KZ266897.1	-	48532	49272	B5M19_RS01010	IDTB1	-	581601	582341
B5M19_RS01015	NZ_KZ266897.1	-	49447	51183	B5M19_RS01015	IDTB1	-	579690	581426
B5M19_RS01020	NZ_KZ266897.1	-	51258	52172	B5M19_RS01020	IDTB1	-	578701	579615
B5M19_RS01025	NZ_KZ266897.1	+	52353	54134	B5M19_RS01025	IDTB1	-	576739	578520
B5M19_RS01030	NZ_KZ266897.1	+	54134	54850	B5M19_RS01030	IDTB1	-	576023	576739
B5M19_RS04135	NZ_KZ266897.1	+	54850	55425	B5M19_RS04135	IDTB1	-	575448	576023
B5M19_RS01035	NZ_KZ266897.1	+	55436	56911	B5M19_RS01035	IDTB1	-	573962	575437
B5M19_RS01040	NZ_KZ266897.1	+	56916	57857	B5M19_RS01040	IDTB1	-	573016	573957
B5M19_RS01045	NZ_KZ266897.1	+	58009	58788	B5M19_RS01045	IDTB1	-	572085	572864
B5M19_RS01050	NZ_KZ266897.1	+	58812	59417	B5M19_RS01050	IDTB1	-	571456	572061
B5M19_RS01055	NZ_KZ266897.1	+	59561	60940	B5M19_RS01055	IDTB1	-	569933	571312
B5M19_RS01060	NZ_KZ266898.1	+	120	935	B5M19_RS01060	IDTB1	-	328923	329738
B5M19_RS01065	NZ_KZ266898.1	-	922	1767	B5M19_RS01065	IDTB1	-	328091	328936
B5M19_RS01070	NZ_KZ266898.1	-	1769	2578	B5M19_RS01070	IDTB1	-	327280	328089
B5M19_RS01075	NZ_KZ266898.1	-	2592	3463	B5M19_RS01075	IDTB1	-	326395	327266
B5M19_RS01080	NZ_KZ266898.1	-	3628	3704	B5M19_RS01080	IDTB1	-	326154	326230
B5M19_RS01085	NZ_KZ266898.1	-	3709	3784	B5M19_RS01085	IDTB1	-	326074	326149
B5M19_RS01090	NZ_KZ266898.1	-	3792	3867	B5M19_RS01090	IDTB1	-	325991	326066
B5M19_RS01095	NZ_KZ266898.1	-	3871	3945	B5M19_RS01095	IDTB1	-	325913	325987
B5M19_RS01100	NZ_KZ266898.1	-	4074	4256	B5M19_RS01100	IDTB1	-	325602	325784
B5M19_RS01105	NZ_KZ266898.1	-	4315	6471	B5M19_RS01105	IDTB1	-	323387	325543
B5M19_RS01110	NZ_KZ266898.1	-	6482	7162	B5M19_RS01110	IDTB1	-	322696	323376
B5M19_RS01115	NZ_KZ266898.1	+	7667	10768	B5M19_RS01115	IDTB1	-	319090	322191
B5M19_RS01120	NZ_KZ266898.1	+	10816	13848	B5M19_RS01120	IDTB1	-	316010	319042
B5M19_RS01125	NZ_KZ266898.1	-	13979	14294	B5M19_RS01125	IDTB1	-	315564	315879
B5M19_RS01135	NZ_KZ266898.1	-	14688	15125	B5M19_RS01135	IDTB1	-	314733	315170
B5M19_RS01140	NZ_KZ266898.1	+	15215	17830	B5M19_RS01140	IDTB1	-	312028	314643
B5M19_RS01145	NZ_KZ266898.1	-	17827	18780	B5M19_RS01145	IDTB1	-	311078	312031
B5M19_RS01150	NZ_KZ266898.1	-	18850	20623	B5M19_RS01150	IDTB1	-	309235	311008
B5M19_RS04140	NZ_KZ266898.1	-	20702	20930	B5M19_RS04140	IDTB1	-	308928	309156
B5M19_RS01155	NZ_KZ266898.1	-	20934	21896	B5M19_RS01155	IDTB1	-	307962	308924
B5M19_RS01160	NZ_KZ266898.1	-	21886	22788	B5M19_RS01160	IDTB1	-	307070	307972
B5M19_RS01165	NZ_KZ266898.1	-	22761	23579	B5M19_RS01165	IDTB1	-	306279	307097
B5M19_RS01170	NZ_KZ266898.1	-	23607	24143	B5M19_RS01170	IDTB1	-	305715	306251
B5M19_RS01175	NZ_KZ266898.1	-	24176	24910	B5M19_RS01175	IDTB1	-	304948	305682
B5M19_RS01180	NZ_KZ266898.1	-	24914	25786	B5M19_RS01180	IDTB1	-	304072	304944
B5M19_RS01185	NZ_KZ266898.1	-	25767	26402	B5M19_RS01185	IDTB1	-	303456	304091
B5M19_RS01190	NZ_KZ266898.1	-	26405	26989	B5M19_RS01190	IDTB1	-	302869	303453
B5M19_RS01195	NZ_KZ266898.1	-	26992	27273	B5M19_RS01195	IDTB1	-	302585	302866
B5M19_RS01200	NZ_KZ266898.1	-	27344	29509	B5M19_RS01200	IDTB1	-	300349	302514
B5M19_RS01205	NZ_KZ266898.1	+	29630	29965	B5M19_RS01205	IDTB1	-	299893	300228
B5M19_RS01210	NZ_KZ266898.1	+	29982	30980	B5M19_RS01210	IDTB1	-	298878	299876
B5M19_RS01215	NZ_KZ266898.1	+	30981	31781	B5M19_RS01215	IDTB1	-	298077	298877
B5M19_RS01220	NZ_KZ266898.1	-	31784	32320	B5M19_RS01220	IDTB1	-	297538	298074
B5M19_RS01225	NZ_KZ266898.1	-	32504	33745	B5M19_RS01225	IDTB1	-	296113	297354
B5M19_RS01230	NZ_KZ266898.1	-	33754	35112	B5M19_RS01230	IDTB1	-	294746	296104
B5M19_RS01235	NZ_KZ266898.1	+	35409	36188	B5M19_RS01235	IDTB1	-	293670	294449
B5M19_RS01240	NZ_KZ266898.1	+	36188	36496	B5M19_RS01240	IDTB1	-	293362	293670
B5M19_RS01245	NZ_KZ266898.1	+	36496	38742	B5M19_RS01245	IDTB1	-	291116	293362
B5M19_RS04145	NZ_KZ266898.1	+	38775	40091	B5M19_RS04145	IDTB1	-	289767	291083
B5M19_RS04150	NZ_KZ266898.1	+	40173	41419	B5M19_RS04150	IDTB1	-	288439	289685
B5M19_RS01255	NZ_KZ266898.1	+	41419	45051	B5M19_RS01255	IDTB1	-	284807	288439
B5M19_RS01265	NZ_KZ266899.1	+	272	913	B5M19_RS01265	IDTB1	-	701848	702489
B5M19_RS01270	NZ_KZ266899.1	+	900	1523	B5M19_RS01270	IDTB1	-	701238	701861
B5M19_RS01275	NZ_KZ266899.1	+	1516	2184	B5M19_RS01275	IDTB1	-	700577	701245
B5M19_RS01280	NZ_KZ266899.1	+	2185	2499	B5M19_RS01280	IDTB1	-	700262	700576
B5M19_RS01285	NZ_KZ266899.1	+	2486	2941	B5M19_RS01285	IDTB1	-	699820	700275
B5M19_RS01290	NZ_KZ266899.1	+	2931	3206	B5M19_RS01290	IDTB1	-	699555	699830
B5M19_RS04155	NZ_KZ266899.1	+	3222	3867	B5M19_RS04155	IDTB1	-	698894	699539
B5M19_RS04160	NZ_KZ266899.1	+	3946	4738	B5M19_RS04160	IDTB1	-	698023	698815
B5M19_RS01300	NZ_KZ266899.1	-	5061	5840	B5M19_RS01300	IDTB1	-	696921	697700
B5M19_RS01305	NZ_KZ266899.1	+	5874	6957	B5M19_RS01305	IDTB1	-	695804	696887
B5M19_RS04165	NZ_KZ266899.1	+	7024	7352	B5M19_RS04165	IDTB1	-	695409	695737
B5M19_RS01310	NZ_KZ266899.1	+	7352	8455	B5M19_RS01310	IDTB1	-	694306	695409
B5M19_RS01315	NZ_KZ266899.1	+	8446	8874	B5M19_RS01315	IDTB1	-	693887	694315
B5M19_RS01320	NZ_KZ266899.1	+	9197	13318	B5M19_RS01320	IDTB1	-	689443	693564
B5M19_RS01325	NZ_KZ266899.1	-	13561	13772	B5M19_RS01325	IDTB1	-	688989	689200
B5M19_RS01330	NZ_KZ266899.1	-	13903	15047	B5M19_RS01330	IDTB1	-	687714	688858
B5M19_RS01335	NZ_KZ266899.1	+	15356	16051	B5M19_RS01335	IDTB1	-	686710	687405
B5M19_RS01340	NZ_KZ266899.1	-	16132	17661	B5M19_RS01340	IDTB1	-	685100	686629
B5M19_RS01350	NZ_KZ266899.1	-	17828	18358	B5M19_RS01350	IDTB1	-	684403	684933
B5M19_RS01355	NZ_KZ266899.1	+	18797	20131	B5M19_RS01355	IDTB1	-	682630	683964
B5M19_RS01360	NZ_KZ266899.1	+	20118	20978	B5M19_RS01360	IDTB1	-	681783	682643
B5M19_RS01365	NZ_KZ266899.1	+	20971	21795	B5M19_RS01365	IDTB1	-	680966	681790
B5M19_RS01370	NZ_KZ266899.1	+	21780	23495	B5M19_RS01370	IDTB1	-	679266	680981
B5M19_RS01375	NZ_KZ266899.1	+	23531	24367	B5M19_RS01375	IDTB1	-	678394	679230
B5M19_RS01380	NZ_KZ266899.1	-	24387	24926	B5M19_RS01380	IDTB1	-	677835	678374
B5M19_RS01385	NZ_KZ266899.1	-	24953	26302	B5M19_RS01385	IDTB1	-	676459	677808
B5M19_RS01390	NZ_KZ266899.1	+	26462	27172	B5M19_RS01390	IDTB1	-	675589	676299
B5M19_RS01395	NZ_KZ266899.1	+	27176	27736	B5M19_RS01395	IDTB1	-	675025	675585
B5M19_RS01400	NZ_KZ266899.1	+	27738	28664	B5M19_RS01400	IDTB1	-	674097	675023
B5M19_RS01405	NZ_KZ266899.1	+	28698	33107	B5M19_RS01405	IDTB1	-	669654	674063
B5M19_RS01410	NZ_KZ266899.1	+	33245	34534	B5M19_RS01410	IDTB1	-	668227	669516
B5M19_RS01415	NZ_KZ266899.1	+	34594	35055	B5M19_RS01415	IDTB1	-	667706	668167
B5M19_RS01420	NZ_KZ266899.1	+	35130	35567	B5M19_RS01420	IDTB1	-	667194	667631
B5M19_RS01425	NZ_KZ266899.1	-	35609	38170	B5M19_RS01425	IDTB1	-	664591	667152
B5M19_RS01430	NZ_KZ266899.1	+	38612	39277	B5M19_RS01430	IDTB1	-	663484	664149
B5M19_RS01435	NZ_KZ266899.1	+	39370	39984	B5M19_RS01435	IDTB1	-	662777	663391
B5M19_RS04170	NZ_KZ266899.1	+	39987	40394	B5M19_RS04170	IDTB1	-	662367	662774
B5M19_RS04175	NZ_KZ266899.1	+	40406	40682	B5M19_RS04175	IDTB1	-	662079	662355
B5M19_RS04180	NZ_KZ266899.1	+	40853	41441	B5M19_RS04180	IDTB1	-	661320	661908
B5M19_RS01445	NZ_KZ266899.1	+	41534	43476	B5M19_RS01445	IDTB1	-	659285	661227
B5M19_RS01450	NZ_KZ266900.1	+	303	965	B5M19_RS01450	IDTB1	+	705920	706582
B5M19_RS01455	NZ_KZ266900.1	-	1095	2459	B5M19_RS01455	IDTB1	+	706712	708076
B5M19_RS01460	NZ_KZ266900.1	+	2634	3788	B5M19_RS01460	IDTB1	+	708251	709405
B5M19_RS01465	NZ_KZ266900.1	-	3843	4673	B5M19_RS01465	IDTB1	+	709460	710290
B5M19_RS01470	NZ_KZ266900.1	-	4673	6454	B5M19_RS01470	IDTB1	+	710290	712071
B5M19_RS01475	NZ_KZ266900.1	-	6478	7242	B5M19_RS01475	IDTB1	+	712095	712859
B5M19_RS01480	NZ_KZ266900.1	+	7610	7975	B5M19_RS01480	IDTB1	+	713227	713592
B5M19_RS01490	NZ_KZ266900.1	+	8431	8865	B5M19_RS01490	IDTB1	+	714048	714482
B5M19_RS01495	NZ_KZ266900.1	+	8865	9692	B5M19_RS01495	IDTB1	+	714482	715309
B5M19_RS01500	NZ_KZ266900.1	-	9803	10474	B5M19_RS01500	IDTB1	+	715420	716091
B5M19_RS01505	NZ_KZ266900.1	-	10501	11634	B5M19_RS01505	IDTB1	+	716118	717251
B5M19_RS01510	NZ_KZ266900.1	-	11656	12540	B5M19_RS01510	IDTB1	+	717273	718157
B5M19_RS01515	NZ_KZ266900.1	-	12543	15488	B5M19_RS01515	IDTB1	+	718160	721105
B5M19_RS01520	NZ_KZ266900.1	-	15538	15867	B5M19_RS01520	IDTB1	+	721155	721484
B5M19_RS01525	NZ_KZ266900.1	-	15879	17678	B5M19_RS01525	IDTB1	+	721496	723295
B5M19_RS01530	NZ_KZ266900.1	-	17645	17935	B5M19_RS01530	IDTB1	+	723262	723552
B5M19_RS01535	NZ_KZ266900.1	-	17945	19789	B5M19_RS01535	IDTB1	+	723562	725406
B5M19_RS01540	NZ_KZ266900.1	-	19782	20009	B5M19_RS01540	IDTB1	+	725399	725626
B5M19_RS04185	NZ_KZ266900.1	+	20316	20653	B5M19_RS04185	IDTB1	+	725933	726270
B5M19_RS04190	NZ_KZ266900.1	+	20725	21647	B5M19_RS04190	IDTB1	+	726342	727264
B5M19_RS04195	NZ_KZ266900.1	+	21712	22099	B5M19_RS04195	IDTB1	+	727329	727716
B5M19_RS01550	NZ_KZ266900.1	-	22438	23601	B5M19_RS01550	IDTB1	+	728055	729218
B5M19_RS03905	NZ_KZ266900.1	+	23684	23857	B5M19_RS03905	IDTB1	+	729301	729474
B5M19_RS01560	NZ_KZ266900.1	-	24074	25813	B5M19_RS01560	IDTB1	+	729691	731430
B5M19_RS01565	NZ_KZ266900.1	-	25817	26800	B5M19_RS01565	IDTB1	+	731434	732417
B5M19_RS01570	NZ_KZ266900.1	+	26867	27223	B5M19_RS01570	IDTB1	+	732484	732840
B5M19_RS04200	NZ_KZ266900.1	+	27260	28823	B5M19_RS04200	IDTB1	+	732877	734440
B5M19_RS04205	NZ_KZ266900.1	+	28903	30370	B5M19_RS04205	IDTB1	+	734520	735987
B5M19_RS01580	NZ_KZ266900.1	+	30445	31197	B5M19_RS01580	IDTB1	+	736062	736814
B5M19_RS01585	NZ_KZ266900.1	+	31181	31483	B5M19_RS01585	IDTB1	+	736798	737100
B5M19_RS01590	NZ_KZ266900.1	+	31491	33008	B5M19_RS01590	IDTB1	+	737108	738625
B5M19_RS01595	NZ_KZ266900.1	+	33170	34561	B5M19_RS01595	IDTB1	+	738787	740178
B5M19_RS04210	NZ_KZ266900.1	+	34533	35384	B5M19_RS04210	IDTB1	+	740150	741001
B5M19_RS04215	NZ_KZ266900.1	+	35430	36326	B5M19_RS04215	IDTB1	+	741047	741943
B5M19_RS04220	NZ_KZ266900.1	+	36558	36836	B5M19_RS04220	IDTB1	+	742175	742453
B5M19_RS04225	NZ_KZ266900.1	+	36964	37415	B5M19_RS04225	IDTB1	+	742581	743032
B5M19_RS04595	NZ_KZ266900.1	+	37460	38034	B5M19_RS04595	IDTB1	+	743077	743651
B5M19_RS04235	NZ_KZ266900.1	+	38045	38357	B5M19_RS04235	IDTB1	+	743662	743974
B5M19_RS01610	NZ_KZ266900.1	+	38555	39949	B5M19_RS01610	IDTB1	+	744172	745566
B5M19_RS01615	NZ_KZ266900.1	+	40007	41472	B5M19_RS01615	IDTB1	+	745624	747089
B5M19_RS04240	NZ_KZ266900.1	+	41483	41798	B5M19_RS04240	IDTB1	+	747100	747415
B5M19_RS01620	NZ_KZ266901.1	-	117	827	B5M19_RS01620	IDTB1	+	138642	139352
B5M19_RS01625	NZ_KZ266901.1	-	808	1236	B5M19_RS01625	IDTB1	+	139333	139761
B5M19_RS01630	NZ_KZ266901.1	-	1229	2374	B5M19_RS01630	IDTB1	+	139754	140899
B5M19_RS01635	NZ_KZ266901.1	-	2367	3080	B5M19_RS01635	IDTB1	+	140892	141605
B5M19_RS01640	NZ_KZ266901.1	-	3081	3542	B5M19_RS01640	IDTB1	+	141606	142067
B5M19_RS01645	NZ_KZ266901.1	-	3514	4209	B5M19_RS01645	IDTB1	+	142039	142734
B5M19_RS01650	NZ_KZ266901.1	-	4431	5627	B5M19_RS01650	IDTB1	+	142956	144152
B5M19_RS01655	NZ_KZ266901.1	+	5706	7745	B5M19_RS01655	IDTB1	+	144231	146270
B5M19_RS01660	NZ_KZ266901.1	+	7717	8100	B5M19_RS01660	IDTB1	+	146242	146625
B5M19_RS01665	NZ_KZ266901.1	+	8118	8570	B5M19_RS01665	IDTB1	+	146643	147095
B5M19_RS01670	NZ_KZ266901.1	+	8570	8965	B5M19_RS01670	IDTB1	+	147095	147490
B5M19_RS01675	NZ_KZ266901.1	+	8972	9853	B5M19_RS01675	IDTB1	+	147497	148378
B5M19_RS01680	NZ_KZ266901.1	+	10333	11013	B5M19_RS01680	IDTB1	+	148858	149538
B5M19_RS01685	NZ_KZ266901.1	+	11040	11600	B5M19_RS01685	IDTB1	+	149565	150125
B5M19_RS01690	NZ_KZ266901.1	+	11581	12174	B5M19_RS01690	IDTB1	+	150106	150699
B5M19_RS01695	NZ_KZ266901.1	+	12175	13032	B5M19_RS01695	IDTB1	+	150700	151557
B5M19_RS01700	NZ_KZ266901.1	+	13013	13663	B5M19_RS01700	IDTB1	+	151538	152188
B5M19_RS03910	NZ_KZ266901.1	-	13739	14161	B5M19_RS03910	IDTB1	+	152264	152686
B5M19_RS01710	NZ_KZ266901.1	-	14236	15633	B5M19_RS01710	IDTB1	+	152761	154158
B5M19_RS04245	NZ_KZ266901.1	-	15838	16148	B5M19_RS04245	IDTB1	+	154363	154673
B5M19_RS01715	NZ_KZ266901.1	-	16232	17075	B5M19_RS01715	IDTB1	+	154757	155600
B5M19_RS01720	NZ_KZ266901.1	-	17091	17903	B5M19_RS01720	IDTB1	+	155616	156428
B5M19_RS01725	NZ_KZ266901.1	-	17913	18563	B5M19_RS01725	IDTB1	+	156438	157088
B5M19_RS01730	NZ_KZ266901.1	-	18547	19152	B5M19_RS01730	IDTB1	+	157072	157677
B5M19_RS01735	NZ_KZ266901.1	+	19211	19285	B5M19_RS01735	IDTB1	+	157736	157810
B5M19_RS01740	NZ_KZ266901.1	-	19292	20047	B5M19_RS01740	IDTB1	+	157817	158572
B5M19_RS01745	NZ_KZ266901.1	-	20037	20561	B5M19_RS01745	IDTB1	+	158562	159086
B5M19_RS01750	NZ_KZ266901.1	-	20554	20970	B5M19_RS01750	IDTB1	+	159079	159495
B5M19_RS01755	NZ_KZ266901.1	-	20961	22364	B5M19_RS01755	IDTB1	+	159486	160889
B5M19_RS01760	NZ_KZ266901.1	-	22425	23141	B5M19_RS01760	IDTB1	+	160950	161666
B5M19_RS01765	NZ_KZ266901.1	-	23128	24213	B5M19_RS01765	IDTB1	+	161653	162738
B5M19_RS01770	NZ_KZ266901.1	-	24258	27050	B5M19_RS01770	IDTB1	+	162783	165575
B5M19_RS01775	NZ_KZ266901.1	+	27159	27242	B5M19_RS01775	IDTB1	+	165684	165767
B5M19_RS01780	NZ_KZ266901.1	-	27507	28454	B5M19_RS01780	IDTB1	+	166032	166979
B5M19_RS01785	NZ_KZ266901.1	-	28579	29667	B5M19_RS01785	IDTB1	+	167104	168192
B5M19_RS04250	NZ_KZ266901.1	-	29742	30033	B5M19_RS04250	IDTB1	+	168267	168558
B5M19_RS01790	NZ_KZ266901.1	-	30246	31349	B5M19_RS01790	IDTB1	+	168771	169874
B5M19_RS01795	NZ_KZ266901.1	-	31377	31473	B5M19_RS01795	IDTB1	+	169902	169998
B5M19_RS01800	NZ_KZ266901.1	+	31601	32425	B5M19_RS01800	IDTB1	+	170126	170950
B5M19_RS01805	NZ_KZ266901.1	-	32683	32937	B5M19_RS01805	IDTB1	+	171208	171462
B5M19_RS01810	NZ_KZ266901.1	-	32946	33245	B5M19_RS01810	IDTB1	+	171471	171770
B5M19_RS01815	NZ_KZ266901.1	+	33397	34056	B5M19_RS01815	IDTB1	+	171922	172581
B5M19_RS01820	NZ_KZ266901.1	+	34109	35179	B5M19_RS01820	IDTB1	+	172634	173704
B5M19_RS01825	NZ_KZ266901.1	-	35208	35483	B5M19_RS01825	IDTB1	+	173733	174008
B5M19_RS01830	NZ_KZ266901.1	+	35558	36349	B5M19_RS01830	IDTB1	+	174083	174874
B5M19_RS01835	NZ_KZ266901.1	+	36445	37881	B5M19_RS01835	IDTB1	+	174970	176406
B5M19_RS01840	NZ_KZ266901.1	+	38111	38727	B5M19_RS01840	IDTB1	+	176636	177252
B5M19_RS01845	NZ_KZ266901.1	+	38889	39033	B5M19_RS01845	IDTB1	+	177414	177558
B5M19_RS01850	NZ_KZ266901.1	+	39078	39431	B5M19_RS01850	IDTB1	+	177603	177956
B5M19_RS01855	NZ_KZ266901.1	+	39487	39681	B5M19_RS01855	IDTB1	+	178012	178206
B5M19_RS01860	NZ_KZ266901.1	-	39846	40547	B5M19_RS01860	IDTB1	+	178371	179072
B5M19_RS04255	NZ_KZ266901.1	-	40671	40982	B5M19_RS04255	IDTB1	+	179196	179507
B5M19_RS04260	NZ_KZ266901.1	-	41012	41198	B5M19_RS04260	IDTB1	+	179537	179723
B5M19_RS04265	NZ_KZ266901.1	-	41218	41397	B5M19_RS04265	IDTB1	+	179743	179922
B5M19_RS01870	NZ_KZ266902.1	-	26	271	B5M19_RS01870	IDTB1	-	896434	896679
B5M19_RS01875	NZ_KZ266902.1	-	276	1552	B5M19_RS01875	IDTB1	-	895153	896429
B5M19_RS04270	NZ_KZ266902.1	-	1617	1882	B5M19_RS04270	IDTB1	-	894823	895088
B5M19_RS04275	NZ_KZ266902.1	-	1866	2184	B5M19_RS04275	IDTB1	-	894521	894839
B5M19_RS04280	NZ_KZ266902.1	-	2271	2622	B5M19_RS04280	IDTB1	-	894083	894434
B5M19_RS01885	NZ_KZ266902.1	-	2625	3632	B5M19_RS01885	IDTB1	-	893073	894080
B5M19_RS01890	NZ_KZ266902.1	-	3717	5483	B5M19_RS01890	IDTB1	-	891222	892988
B5M19_RS04610	NZ_KZ266902.1	-	5565	5740	B5M19_RS04610	IDTB1	-	890965	891140
B5M19_RS01895	NZ_KZ266902.1	-	5909	6910	B5M19_RS01895	IDTB1	-	889795	890796
B5M19_RS01900	NZ_KZ266902.1	-	7000	7408	B5M19_RS01900	IDTB1	-	889297	889705
B5M19_RS01905	NZ_KZ266902.1	-	7676	8647	B5M19_RS01905	IDTB1	-	888058	889029
B5M19_RS01910	NZ_KZ266902.1	-	8640	9623	B5M19_RS01910	IDTB1	-	887082	888065
B5M19_RS01915	NZ_KZ266902.1	-	9637	10095	B5M19_RS01915	IDTB1	-	886610	887068
B5M19_RS01920	NZ_KZ266902.1	-	10095	11954	B5M19_RS01920	IDTB1	-	884751	886610
B5M19_RS04615	NZ_KZ266902.1	-	12058	12134	B5M19_RS04615	IDTB1	-	884571	884647
B5M19_RS01925	NZ_KZ266902.1	-	12222	13200	B5M19_RS01925	IDTB1	-	883505	884483
B5M19_RS01930	NZ_KZ266902.1	-	13345	14450	B5M19_RS01930	IDTB1	-	882255	883360
B5M19_RS04290	NZ_KZ266902.1	-	14461	14746	B5M19_RS04290	IDTB1	-	881959	882244
B5M19_RS01935	NZ_KZ266902.1	+	14953	15096	B5M19_RS01935	IDTB1	-	881609	881752
B5M19_RS01940	NZ_KZ266902.1	+	15114	15452	B5M19_RS01940	IDTB1	-	881253	881591
B5M19_RS01945	NZ_KZ266902.1	+	15442	17271	B5M19_RS01945	IDTB1	-	879434	881263
B5M19_RS01950	NZ_KZ266902.1	+	17365	19974	B5M19_RS01950	IDTB1	-	876731	879340
B5M19_RS01955	NZ_KZ266902.1	+	19952	21031	B5M19_RS01955	IDTB1	-	875674	876753
B5M19_RS01960	NZ_KZ266902.1	-	21038	23506	B5M19_RS01960	IDTB1	-	873199	875667
B5M19_RS01965	NZ_KZ266902.1	-	23517	25430	B5M19_RS01965	IDTB1	-	871275	873188
B5M19_RS04295	NZ_KZ266902.1	-	25443	25689	B5M19_RS04295	IDTB1	-	871016	871262
B5M19_RS01970	NZ_KZ266902.1	-	25773	26411	B5M19_RS01970	IDTB1	-	870294	870932
B5M19_RS01975	NZ_KZ266902.1	-	26492	27342	B5M19_RS01975	IDTB1	-	869363	870213
B5M19_RS01980	NZ_KZ266902.1	-	27504	28136	B5M19_RS01980	IDTB1	-	868569	869201
B5M19_RS01985	NZ_KZ266902.1	-	28136	28618	B5M19_RS01985	IDTB1	-	868087	868569
B5M19_RS01990	NZ_KZ266902.1	-	28659	29273	B5M19_RS01990	IDTB1	-	867432	868046
B5M19_RS02000	NZ_KZ266902.1	+	29811	31341	B5M19_RS02000	IDTB1	-	865364	866894
B5M19_RS02010	NZ_KZ266902.1	-	35015	36628	B5M19_RS02010	IDTB1	-	860077	861690
B5M19_RS02015	NZ_KZ266902.1	-	36621	38219	B5M19_RS02015	IDTB1	-	858486	860084
B5M19_RS04300	NZ_KZ266902.1	-	38253	39081	B5M19_RS04300	IDTB1	-	857624	858452
B5M19_RS04305	NZ_KZ266902.1	-	39093	40459	B5M19_RS04305	IDTB1	-	856246	857612
B5M19_RS02025	NZ_KZ266903.1	+	250	1683	B5M19_RS02025	IDTB1	-	378188	379621
B5M19_RS02030	NZ_KZ266903.1	+	1676	2410	B5M19_RS02030	IDTB1	-	377461	378195
B5M19_RS02040	NZ_KZ266903.1	-	3355	5319	B5M19_RS02040	IDTB1	-	374552	376516
B5M19_RS02045	NZ_KZ266903.1	-	5396	7678	B5M19_RS02045	IDTB1	-	372193	374475
B5M19_RS04310	NZ_KZ266903.1	-	7644	7948	B5M19_RS04310	IDTB1	-	371923	372227
B5M19_RS04315	NZ_KZ266903.1	-	8030	8530	B5M19_RS04315	IDTB1	-	371341	371841
B5M19_RS02055	NZ_KZ266903.1	+	9035	14962	B5M19_RS02055	IDTB1	-	364909	370836
B5M19_RS02060	NZ_KZ266903.1	-	15272	16444	B5M19_RS02060	IDTB1	-	363427	364599
B5M19_RS02065	NZ_KZ266903.1	-	16447	17478	B5M19_RS02065	IDTB1	-	362393	363424
B5M19_RS02070	NZ_KZ266903.1	-	17481	18344	B5M19_RS02070	IDTB1	-	361527	362390
B5M19_RS02075	NZ_KZ266903.1	-	18325	18657	B5M19_RS02075	IDTB1	-	361214	361546
B5M19_RS02080	NZ_KZ266903.1	+	19069	19890	B5M19_RS02080	IDTB1	-	359981	360802
B5M19_RS02085	NZ_KZ266903.1	+	19893	22196	B5M19_RS02085	IDTB1	-	357675	359978
B5M19_RS02090	NZ_KZ266903.1	+	22300	24252	B5M19_RS02090	IDTB1	-	355619	357571
B5M19_RS02095	NZ_KZ266903.1	+	24402	24742	B5M19_RS02095	IDTB1	-	355129	355469
B5M19_RS02100	NZ_KZ266903.1	+	24797	26103	B5M19_RS02100	IDTB1	-	353768	355074
B5M19_RS02105	NZ_KZ266903.1	+	26108	28519	B5M19_RS02105	IDTB1	-	351352	353763
B5M19_RS02110	NZ_KZ266903.1	+	29171	30166	B5M19_RS02110	IDTB1	-	349705	350700
B5M19_RS02115	NZ_KZ266903.1	+	30189	31517	B5M19_RS02115	IDTB1	-	348354	349682
B5M19_RS02120	NZ_KZ266903.1	+	31507	31860	B5M19_RS02120	IDTB1	-	348011	348364
B5M19_RS04320	NZ_KZ266903.1	+	32031	32207	B5M19_RS04320	IDTB1	-	347664	347840
B5M19_RS04325	NZ_KZ266903.1	-	32236	32448	B5M19_RS04325	IDTB1	-	347423	347635
B5M19_RS02130	NZ_KZ266904.1	-	1	2412	B5M19_RS02130	IDTB1	-	227052	229463
B5M19_RS02135	NZ_KZ266904.1	-	2423	8566	B5M19_RS02135	IDTB1	-	220898	227041
B5M19_RS02140	NZ_KZ266904.1	-	8553	9884	B5M19_RS02140	IDTB1	-	219580	220911
B5M19_RS02145	NZ_KZ266904.1	-	9874	11286	B5M19_RS02145	IDTB1	-	218178	219590
B5M19_RS02150	NZ_KZ266904.1	-	11288	12253	B5M19_RS02150	IDTB1	-	217211	218176
B5M19_RS02155	NZ_KZ266904.1	-	12253	13353	B5M19_RS02155	IDTB1	-	216111	217211
B5M19_RS02165	NZ_KZ266904.1	-	13812	14864	B5M19_RS02165	IDTB1	-	214600	215652
B5M19_RS02170	NZ_KZ266904.1	+	15034	16650	B5M19_RS02170	IDTB1	-	212814	214430
B5M19_RS02175	NZ_KZ266904.1	+	16694	18022	B5M19_RS02175	IDTB1	-	211442	212770
B5M19_RS02180	NZ_KZ266904.1	-	18011	18841	B5M19_RS02180	IDTB1	-	210623	211453
B5M19_RS02185	NZ_KZ266904.1	-	18843	20044	B5M19_RS02185	IDTB1	-	209420	210621
B5M19_RS04330	NZ_KZ266904.1	-	20132	20344	B5M19_RS04330	IDTB1	-	209120	209332
B5M19_RS04335	NZ_KZ266904.1	-	20457	21182	B5M19_RS04335	IDTB1	-	208282	209007
B5M19_RS04340	NZ_KZ266904.1	-	21263	22606	B5M19_RS04340	IDTB1	-	206858	208201
B5M19_RS02195	NZ_KZ266904.1	-	22646	23539	B5M19_RS02195	IDTB1	-	205925	206818
B5M19_RS02200	NZ_KZ266904.1	-	23517	24071	B5M19_RS02200	IDTB1	-	205393	205947
B5M19_RS02205	NZ_KZ266904.1	-	24105	24533	B5M19_RS02205	IDTB1	-	204931	205359
B5M19_RS02210	NZ_KZ266904.1	-	24539	24970	B5M19_RS02210	IDTB1	-	204494	204925
B5M19_RS04345	NZ_KZ266904.1	-	24946	26632	B5M19_RS04345	IDTB1	-	202832	204518
B5M19_RS04350	NZ_KZ266904.1	-	26715	27599	B5M19_RS04350	IDTB1	-	201865	202749
B5M19_RS02220	NZ_KZ266904.1	+	27674	28357	B5M19_RS02220	IDTB1	-	201107	201790
B5M19_RS02225	NZ_KZ266904.1	-	28674	29284	B5M19_RS02225	IDTB1	-	200180	200790
B5M19_RS04355	NZ_KZ266905.1	-	533	925	B5M19_RS04355	IDTB1	+	230096	230488
B5M19_RS02235	NZ_KZ266905.1	+	1152	1964	B5M19_RS02235	IDTB1	+	230715	231527
B5M19_RS02240	NZ_KZ266905.1	+	2005	2757	B5M19_RS02240	IDTB1	+	231568	232320
B5M19_RS02245	NZ_KZ266905.1	+	2775	3017	B5M19_RS02245	IDTB1	+	232338	232580
B5M19_RS02250	NZ_KZ266905.1	+	3021	4454	B5M19_RS02250	IDTB1	+	232584	234017
B5M19_RS02255	NZ_KZ266905.1	+	4462	6819	B5M19_RS02255	IDTB1	+	234025	236382
B5M19_RS03915	NZ_KZ266905.1	+	6812	6996	B5M19_RS03915	IDTB1	+	236375	236559
B5M19_RS02265	NZ_KZ266905.1	+	7080	7853	B5M19_RS02265	IDTB1	+	236643	237416
B5M19_RS02270	NZ_KZ266905.1	+	7868	8701	B5M19_RS02270	IDTB1	+	237431	238264
B5M19_RS04360	NZ_KZ266905.1	+	8705	9005	B5M19_RS04360	IDTB1	+	238268	238568
B5M19_RS02280	NZ_KZ266905.1	+	9371	10360	B5M19_RS02280	IDTB1	+	238934	239923
B5M19_RS02285	NZ_KZ266905.1	+	10508	10696	B5M19_RS02285	IDTB1	+	240071	240259
B5M19_RS02295	NZ_KZ266905.1	+	10963	12531	B5M19_RS02295	IDTB1	+	240526	242094
B5M19_RS02305	NZ_KZ266905.1	+	12748	13104	B5M19_RS02305	IDTB1	+	242311	242667
B5M19_RS02310	NZ_KZ266905.1	+	13110	14939	B5M19_RS02310	IDTB1	+	242673	244502
B5M19_RS02315	NZ_KZ266905.1	+	14917	17571	B5M19_RS02315	IDTB1	+	244480	247134
B5M19_RS02320	NZ_KZ266905.1	+	17564	18148	B5M19_RS02320	IDTB1	+	247127	247711
B5M19_RS04365	NZ_KZ266905.1	+	18148	21834	B5M19_RS04365	IDTB1	+	247711	251397
B5M19_RS03875	NZ_KZ266905.1	-	21993	22208	B5M19_RS03875	IDTB1	+	251556	251771
B5M19_RS02335	NZ_KZ266905.1	+	22284	23525	B5M19_RS02335	IDTB1	+	251847	253088
B5M19_RS04370	NZ_KZ266905.1	+	24435	24800	B5M19_RS04370	IDTB1	+	253998	254363
B5M19_RS02350	NZ_KZ266905.1	-	24838	27000	B5M19_RS02350	IDTB1	+	254401	256563
B5M19_RS02355	NZ_KZ266905.1	-	27055	27507	B5M19_RS02355	IDTB1	+	256618	257070
B5M19_RS02360	NZ_KZ266905.1	-	27509	27753	B5M19_RS02360	IDTB1	+	257072	257316
B5M19_RS02365	NZ_KZ266906.1	+	427	1143	B5M19_RS02365	IDTB1	+	94249	94965
B5M19_RS02370	NZ_KZ266906.1	-	1524	4367	B5M19_RS02370	IDTB1	+	95346	98189
B5M19_RS02375	NZ_KZ266906.1	-	4360	6816	B5M19_RS02375	IDTB1	+	98182	100638
B5M19_RS02380	NZ_KZ266906.1	-	7012	7344	B5M19_RS02380	IDTB1	+	100834	101166
B5M19_RS02385	NZ_KZ266906.1	+	7501	9066	B5M19_RS02385	IDTB1	+	101323	102888
B5M19_RS02390	NZ_KZ266906.1	-	9089	9676	B5M19_RS02390	IDTB1	+	102911	103498
B5M19_RS02395	NZ_KZ266906.1	+	9833	9906	B5M19_RS02395	IDTB1	+	103655	103728
B5M19_RS02400	NZ_KZ266906.1	+	10047	10538	B5M19_RS02400	IDTB1	+	103869	104360
B5M19_RS02405	NZ_KZ266906.1	+	11083	12069	B5M19_RS02405	IDTB1	+	104905	105891
B5M19_RS02410	NZ_KZ266906.1	+	12206	13123	B5M19_RS02410	IDTB1	+	106028	106945
B5M19_RS02415	NZ_KZ266906.1	+	13148	16582	B5M19_RS02415	IDTB1	+	106970	110404
B5M19_RS02420	NZ_KZ266906.1	+	16591	19521	B5M19_RS02420	IDTB1	+	110413	113343
B5M19_RS02425	NZ_KZ266906.1	-	19526	21604	B5M19_RS02425	IDTB1	+	113348	115426
B5M19_RS02430	NZ_KZ266906.1	+	21788	22516	B5M19_RS02430	IDTB1	+	115610	116338
B5M19_RS02435	NZ_KZ266906.1	+	22635	22901	B5M19_RS02435	IDTB1	+	116457	116723
B5M19_RS02440	NZ_KZ266906.1	+	23032	23413	B5M19_RS02440	IDTB1	+	116854	117235
B5M19_RS02445	NZ_KZ266906.1	-	23478	24283	B5M19_RS02445	IDTB1	+	117300	118105
B5M19_RS04375	NZ_KZ266907.1	-	1	202	B5M19_RS04375	IDTB1	+	526175	526376
B5M19_RS02450	NZ_KZ266907.1	-	213	7215	B5M19_RS02450	IDTB1	+	526387	533389
B5M19_RS02455	NZ_KZ266907.1	-	7330	10276	B5M19_RS02455	IDTB1	+	533504	536450
B5M19_RS02460	NZ_KZ266907.1	-	10377	11107	B5M19_RS02460	IDTB1	+	536551	537281
B5M19_RS02465	NZ_KZ266907.1	-	11232	13930	B5M19_RS02465	IDTB1	+	537406	540104
B5M19_RS03925	NZ_KZ266907.1	-	13983	14778	B5M19_RS03925	IDTB1	+	540157	540952
B5M19_RS02470	NZ_KZ266907.1	-	14796	20051	B5M19_RS02470	IDTB1	+	540970	546225
B5M19_RS04380	NZ_KZ266907.1	-	20062	20471	B5M19_RS04380	IDTB1	+	546236	546645
B5M19_RS02475	NZ_KZ266907.1	-	20482	22299	B5M19_RS02475	IDTB1	+	546656	548473
B5M19_RS02480	NZ_KZ266908.1	+	414	1334	B5M19_RS02480	IDTB1	+	631386	632306
B5M19_RS02485	NZ_KZ266908.1	+	1334	3181	B5M19_RS02485	IDTB1	+	632306	634153
B5M19_RS02490	NZ_KZ266908.1	-	3413	4621	B5M19_RS02490	IDTB1	+	634385	635593
B5M19_RS02495	NZ_KZ266908.1	-	4621	5574	B5M19_RS02495	IDTB1	+	635593	636546
B5M19_RS02500	NZ_KZ266908.1	-	5693	6706	B5M19_RS02500	IDTB1	+	636665	637678
B5M19_RS02505	NZ_KZ266908.1	-	6711	7247	B5M19_RS02505	IDTB1	+	637683	638219
B5M19_RS02510	NZ_KZ266908.1	-	7325	8089	B5M19_RS02510	IDTB1	+	638297	639061
B5M19_RS02515	NZ_KZ266908.1	-	8070	8960	B5M19_RS02515	IDTB1	+	639042	639932
B5M19_RS02520	NZ_KZ266908.1	+	9205	10464	B5M19_RS02520	IDTB1	+	640177	641436
B5M19_RS02525	NZ_KZ266908.1	+	10590	12128	B5M19_RS02525	IDTB1	+	641562	643100
B5M19_RS02530	NZ_KZ266908.1	+	12128	13378	B5M19_RS02530	IDTB1	+	643100	644350
B5M19_RS02535	NZ_KZ266908.1	+	13350	13946	B5M19_RS02535	IDTB1	+	644322	644918
B5M19_RS02540	NZ_KZ266908.1	+	13933	14826	B5M19_RS02540	IDTB1	+	644905	645798
B5M19_RS02545	NZ_KZ266908.1	-	15067	15985	B5M19_RS02545	IDTB1	+	646039	646957
B5M19_RS02550	NZ_KZ266908.1	-	16194	16648	B5M19_RS02550	IDTB1	+	647166	647620
B5M19_RS02555	NZ_KZ266908.1	-	17064	17318	B5M19_RS02555	IDTB1	+	648036	648290
B5M19_RS04585	NZ_KZ266908.1	-	17694	17819	B5M19_RS04585	IDTB1	+	648666	648791
B5M19_RS02560	NZ_KZ266908.1	-	18535	20358	B5M19_RS02560	IDTB1	+	649507	651330
B5M19_RS02565	NZ_KZ266909.1	-	185	457	B5M19_RS02565	IDTB1	-	284119	284391
B5M19_RS02570	NZ_KZ266909.1	-	606	1061	B5M19_RS02570	IDTB1	-	283515	283970
B5M19_RS02575	NZ_KZ266909.1	-	1136	2839	B5M19_RS02575	IDTB1	-	281737	283440
B5M19_RS02580	NZ_KZ266909.1	-	2832	4118	B5M19_RS02580	IDTB1	-	280458	281744
B5M19_RS02585	NZ_KZ266909.1	-	4208	6805	B5M19_RS02585	IDTB1	-	277771	280368
B5M19_RS03930	NZ_KZ266909.1	+	7525	8253	B5M19_RS03930	IDTB1	-	276323	277051
B5M19_RS02595	NZ_KZ266909.1	+	8234	8911	B5M19_RS02595	IDTB1	-	275665	276342
B5M19_RS04385	NZ_KZ266909.1	+	8796	9623	B5M19_RS04385	IDTB1	-	274953	275780
B5M19_RS04390	NZ_KZ266909.1	+	9627	10271	B5M19_RS04390	IDTB1	-	274305	274949
B5M19_RS04395	NZ_KZ266909.1	+	10310	10684	B5M19_RS04395	IDTB1	-	273892	274266
B5M19_RS02610	NZ_KZ266909.1	-	10795	11838	B5M19_RS02610	IDTB1	-	272738	273781
B5M19_RS02615	NZ_KZ266909.1	-	11861	13066	B5M19_RS02615	IDTB1	-	271510	272715
B5M19_RS04400	NZ_KZ266909.1	-	13089	14903	B5M19_RS04400	IDTB1	-	269673	271487
B5M19_RS04405	NZ_KZ266909.1	-	14916	15528	B5M19_RS04405	IDTB1	-	269048	269660
B5M19_RS04410	NZ_KZ266909.1	-	15539	16455	B5M19_RS04410	IDTB1	-	268121	269037
B5M19_RS02630	NZ_KZ266909.1	-	16467	17369	B5M19_RS02630	IDTB1	-	267207	268109
B5M19_RS02635	NZ_KZ266909.1	-	17369	19146	B5M19_RS02635	IDTB1	-	265430	267207
B5M19_RS02640	NZ_KZ266910.1	+	827	2567	B5M19_RS02640	IDTB1	-	522641	524381
B5M19_RS04415	NZ_KZ266910.1	+	2767	3642	B5M19_RS04415	IDTB1	-	521566	522441
B5M19_RS04420	NZ_KZ266910.1	+	3633	4511	B5M19_RS04420	IDTB1	-	520697	521575
B5M19_RS02655	NZ_KZ266910.1	+	4589	6787	B5M19_RS02655	IDTB1	-	518421	520619
B5M19_RS02660	NZ_KZ266910.1	+	7102	7770	B5M19_RS02660	IDTB1	-	517438	518106
B5M19_RS02665	NZ_KZ266910.1	+	7745	8635	B5M19_RS02665	IDTB1	-	516573	517463
B5M19_RS02670	NZ_KZ266910.1	+	8625	9347	B5M19_RS02670	IDTB1	-	515861	516583
B5M19_RS02675	NZ_KZ266910.1	+	9331	10227	B5M19_RS02675	IDTB1	-	514981	515877
B5M19_RS02680	NZ_KZ266910.1	+	10220	10732	B5M19_RS02680	IDTB1	-	514476	514988
B5M19_RS02685	NZ_KZ266910.1	+	10855	12369	B5M19_RS02685	IDTB1	-	512839	514353
B5M19_RS04425	NZ_KZ266910.1	+	12396	12817	B5M19_RS04425	IDTB1	-	512391	512812
B5M19_RS02695	NZ_KZ266910.1	+	13178	14428	B5M19_RS02695	IDTB1	-	510780	512030
B5M19_RS02700	NZ_KZ266910.1	+	14833	16059	B5M19_RS02700	IDTB1	-	509149	510375
B5M19_RS02705	NZ_KZ266910.1	-	16066	17184	B5M19_RS02705	IDTB1	-	508024	509142
B5M19_RS02710	NZ_KZ266910.1	-	17184	18080	B5M19_RS02710	IDTB1	-	507128	508024
B5M19_RS02720	NZ_KZ266911.1	-	73	2373	B5M19_RS02720	IDTB1	+	470555	472855
B5M19_RS02725	NZ_KZ266911.1	-	2483	3049	B5M19_RS02725	IDTB1	+	472965	473531
B5M19_RS02730	NZ_KZ266911.1	-	3059	3898	B5M19_RS02730	IDTB1	+	473541	474380
B5M19_RS02735	NZ_KZ266911.1	-	3882	4862	B5M19_RS02735	IDTB1	+	474364	475344
B5M19_RS02740	NZ_KZ266911.1	-	4807	5967	B5M19_RS02740	IDTB1	+	475289	476449
B5M19_RS02745	NZ_KZ266911.1	+	6111	7925	B5M19_RS02745	IDTB1	+	476593	478407
B5M19_RS02750	NZ_KZ266911.1	+	8111	9163	B5M19_RS02750	IDTB1	+	478593	479645
B5M19_RS02755	NZ_KZ266911.1	+	9227	10996	B5M19_RS02755	IDTB1	+	479709	481478
B5M19_RS02760	NZ_KZ266911.1	+	11415	11705	B5M19_RS02760	IDTB1	+	481897	482187
B5M19_RS02765	NZ_KZ266911.1	+	11731	12210	B5M19_RS02765	IDTB1	+	482213	482692
B5M19_RS02770	NZ_KZ266911.1	+	12377	15324	B5M19_RS02770	IDTB1	+	482859	485806
B5M19_RS02775	NZ_KZ266911.1	+	15337	18201	B5M19_RS02775	IDTB1	+	485819	488683
B5M19_RS02780	NZ_KZ266912.1	+	26	118	B5M19_RS02780	IDTB1	-	565327	565419
B5M19_RS02785	NZ_KZ266912.1	+	124	208	B5M19_RS02785	IDTB1	-	565237	565321
B5M19_RS02790	NZ_KZ266912.1	+	410	859	B5M19_RS02790	IDTB1	-	564586	565035
B5M19_RS02795	NZ_KZ266912.1	+	861	1556	B5M19_RS02795	IDTB1	-	563889	564584
B5M19_RS02800	NZ_KZ266912.1	-	1617	2531	B5M19_RS02800	IDTB1	-	562914	563828
B5M19_RS02805	NZ_KZ266912.1	-	2509	2946	B5M19_RS02805	IDTB1	-	562499	562936
B5M19_RS02810	NZ_KZ266912.1	-	2964	3185	B5M19_RS02810	IDTB1	-	562260	562481
B5M19_RS02815	NZ_KZ266912.1	-	3244	3849	B5M19_RS02815	IDTB1	-	561596	562201
B5M19_RS02820	NZ_KZ266912.1	-	3863	4447	B5M19_RS02820	IDTB1	-	560998	561582
B5M19_RS02825	NZ_KZ266912.1	+	4639	12594	B5M19_RS02825	IDTB1	-	552851	560806
B5M19_RS02830	NZ_KZ266912.1	+	12714	13601	B5M19_RS02830	IDTB1	-	551844	552731
B5M19_RS02835	NZ_KZ266912.1	+	13688	14824	B5M19_RS02835	IDTB1	-	550621	551757
B5M19_RS02840	NZ_KZ266912.1	+	14919	14994	B5M19_RS02840	IDTB1	-	550451	550526
B5M19_RS02845	NZ_KZ266912.1	+	15071	15868	B5M19_RS02845	IDTB1	-	549577	550374
B5M19_RS02850	NZ_KZ266912.1	+	16010	16606	B5M19_RS02850	IDTB1	-	548839	549435
B5M19_RS02855	NZ_KZ266913.1	-	351	1568	B5M19_RS02855	IDTB1	+	840512	841729
B5M19_RS04430	NZ_KZ266913.1	+	1688	1894	B5M19_RS04430	IDTB1	+	841849	842055
B5M19_RS02865	NZ_KZ266913.1	+	1875	3452	B5M19_RS02865	IDTB1	+	842036	843613
B5M19_RS04435	NZ_KZ266913.1	-	3574	5455	B5M19_RS04435	IDTB1	+	843735	845616
B5M19_RS04440	NZ_KZ266913.1	-	5539	7202	B5M19_RS04440	IDTB1	+	845700	847363
B5M19_RS02875	NZ_KZ266913.1	-	7180	8052	B5M19_RS02875	IDTB1	+	847341	848213
B5M19_RS04445	NZ_KZ266913.1	-	8045	9319	B5M19_RS04445	IDTB1	+	848206	849480
B5M19_RS04450	NZ_KZ266913.1	-	9351	10115	B5M19_RS04450	IDTB1	+	849512	850276
B5M19_RS02885	NZ_KZ266913.1	-	10358	12028	B5M19_RS02885	IDTB1	+	850519	852189
B5M19_RS02890	NZ_KZ266913.1	-	12069	12335	B5M19_RS02890	IDTB1	+	852230	852496
B5M19_RS02895	NZ_KZ266913.1	-	12649	13689	B5M19_RS02895	IDTB1	+	852810	853850
B5M19_RS03935	NZ_KZ266913.1	-	13696	14000	B5M19_RS03935	IDTB1	+	853857	854161
B5M19_RS02905	NZ_KZ266913.1	-	14168	15565	B5M19_RS02905	IDTB1	+	854329	855726
B5M19_RS02910	NZ_KZ266914.1	-	252	1925	B5M19_RS02910	IDTB1	+	453035	454708
B5M19_RS02915	NZ_KZ266914.1	+	2114	2641	B5M19_RS02915	IDTB1	+	454897	455424
B5M19_RS04620	NZ_KZ266914.1	+	2706	2876	B5M19_RS04620	IDTB1	+	455489	455659
B5M19_RS04455	NZ_KZ266914.1	+	2966	3406	B5M19_RS04455	IDTB1	+	455749	456189
B5M19_RS02925	NZ_KZ266914.1	+	3721	4337	B5M19_RS02925	IDTB1	+	456504	457120
B5M19_RS02930	NZ_KZ266914.1	-	4492	6033	B5M19_RS02930	IDTB1	+	457275	458816
B5M19_RS02935	NZ_KZ266914.1	-	6026	6796	B5M19_RS02935	IDTB1	+	458809	459579
B5M19_RS02940	NZ_KZ266914.1	-	6786	7799	B5M19_RS02940	IDTB1	+	459569	460582
B5M19_RS02945	NZ_KZ266914.1	-	8039	9022	B5M19_RS02945	IDTB1	+	460822	461805
B5M19_RS02950	NZ_KZ266914.1	-	9053	9943	B5M19_RS02950	IDTB1	+	461836	462726
B5M19_RS02955	NZ_KZ266914.1	-	9945	10385	B5M19_RS02955	IDTB1	+	462728	463168
B5M19_RS04460	NZ_KZ266914.1	+	11182	11440	B5M19_RS04460	IDTB1	+	463965	464223
B5M19_RS02960	NZ_KZ266914.1	+	11521	12563	B5M19_RS02960	IDTB1	+	464304	465346
B5M19_RS02965	NZ_KZ266914.1	-	12676	12987	B5M19_RS02965	IDTB1	+	465459	465770
B5M19_RS04465	NZ_KZ266914.1	-	12959	13165	B5M19_RS04465	IDTB1	+	465742	465948
B5M19_RS03940	NZ_KZ266914.1	-	13421	13597	B5M19_RS03940	IDTB1	+	466204	466380
B5M19_RS04625	NZ_KZ266914.1	-	13722	13866	B5M19_RS04625	IDTB1	+	466505	466649
B5M19_RS04470	NZ_KZ266914.1	-	13970	15176	B5M19_RS04470	IDTB1	+	466753	467959
B5M19_RS02985	NZ_KZ266915.1	+	1	2010	B5M19_RS02985	IDTB1	-	760655	762664
B5M19_RS02990	NZ_KZ266915.1	+	2033	4489	B5M19_RS02990	IDTB1	-	758176	760632
B5M19_RS02995	NZ_KZ266915.1	-	4842	5438	B5M19_RS02995	IDTB1	-	757227	757823
B5M19_RS03000	NZ_KZ266915.1	-	5656	5925	B5M19_RS03000	IDTB1	-	756740	757009
B5M19_RS03005	NZ_KZ266915.1	-	6022	6095	B5M19_RS03005	IDTB1	-	756570	756643
B5M19_RS03010	NZ_KZ266915.1	-	6220	6736	B5M19_RS03010	IDTB1	-	755929	756445
B5M19_RS03015	NZ_KZ266915.1	-	6795	7706	B5M19_RS03015	IDTB1	-	754959	755870
B5M19_RS03020	NZ_KZ266915.1	-	7706	9418	B5M19_RS03020	IDTB1	-	753247	754959
B5M19_RS03025	NZ_KZ266915.1	-	9421	10935	B5M19_RS03025	IDTB1	-	751730	753244
B5M19_RS03030	NZ_KZ266915.1	-	11097	12452	B5M19_RS03030	IDTB1	-	750213	751568
B5M19_RS03035	NZ_KZ266915.1	-	12709	13266	B5M19_RS03035	IDTB1	-	749399	749956
B5M19_RS03040	NZ_KZ266915.1	-	13317	14117	B5M19_RS03040	IDTB1	-	748548	749348
B5M19_RS03045	NZ_KZ266915.1	-	14107	14970	B5M19_RS03045	IDTB1	-	747695	748558
B5M19_RS03050	NZ_KZ266916.1	-	177	926	B5M19_RS03050	IDTB1	+	180626	181375
B5M19_RS03055	NZ_KZ266916.1	-	935	1574	B5M19_RS03055	IDTB1	+	181384	182023
B5M19_RS04475	NZ_KZ266916.1	-	1587	1766	B5M19_RS04475	IDTB1	+	182036	182215
B5M19_RS03060	NZ_KZ266916.1	+	2415	2490	B5M19_RS03060	IDTB1	+	182864	182939
B5M19_RS03065	NZ_KZ266916.1	-	2592	3596	B5M19_RS03065	IDTB1	+	183041	184045
B5M19_RS03070	NZ_KZ266916.1	-	3596	4720	B5M19_RS03070	IDTB1	+	184045	185169
B5M19_RS04480	NZ_KZ266916.1	-	4910	5425	B5M19_RS04480	IDTB1	+	185359	185874
B5M19_RS03075	NZ_KZ266916.1	-	5518	7033	B5M19_RS03075	IDTB1	+	185967	187482
B5M19_RS03080	NZ_KZ266916.1	-	7118	8335	B5M19_RS03080	IDTB1	+	187567	188784
B5M19_RS03085	NZ_KZ266916.1	+	8657	8732	B5M19_RS03085	IDTB1	+	189106	189181
B5M19_RS03090	NZ_KZ266916.1	+	8794	9762	B5M19_RS03090	IDTB1	+	189243	190211
B5M19_RS03095	NZ_KZ266916.1	+	10239	12158	B5M19_RS03095	IDTB1	+	190688	192607
B5M19_RS03100	NZ_KZ266917.1	+	162	659	B5M19_RS03100	IDTB1	-	773461	773958
B5M19_RS03105	NZ_KZ266917.1	+	671	1036	B5M19_RS03105	IDTB1	-	773084	773449
B5M19_RS03110	NZ_KZ266917.1	+	1243	4905	B5M19_RS03110	IDTB1	-	769215	772877
B5M19_RS03115	NZ_KZ266917.1	+	4962	9200	B5M19_RS03115	IDTB1	-	764920	769158
B5M19_RS03120	NZ_KZ266917.1	+	9207	9626	B5M19_RS03120	IDTB1	-	764494	764913
B5M19_RS03125	NZ_KZ266917.1	+	9688	10908	B5M19_RS03125	IDTB1	-	763212	764432
B5M19_RS03130	NZ_KZ266918.1	-	16	384	B5M19_RS03130	IDTB1	-	128766	129134
B5M19_RS03135	NZ_KZ266918.1	-	386	673	B5M19_RS03135	IDTB1	-	128477	128764
B5M19_RS03140	NZ_KZ266918.1	-	666	1031	B5M19_RS03140	IDTB1	-	128119	128484
B5M19_RS03145	NZ_KZ266918.1	-	1039	1449	B5M19_RS03145	IDTB1	-	127701	128111
B5M19_RS03150	NZ_KZ266918.1	-	1452	2135	B5M19_RS03150	IDTB1	-	127015	127698
B5M19_RS04630	NZ_KZ266918.1	-	2135	2746	B5M19_RS04630	IDTB1	-	126404	127015
B5M19_RS03160	NZ_KZ266918.1	-	2760	3032	B5M19_RS03160	IDTB1	-	126118	126390
B5M19_RS03165	NZ_KZ266918.1	-	3032	3880	B5M19_RS03165	IDTB1	-	125270	126118
B5M19_RS03170	NZ_KZ266918.1	-	4003	4506	B5M19_RS03170	IDTB1	-	124644	125147
B5M19_RS03175	NZ_KZ266918.1	-	4510	5154	B5M19_RS03175	IDTB1	-	123996	124640
B5M19_RS03180	NZ_KZ266918.1	-	5147	5839	B5M19_RS03180	IDTB1	-	123311	124003
B5M19_RS03185	NZ_KZ266918.1	-	5841	6161	B5M19_RS03185	IDTB1	-	122989	123309
B5M19_RS03190	NZ_KZ266918.1	+	6741	7169	B5M19_RS03190	IDTB1	-	121981	122409
B5M19_RS03195	NZ_KZ266918.1	+	7580	10088	B5M19_RS03195	IDTB1	-	119062	121570
B5M19_RS03200	NZ_KZ266918.1	+	10302	10884	B5M19_RS03200	IDTB1	-	118266	118848
B5M19_RS03205	NZ_KZ266919.1	+	128	1276	B5M19_RS03205	IDTB1	-	498553	499701
B5M19_RS03210	NZ_KZ266919.1	+	1303	3195	B5M19_RS03210	IDTB1	-	496634	498526
B5M19_RS03215	NZ_KZ266919.1	-	3211	4167	B5M19_RS03215	IDTB1	-	495662	496618
B5M19_RS03220	NZ_KZ266919.1	-	4145	4810	B5M19_RS03220	IDTB1	-	495019	495684
B5M19_RS03225	NZ_KZ266919.1	-	4914	6338	B5M19_RS03225	IDTB1	-	493491	494915
B5M19_RS03230	NZ_KZ266919.1	-	6340	8601	B5M19_RS03230	IDTB1	-	491228	493489
B5M19_RS03235	NZ_KZ266919.1	-	8603	9244	B5M19_RS03235	IDTB1	-	490585	491226
B5M19_RS03240	NZ_KZ266919.1	-	9258	10607	B5M19_RS03240	IDTB1	-	489222	490571
B5M19_RS03245	NZ_KZ266920.1	-	114	1760	B5M19_RS03245	IDTB1	-	345563	347209
B5M19_RS03255	NZ_KZ266920.1	-	1987	2946	B5M19_RS03255	IDTB1	-	344377	345336
B5M19_RS03260	NZ_KZ266920.1	+	3369	4482	B5M19_RS03260	IDTB1	-	342841	343954
B5M19_RS03265	NZ_KZ266920.1	+	5161	5832	B5M19_RS03265	IDTB1	-	341491	342162
B5M19_RS03270	NZ_KZ266920.1	+	5908	7557	B5M19_RS03270	IDTB1	-	339766	341415
B5M19_RS03275	NZ_KZ266920.1	+	7714	10032	B5M19_RS03275	IDTB1	-	337291	339609
B5M19_RS03280	NZ_KZ266920.1	+	10192	10644	B5M19_RS03280	IDTB1	-	336679	337131
B5M19_RS04485	NZ_KZ266921.1	+	90	282	B5M19_RS04485	IDTB1	-	389946	390138
B5M19_RS04490	NZ_KZ266921.1	+	349	670	B5M19_RS04490	IDTB1	-	389558	389879
B5M19_RS03295	NZ_KZ266921.1	-	1077	2180	B5M19_RS03295	IDTB1	-	388048	389151
B5M19_RS03300	NZ_KZ266921.1	-	2190	2453	B5M19_RS03300	IDTB1	-	387775	388038
B5M19_RS03305	NZ_KZ266921.1	-	2471	3031	B5M19_RS03305	IDTB1	-	387197	387757
B5M19_RS03310	NZ_KZ266921.1	-	3049	3774	B5M19_RS03310	IDTB1	-	386454	387179
B5M19_RS04495	NZ_KZ266921.1	+	4182	4446	B5M19_RS04495	IDTB1	-	385782	386046
B5M19_RS03320	NZ_KZ266921.1	-	4497	5615	B5M19_RS03320	IDTB1	-	384613	385731
B5M19_RS03325	NZ_KZ266921.1	-	5757	6515	B5M19_RS03325	IDTB1	-	383713	384471
B5M19_RS03330	NZ_KZ266921.1	+	6622	7374	B5M19_RS03330	IDTB1	-	382854	383606
B5M19_RS04500	NZ_KZ266921.1	+	8137	8370	B5M19_RS04500	IDTB1	-	381858	382091
B5M19_RS03335	NZ_KZ266921.1	+	8403	9207	B5M19_RS03335	IDTB1	-	381021	381825
B5M19_RS04505	NZ_KZ266921.1	+	9373	9678	B5M19_RS04505	IDTB1	-	380550	380855
B5M19_RS03340	NZ_KZ266921.1	+	9753	10071	B5M19_RS03340	IDTB1	-	380157	380475
B5M19_RS03345	NZ_KZ266922.1	+	29	574	B5M19_RS03345	IDTB1	+	129278	129823
B5M19_RS03350	NZ_KZ266922.1	+	621	806	B5M19_RS03350	IDTB1	+	129870	130055
B5M19_RS03355	NZ_KZ266922.1	+	812	1207	B5M19_RS03355	IDTB1	+	130061	130456
B5M19_RS03360	NZ_KZ266922.1	+	1214	1753	B5M19_RS03360	IDTB1	+	130463	131002
B5M19_RS03365	NZ_KZ266922.1	+	1756	2121	B5M19_RS03365	IDTB1	+	131005	131370
B5M19_RS03370	NZ_KZ266922.1	+	2123	2773	B5M19_RS03370	IDTB1	+	131372	132022
B5M19_RS03375	NZ_KZ266922.1	+	2885	3328	B5M19_RS03375	IDTB1	+	132134	132577
B5M19_RS03380	NZ_KZ266922.1	+	3328	4749	B5M19_RS03380	IDTB1	+	132577	133998
B5M19_RS03385	NZ_KZ266922.1	+	4795	5433	B5M19_RS03385	IDTB1	+	134044	134682
B5M19_RS03390	NZ_KZ266922.1	+	5424	6176	B5M19_RS03390	IDTB1	+	134673	135425
B5M19_RS03395	NZ_KZ266922.1	+	6177	6404	B5M19_RS03395	IDTB1	+	135426	135653
B5M19_RS03400	NZ_KZ266922.1	+	6450	6563	B5M19_RS03400	IDTB1	+	135699	135812
B5M19_RS03405	NZ_KZ266922.1	+	6710	7123	B5M19_RS03405	IDTB1	+	135959	136372
B5M19_RS03410	NZ_KZ266922.1	+	7126	7512	B5M19_RS03410	IDTB1	+	136375	136761
B5M19_RS03415	NZ_KZ266922.1	+	7599	8543	B5M19_RS03415	IDTB1	+	136848	137792
B5M19_RS03420	NZ_KZ266922.1	+	8546	8908	B5M19_RS03420	IDTB1	+	137795	138157
B5M19_RS03425	NZ_KZ266923.1	-	93	1376	B5M19_RS03425	IDTB1	+	83502	84785
B5M19_RS03430	NZ_KZ266923.1	-	1381	2079	B5M19_RS03430	IDTB1	+	84790	85488
B5M19_RS04510	NZ_KZ266923.1	-	2168	2414	B5M19_RS04510	IDTB1	+	85577	85823
B5M19_RS03440	NZ_KZ266923.1	-	2807	5758	B5M19_RS03440	IDTB1	+	86216	89167
B5M19_RS03445	NZ_KZ266923.1	-	6062	6137	B5M19_RS03445	IDTB1	+	89471	89546
B5M19_RS03450	NZ_KZ266923.1	-	6139	6214	B5M19_RS03450	IDTB1	+	89548	89623
B5M19_RS03455	NZ_KZ266923.1	-	6217	6291	B5M19_RS03455	IDTB1	+	89626	89700
B5M19_RS03460	NZ_KZ266923.1	-	6343	6433	B5M19_RS03460	IDTB1	+	89752	89842
B5M19_RS03465	NZ_KZ266923.1	-	6438	6513	B5M19_RS03465	IDTB1	+	89847	89922
B5M19_RS03470	NZ_KZ266923.1	-	6569	6645	B5M19_RS03470	IDTB1	+	89978	90054
B5M19_RS03475	NZ_KZ266923.1	-	6650	6726	B5M19_RS03475	IDTB1	+	90059	90135
B5M19_RS03480	NZ_KZ266923.1	-	6733	6809	B5M19_RS03480	IDTB1	+	90142	90218
B5M19_RS03485	NZ_KZ266923.1	-	6891	6967	B5M19_RS03485	IDTB1	+	90300	90376
B5M19_RS03490	NZ_KZ266923.1	+	7018	7836	B5M19_RS03490	IDTB1	+	90427	91245
B5M19_RS03500	NZ_KZ266924.1	-	204	803	B5M19_RS03500	IDTB1	-	199277	199876
B5M19_RS04515	NZ_KZ266924.1	-	1030	1784	B5M19_RS04515	IDTB1	-	198296	199050
B5M19_RS03505	NZ_KZ266924.1	-	1863	3793	B5M19_RS03505	IDTB1	-	196287	198217
B5M19_RS03510	NZ_KZ266924.1	-	3886	6778	B5M19_RS03510	IDTB1	-	193302	196194
B5M19_RS04520	NZ_KZ266924.1	-	6862	7076	B5M19_RS04520	IDTB1	-	193004	193218
B5M19_RS04525	NZ_KZ266925.1	+	120	1775	B5M19_RS04525	IDTB1	+	651808	653463
B5M19_RS03515	NZ_KZ266925.1	+	1850	6046	B5M19_RS03515	IDTB1	+	653538	657734
B5M19_RS03520	NZ_KZ266925.1	-	6148	7356	B5M19_RS03520	IDTB1	+	657836	659044
B5M19_RS03525	NZ_KZ266926.1	+	126	392	B5M19_RS03525	IDTB1	-	336055	336321
B5M19_RS03530	NZ_KZ266926.1	+	414	1097	B5M19_RS03530	IDTB1	-	335350	336033
B5M19_RS03535	NZ_KZ266926.1	+	1157	1522	B5M19_RS03535	IDTB1	-	334925	335290
B5M19_RS03540	NZ_KZ266926.1	+	1527	3437	B5M19_RS03540	IDTB1	-	333010	334920
B5M19_RS03545	NZ_KZ266926.1	+	3468	4115	B5M19_RS03545	IDTB1	-	332332	332979
B5M19_RS03550	NZ_KZ266926.1	+	4097	4684	B5M19_RS03550	IDTB1	-	331763	332350
B5M19_RS03555	NZ_KZ266926.1	-	4696	6300	B5M19_RS03555	IDTB1	-	330147	331751
B5M19_RS03945	NZ_KZ266927.1	+	1	717	B5M19_RS03945	IDTB1	+	896705	897421
B5M19_RS03565	NZ_KZ266927.1	+	896	1853	B5M19_RS03565	IDTB1	+	897600	898557
B5M19_RS03570	NZ_KZ266927.1	+	1889	2176	B5M19_RS03570	IDTB1	+	898593	898880
B5M19_RS03950	NZ_KZ266927.1	+	2166	2546	B5M19_RS03950	IDTB1	+	898870	899250
B5M19_RS03580	NZ_KZ266927.1	+	2632	3183	B5M19_RS03580	IDTB1	+	899336	899887
B5M19_RS03960	NZ_KZ266927.1	+	3354	3780	B5M19_RS03960	IDTB1	+	900058	900484
B5M19_RS04530	NZ_KZ266927.1	+	3791	4174	B5M19_RS04530	IDTB1	+	900495	900878
B5M19_RS03965	NZ_KZ266927.1	+	4146	4444	B5M19_RS03965	IDTB1	+	900850	901148
B5M19_RS04535	NZ_KZ266927.1	+	4671	4905	B5M19_RS04535	IDTB1	+	901375	901609
B5M19_RS03600	NZ_KZ266927.1	+	5013	5352	B5M19_RS03600	IDTB1	+	901717	902056
B5M19_RS03605	NZ_KZ266928.1	-	230	609	B5M19_RS03605	IDTB1	+	502506	502885
B5M19_RS03610	NZ_KZ266928.1	+	893	1450	B5M19_RS03610	IDTB1	+	503169	503726
B5M19_RS03615	NZ_KZ266928.1	+	1489	3336	B5M19_RS03615	IDTB1	+	503765	505612
B5M19_RS03620	NZ_KZ266928.1	-	3565	4252	B5M19_RS03620	IDTB1	+	505841	506528
B5M19_RS03625	NZ_KZ266929.1	+	292	639	B5M19_RS03625	IDTB1	+	565836	566183
B5M19_RS03630	NZ_KZ266929.1	+	699	989	B5M19_RS03630	IDTB1	+	566243	566533
B5M19_RS03635	NZ_KZ266929.1	+	1151	1534	B5M19_RS03635	IDTB1	+	566695	567078
B5M19_RS04540	NZ_KZ266929.1	+	1941	4078	B5M19_RS04540	IDTB1	+	567485	569622
B5M19_RS03645	NZ_KZ266930.1	+	1	405	B5M19_RS03645	IDTB1	+	261900	262304
B5M19_RS03650	NZ_KZ266930.1	+	405	1421	B5M19_RS03650	IDTB1	+	262304	263320
B5M19_RS03655	NZ_KZ266930.1	+	1405	2211	B5M19_RS03655	IDTB1	+	263304	264110
B5M19_RS03660	NZ_KZ266930.1	+	2201	3220	B5M19_RS03660	IDTB1	+	264100	265119
B5M19_RS03665	NZ_KZ266930.1	+	3220	3430	B5M19_RS03665	IDTB1	+	265119	265329
B5M19_RS03670	NZ_KZ266931.1	-	1	984	B5M19_RS03670	IDTB1	-	260816	261799
B5M19_RS03675	NZ_KZ266931.1	+	1463	2667	B5M19_RS03675	IDTB1	-	259133	260337
B5M19_RS03680	NZ_KZ266932.1	+	265	963	B5M19_RS03680	IDTB1	+	906591	907289
B5M19_RS03685	NZ_KZ266932.1	+	968	2251	B5M19_RS03685	IDTB1	+	907294	908577
B5M19_RS03690	NZ_KZ266933.1	-	189	521	B5M19_RS03690	IDTB1	-	469862	470194
B5M19_RS03695	NZ_KZ266933.1	-	588	2027	B5M19_RS03695	IDTB1	-	468356	469795
B5M19_RS03700	NZ_KZ266933.1	-	2072	2146	B5M19_RS03700	IDTB1	-	468237	468311
B5M19_RS03705	NZ_KZ266933.1	-	2151	2234	B5M19_RS03705	IDTB1	-	468149	468232
B5M19_RS04545	NZ_KZ266934.1	-	1	855	B5M19_RS04545	IDTB1	+	91595	92449
B5M19_RS04550	NZ_KZ266934.1	-	934	1746	B5M19_RS04550	IDTB1	+	92528	93340
B5M19_RS03715	NZ_KZ266935.1	+	1	1974	B5M19_RS03715	IDTB1	+	908670	910643
B5M19_RS03720	NZ_KZ266936.1	+	631	1518	B5M19_RS03720	IDTB1	-	257417	258304
B5M19_RS03725	NZ_KZ266937.1	+	1	223	B5M19_RS03725	IDTB1	-	704153	704375
B5M19_RS03730	NZ_KZ266937.1	+	479	1435	B5M19_RS03730	IDTB1	-	702941	703897
B5M19_RS03970	NZ_KZ266938.1	-	217	369	B5M19_RS03970	IDTB1	+	902367	902519
B5M19_RS03735	NZ_KZ266938.1	-	373	642	B5M19_RS03735	IDTB1	+	902523	902792
B5M19_RS03975	NZ_KZ266938.1	-	653	1479	B5M19_RS03975	IDTB1	+	902803	903629
B5M19_RS04555	NZ_KZ266939.1	+	1	248	B5M19_RS04555	IDTB1	+	903630	903877
B5M19_RS03745	NZ_KZ266939.1	+	261	1365	B5M19_RS03745	IDTB1	+	903890	904994
B5M19_RS03750	NZ_KZ266940.1	+	257	1042	B5M19_RS03750	IDTB1	-	704476	705261
B5M19_RS04560	NZ_KZ266941.1	+	1	236	B5M19_RS04560	IDTB1	+	905076	905311
B5M19_RS03980	NZ_KZ266941.1	+	259	591	B5M19_RS03980	IDTB1	+	905334	905666
B5M19_RS03760	NZ_KZ266941.1	+	770	1251	B5M19_RS03760	IDTB1	+	905845	906326
B5M19_RS03765	NZ_KZ266942.1	-	1	1174	B5M19_RS03765	IDTB1	+	501003	502176
B5M19_RS03770	NZ_KZ266943.1	-	1	210	B5M19_RS03770	IDTB1	-	913	1122
B5M19_RS03775	NZ_KZ266943.1	-	217	1080	B5M19_RS03775	IDTB1	-	43	906
B5M19_RS03985	NZ_KZ266944.1	+	1	441	B5M19_RS03985	IDTB1	+	910644	911084
B5M19_RS03785	NZ_KZ266944.1	+	428	886	B5M19_RS03785	IDTB1	+	911071	911529
B5M19_RS04565	NZ_KZ266944.1	+	822	1109	B5M19_RS04565	IDTB1	+	911465	911752
B5M19_RS03790	NZ_KZ266945.1	+	272	974	B5M19_RS03790	IDTB1	-	499929	500631
B5M19_RS03865	NZ_KZ266946.1	+	79	249	B5M19_RS03865	IDTB1	+	911831	912001
B5M19_RS03795	NZ_KZ266946.1	+	289	639	B5M19_RS03795	IDTB1	+	912041	912391
B5M19_RS03800	NZ_KZ266947.1	+	245	767	B5M19_RS03800	IDTB1	-	525308	525830
B5M19_RS03810	NZ_KZ266949.1	+	1	564	B5M19_RS03810	IDTB1	+	912580	913143
B5M19_RS03815	NZ_KZ266950.1	+	1	521	B5M19_RS03815	IDTB1	+	913144	913664
