Orthogroup	MHP_4284_proteins	MHP_168L_proteins
OG0000000	WP_406823103.1	WP_318023914.1
OG0000000	WP_406823272.1	WP_016340207.1, WP_233417365.1
OG0000001	WP_406823250.1	WP_014579709.1
OG0000001	WP_240536609.1	WP_228365393.1
OG0000001	WP_406823154.1	WP_014579924.1, WP_014579925.1
OG0000002	WP_258555377.1	WP_228365382.1
OG0000002	WP_160606963.1	WP_011206235.1
OG0000002	WP_406823273.1	WP_014579753.1
OG0000003	WP_406823224.1	WP_014579780.1
OG0000003	WP_406823281.1	WP_052293597.1
OG0000004	WP_406823181.1	WP_014579982.1
OG0000004	WP_406823182.1	WP_044889045.1
OG0000004	WP_406823184.1	WP_014579984.1
OG0000005	WP_406823208.1	WP_014579527.1
OG0000005	WP_146379450.1	WP_014579529.1
OG0000005	WP_406823209.1, WP_406823210.1	WP_044889029.1
OG0000006	WP_406823130.1	WP_044278023.1
OG0000008	WP_406823102.1	WP_016340224.1
OG0000008	WP_406823264.1	WP_014579768.1
OG0000008	WP_406823131.1	WP_233417351.1
OG0000009	WP_146379497.1	WP_233417359.1, WP_233417360.1
OG0000010	WP_406823282.1	WP_014579794.1
OG0000011	WP_406823289.1	WP_081632348.1
OG0000011	WP_406823288.1	WP_014579809.1
OG0000012	WP_081450695.1	WP_081450695.1
OG0000013	WP_406823122.1	WP_233417349.1
OG0000014	WP_406823237.1	WP_014579660.1
OG0000015	WP_240536643.1	WP_016340204.1
OG0000016	WP_020835836.1	WP_014579937.1
OG0000016	WP_406823211.1	WP_044889030.1
OG0000017	WP_020835500.1	WP_228365403.1
OG0000017	WP_020835837.1	WP_014579938.1
OG0000019	WP_406823174.1, WP_406823173.1	WP_016340245.1
OG0000020	WP_406823202.1	WP_014580041.1
OG0000020	WP_406823203.1	WP_187286313.1
OG0000021	WP_348602819.1	WP_014579781.1
OG0000022	WP_406823266.1	WP_044277993.1
OG0000022	WP_406823271.1	WP_014579755.1
OG0000023	WP_044272391.1	WP_014579716.1, WP_228365414.1, WP_014580035.1
OG0000024	WP_406823153.1	WP_014579922.1
OG0000024	WP_406823249.1	WP_044277983.1, WP_014579707.1
OG0000025	WP_160607943.1	WP_011284074.1
OG0000025	WP_160606775.1	WP_014579756.1
OG0000026	WP_044284614.1	WP_044284614.1
OG0000026	WP_406823270.1	WP_014579760.1
OG0000027	WP_406823196.1	WP_011206475.1
OG0000029	WP_406823230.1	WP_016340189.1
OG0000030	WP_240536353.1	WP_228365396.1
OG0000031	WP_348572080.1	WP_011284063.1
OG0000035	WP_406823183.1	WP_014579983.1
OG0000036	WP_020835495.1, WP_348571921.1	WP_014579530.1
OG0000038	WP_406823274.1	WP_014579779.1
OG0000039	WP_406823260.1, WP_406823259.1	WP_187286318.1
OG0000040	WP_406823189.1	WP_014579993.1
OG0000041	WP_228366127.1	WP_228365413.1
OG0000042	WP_406823168.1	WP_016340243.1
OG0000043	WP_014579804.1	WP_014579804.1
OG0000043	WP_014579804.1	WP_014579681.1
OG0000044	WP_081430780.1	WP_225973034.1
OG0000044	WP_011206179.1	WP_044277998.1
OG0000045	WP_406823261.1	WP_228365422.1
OG0000046	WP_406823193.1	WP_014579994.1
OG0000048	WP_011290213.1	WP_014579838.1
OG0000049	WP_020835860.1	WP_014579961.1
OG0000050	WP_406823126.1	WP_016340231.1
OG0000051	WP_406823144.1	WP_044278027.1
OG0000052	WP_011289937.1	WP_014579524.1
OG0000053	WP_406823255.1	WP_014579730.1
OG0000054	WP_348602541.1	WP_014579883.1
OG0000055	WP_348571923.1	WP_014579531.1
OG0000056	WP_348571887.1	WP_143826159.1
OG0000057	WP_020835847.1	WP_014579950.1
OG0000060	WP_348602763.1	WP_228365415.1
OG0000062	WP_011206522.1	WP_014580045.1
OG0000063	WP_406823204.1	WP_016340258.1
OG0000064	WP_011290440.1	WP_014580043.1
OG0000065	WP_225972975.1	WP_016340219.1
OG0000066	WP_011205965.1	WP_011205965.1
OG0000067	WP_406823225.1	WP_014579588.1
OG0000068	WP_160587949.1	WP_011206103.1
OG0000069	WP_011206373.1	WP_011284269.1
OG0000070	WP_348602542.1	WP_014579884.1
OG0000071	WP_406823187.1	WP_014579991.1
OG0000072	WP_406823188.1	WP_014579992.1
OG0000073	WP_011290025.1	WP_011206093.1
OG0000074	WP_348571983.1	WP_014579624.1
OG0000075	WP_014579568.1	WP_014579568.1
OG0000076	WP_146379475.1	WP_011289987.1
OG0000077	WP_406823222.1	WP_014579581.1
OG0000078	WP_406823268.1	WP_014579762.1
OG0000079	WP_020835797.1	WP_011206305.1
OG0000080	WP_406823141.1	WP_179695988.1
OG0000081	WP_406823218.1	WP_044889031.1
OG0000082	WP_406823121.1	WP_228365387.1
OG0000083	WP_014579823.1	WP_014579823.1
OG0000084	WP_011284142.1	WP_014579845.1
OG0000085	WP_011206223.1	WP_014579844.1
OG0000086	WP_406823091.1	WP_014579843.1
OG0000087	WP_020835732.1	WP_014579840.1
OG0000088	WP_406823093.1	WP_014579839.1
OG0000089	WP_011290212.1	WP_011206231.1
OG0000090	WP_094521535.1	WP_016340175.1
OG0000091	WP_020835487.1	WP_014579522.1
OG0000092	WP_011205847.1	WP_011205847.1
OG0000093	WP_020835484.1	WP_011205846.1
OG0000094	WP_160606485.1	WP_014579519.1
OG0000095	WP_044272251.1	WP_014579516.1
OG0000096	WP_011206529.1	WP_011206529.1
OG0000097	WP_406823206.1	WP_014580048.1
OG0000098	WP_404924345.1	WP_014580046.1
OG0000099	WP_406823200.1	WP_016340255.1
OG0000100	WP_404924338.1	WP_014580027.1
OG0000101	WP_011206510.1	WP_011206510.1
OG0000102	WP_348602859.1	WP_016340208.1
OG0000103	WP_406823095.1	WP_014579835.1
OG0000104	WP_011206239.1	WP_011206239.1
OG0000105	WP_094521691.1	WP_014579832.1
OG0000106	WP_146379631.1	WP_014579830.1
OG0000107	WP_011284169.1	WP_016340218.1
OG0000108	WP_192894278.1	WP_011206247.1
OG0000109	WP_160606848.1	WP_014579826.1
OG0000110	WP_406823119.1	WP_014579870.1
OG0000111	WP_404924516.1	WP_044278012.1
OG0000112	WP_406823117.1	WP_228365385.1
OG0000113	WP_406823114.1	WP_014579864.1
OG0000114	WP_258555507.1	WP_044278010.1
OG0000115	WP_011290245.1	WP_014579859.1
OG0000116	WP_011290103.1	WP_014579712.1
OG0000117	WP_044272388.1	WP_014579713.1
OG0000118	WP_011290108.1	WP_011284023.1
OG0000119	WP_160585678.1	WP_044277984.1
OG0000120	WP_406823252.1	WP_011284027.1
OG0000121	WP_011284032.1	WP_011290114.1
OG0000122	WP_020835643.1	WP_014579725.1
OG0000123	WP_011205954.1	WP_016340201.1
OG0000124	WP_011290118.1	WP_014579726.1
OG0000125	WP_011205952.1	WP_011205952.1
OG0000126	WP_160606641.1	WP_011290120.1
OG0000127	WP_011290122.1	WP_011284040.1
OG0000128	WP_406823256.1	WP_014579731.1
OG0000129	WP_014579732.1	WP_014579732.1
OG0000130	WP_011284046.1	WP_011284046.1
OG0000131	WP_011284047.1	WP_014579734.1
OG0000132	WP_160588229.1	WP_014579737.1
OG0000133	WP_094521764.1	WP_014579589.1
OG0000134	WP_228365407.1	WP_228365407.1
OG0000135	WP_011206120.1	WP_011206120.1
OG0000136	WP_179695961.1	WP_014579592.1
OG0000137	WP_011206113.1	WP_014579598.1
OG0000138	WP_160584793.1	WP_014579656.1
OG0000139	WP_011206102.1	WP_016340195.1
OG0000140	WP_160584795.1	WP_011206101.1
OG0000141	WP_406823167.1	WP_016340242.1
OG0000142	WP_406823166.1	WP_016340241.1
OG0000143	WP_011206391.1	WP_011206391.1
OG0000144	WP_406823165.1	WP_014579946.1
OG0000145	WP_225972996.1	WP_228365394.1
OG0000146	WP_011206385.1	WP_011206385.1
OG0000147	WP_011206384.1	WP_011206384.1
OG0000148	WP_135619012.1	WP_016340240.1
OG0000149	WP_011290331.1	WP_011290331.1
OG0000150	WP_011206376.1	WP_011206376.1
OG0000151	WP_020835828.1	WP_014579931.1
OG0000152	WP_406823158.1	WP_014579930.1
OG0000153	WP_406823157.1	WP_014579929.1
OG0000154	WP_011206345.1	WP_044278028.1
OG0000155	WP_020835820.1	WP_011206337.1
OG0000156	WP_406823151.1	WP_011206335.1
OG0000157	WP_020835818.1	WP_014579918.1
OG0000158	WP_406823149.1	WP_014579917.1
OG0000159	WP_011206289.1	WP_011206289.1
OG0000160	WP_406823128.1	WP_044278019.1
OG0000161	WP_406823127.1	WP_014579880.1
OG0000162	WP_135619210.1	WP_081632352.1
OG0000163	WP_406823125.1	WP_014579877.1
OG0000164	WP_406823258.1	WP_014579775.1
OG0000165	WP_011206200.1	WP_016340213.1
OG0000166	WP_160590029.1	WP_014579811.1
OG0000167	WP_011206207.1	WP_014579814.1
OG0000168	WP_135618848.1	WP_014579815.1
OG0000169	WP_002557698.1	WP_002557698.1
OG0000170	WP_020835862.1	WP_014579964.1
OG0000171	WP_011290367.1	WP_014579966.1
OG0000172	WP_011206424.1	WP_011206424.1
OG0000173	WP_011206425.1	WP_011206425.1
OG0000174	WP_406823176.1	WP_014579967.1
OG0000175	WP_160606707.1	WP_014579969.1
OG0000176	WP_406823178.1	WP_014579976.1
OG0000177	WP_160585273.1	WP_014579977.1
OG0000178	WP_044272620.1	WP_011206441.1
OG0000179	WP_020835880.1	WP_014579979.1
OG0000180	WP_081642895.1	WP_011206445.1
OG0000181	WP_020835888.1	WP_014579985.1
OG0000182	WP_011206453.1	WP_014579987.1
OG0000183	WP_011206459.1	WP_011206459.1
OG0000184	WP_011206468.1	WP_011206468.1
OG0000185	WP_146379740.1	WP_011206465.1
OG0000186	WP_348572074.1	WP_014579739.1
OG0000187	WP_011284055.1	WP_014579741.1
OG0000188	WP_011205932.1	WP_011205932.1
OG0000189	WP_406823100.1	WP_014579854.1
OG0000190	WP_146379637.1	WP_011206256.1
OG0000191	WP_020835755.1	WP_014579850.1
OG0000192	WP_404912441.1	WP_011284001.1
OG0000193	WP_094521610.1	WP_011283999.1
OG0000194	WP_011290023.1	WP_011283923.1
OG0000195	WP_094521583.1	WP_011283924.1
OG0000196	WP_179695841.1	WP_014579648.1
OG0000197	WP_406823236.1	WP_014579647.1
OG0000198	WP_011283930.1	WP_014579645.1
OG0000199	WP_011206086.1	WP_011206086.1
OG0000200	WP_160588272.1	WP_014579644.1
OG0000201	WP_011283934.1	WP_011283934.1
OG0000202	WP_406823234.1	WP_014579634.1
OG0000203	WP_011206072.1	WP_011206072.1
OG0000204	WP_011206071.1	WP_014579633.1
OG0000205	WP_160585610.1	WP_014579632.1
OG0000206	WP_011290044.1	WP_011206066.1
OG0000207	WP_094521594.1	WP_014579629.1
OG0000208	WP_011290046.1	WP_011206062.1
OG0000209	WP_011206061.1	WP_014579628.1
OG0000210	WP_160606686.1	WP_014579621.1
OG0000211	WP_011290054.1	WP_011206050.1
OG0000212	WP_011206048.1	WP_014579618.1
OG0000213	WP_011283963.1	WP_011283963.1
OG0000214	WP_011206047.1	WP_011206047.1
OG0000215	WP_011290055.1	WP_014579617.1
OG0000216	WP_014579616.1	WP_014579616.1
OG0000217	WP_011206044.1	WP_011206044.1
OG0000218	WP_011290058.1	WP_014579615.1
OG0000219	WP_011206041.1	WP_020835591.1
OG0000220	WP_406823232.1	WP_011206040.1
OG0000221	WP_011206039.1	WP_011206039.1
OG0000222	WP_011206038.1	WP_011206038.1
OG0000223	WP_041361589.1	WP_041361589.1
OG0000224	WP_011206035.1	WP_011206035.1
OG0000225	WP_160585734.1	WP_014579610.1
OG0000226	WP_011206032.1	WP_014579609.1
OG0000227	WP_011206031.1	WP_014579608.1
OG0000228	WP_406823231.1	WP_014579607.1
OG0000229	WP_011206028.1	WP_011206028.1
OG0000230	WP_011206027.1	WP_014579605.1
OG0000231	WP_011206025.1	WP_014579603.1
OG0000232	WP_014579601.1	WP_014579601.1
OG0000233	WP_011290071.1	WP_011290071.1
OG0000234	WP_041361598.1	WP_014579664.1
OG0000235	WP_020835611.1	WP_014579665.1
OG0000236	WP_020835612.1	WP_016340197.1
OG0000237	WP_406823239.1	WP_014579667.1
OG0000238	WP_406823240.1	WP_011206006.1
OG0000239	WP_011290347.1	WP_011206399.1
OG0000240	WP_020835851.1	WP_011206400.1
OG0000241	WP_160585231.1	WP_011206402.1
OG0000242	WP_348571822.1	WP_044278032.1
OG0000243	WP_348602596.1	WP_014579955.1
OG0000244	WP_041361690.1	WP_014579956.1
OG0000245	WP_406823170.1	WP_011206408.1
OG0000246	WP_050195463.1	WP_014579532.1
OG0000247	WP_179695932.1	WP_014579534.1
OG0000248	WP_052259122.1	WP_014579535.1
OG0000249	WP_348571927.1	WP_014579536.1
OG0000250	WP_160584772.1	WP_011289957.1
OG0000251	WP_318023737.1	WP_014579544.1
OG0000252	WP_011205883.1	WP_011205883.1
OG0000253	WP_135618489.1	WP_014579546.1
OG0000254	WP_348602687.1	WP_014579548.1
OG0000255	WP_014579550.1	WP_014579550.1
OG0000256	WP_011205889.1	WP_011283865.1
OG0000257	WP_011289973.1	WP_014579555.1
OG0000258	WP_011289974.1	WP_011283871.1
OG0000259	WP_041361723.1	WP_014579562.1
OG0000260	WP_011289982.1	WP_011205903.1
OG0000261	WP_406823217.1	WP_016340180.1
OG0000262	WP_041361531.1	WP_014579569.1
OG0000263	WP_160585532.1	WP_011283885.1
OG0000264	WP_011283887.1	WP_011283887.1
OG0000265	WP_233688622.1	WP_014579574.1
OG0000266	WP_011205923.1	WP_044277957.1
OG0000267	WP_044284773.1	WP_014579577.1
OG0000268	WP_011283894.1	WP_016340183.1
OG0000269	WP_406823221.1	WP_014579579.1
OG0000270	WP_348571879.1	WP_014580022.1
OG0000271	WP_404924334.1	WP_014580021.1
OG0000272	WP_011284373.1	WP_011284373.1
OG0000273	WP_011206502.1	WP_011206502.1
OG0000274	WP_011290423.1	WP_014580018.1
OG0000275	WP_238374142.1	WP_233417356.1
OG0000276	WP_011290421.1	WP_011284368.1
OG0000277	WP_011206494.1	WP_011206494.1
OG0000278	WP_160588182.1	WP_011206493.1
OG0000279	WP_011290418.1	WP_014580014.1
OG0000280	WP_094521520.1	WP_014580013.1
OG0000281	WP_014580012.1	WP_014580012.1
OG0000282	WP_160590212.1	WP_014580010.1
OG0000283	WP_014580009.1	WP_014580009.1
OG0000284	WP_011206484.1	WP_014580008.1
OG0000285	WP_011290413.1	WP_014580007.1
OG0000286	WP_044272526.1	WP_014579875.1
OG0000287	WP_406823133.1	WP_011206297.1
OG0000288	WP_348602548.1	WP_011284218.1
OG0000289	WP_348602549.1	WP_014579889.1
OG0000290	WP_011290297.1	WP_014579908.1
OG0000291	WP_011206320.1	WP_011206320.1
OG0000292	WP_044284681.1	WP_014579905.1
OG0000293	WP_348571776.1	WP_014579904.1
OG0000294	WP_406823142.1	WP_014579902.1
OG0000295	WP_011206315.1	WP_014579901.1
OG0000296	WP_041361673.1	WP_014579894.1
OG0000297	WP_406823135.1	WP_014579893.1
OG0000298	WP_160606533.1	WP_014579538.1
OG0000299	WP_406823213.1	WP_011205878.1
OG0000300	WP_041361533.1	WP_014579572.1
OG0000301	WP_011283891.1	WP_011283891.1
OG0000302	WP_011205925.1	WP_014579576.1
OG0000303	WP_146379484.1	WP_014579593.1
OG0000304	WP_011283978.1	WP_044277963.1
OG0000305	WP_404924282.1	WP_014579943.1
OG0000306	WP_406823160.1	WP_014579934.1
OG0000307	WP_348602578.1	WP_014579928.1
OG0000308	WP_020835811.1	WP_014579911.1
OG0000309	WP_406823140.1	WP_011206313.1
OG0000310	WP_406823134.1	WP_011206298.1
OG0000311	WP_014579885.1	WP_014579885.1
OG0000312	WP_406823129.1	WP_014579882.1
OG0000313	WP_011206141.1	WP_014579776.1
OG0000314	WP_406823290.1	WP_014579810.1
OG0000315	WP_011290197.1	WP_014579816.1
OG0000316	WP_179696008.1	WP_014579818.1
OG0000317	WP_146379589.1	WP_016340221.1
OG0000318	WP_406823292.1	WP_233417345.1
OG0000319	WP_406823096.1	WP_014579833.1
OG0000320	WP_406823116.1	WP_016340226.1
OG0000321	WP_011205969.1	WP_011205969.1
OG0000322	WP_406823254.1	WP_014579724.1
OG0000323	WP_044284744.1	WP_014579736.1
OG0000324	WP_094521693.1	WP_014579849.1
OG0000325	WP_011206094.1	WP_011206094.1
OG0000326	WP_404924411.1	WP_014579637.1
OG0000327	WP_146379506.1	WP_011206076.1
OG0000328	WP_041361583.1	WP_014579627.1
OG0000329	WP_225973017.1	WP_011206056.1
OG0000330	WP_011206016.1	WP_011206016.1
OG0000331	WP_146379704.1	WP_011206405.1
OG0000332	WP_011290372.1	WP_011290372.1
OG0000333	WP_011206433.1	WP_011206433.1
OG0000334	WP_020835889.1	WP_014579986.1
OG0000335	WP_348571841.1	WP_016340248.1
OG0000336	WP_011206488.1	WP_011206488.1
OG0000337	WP_050195472.1	WP_011206520.1
OG0000338	WP_014580051.1	WP_014580051.1
OG0000339	WP_406823113.1	WP_014579860.1
OG0000340	WP_011205973.1	WP_011205973.1
OG0000341	WP_011290226.1	WP_014579853.1
OG0000342	WP_011290029.1	WP_014579646.1
OG0000343	WP_011206435.1	WP_011206435.1
OG0000344	WP_406823228.1	WP_014579596.1
OG0000345	WP_014579611.1	WP_014579611.1
OG0000346	WP_232039558.1	WP_014580011.1
OG0000347	WP_011205955.1	WP_011205955.1
OG0000348	WP_014579636.1	WP_225973015.1
OG0000349	WP_348571875.1	WP_014580020.1
OG0000350	WP_406823156.1	WP_228365390.1
OG0000351	WP_011206131.1	WP_014579582.1
OG0000352	WP_406823287.1	WP_016340212.1
OG0000353	WP_160607804.1	WP_014579723.1
OG0000354	WP_308507053.1	WP_233417361.1
OG0000355	WP_011206194.1	WP_011206194.1
OG0000356	WP_308507057.1	WP_233417344.1
OG0000357	WP_228366113.1	WP_228366113.1
OG0000358	WP_160606709.1	WP_014579968.1
OG0000359	WP_406823235.1	WP_014579641.1
OG0000360	WP_225973008.1	WP_228365406.1
OG0000361	WP_406823216.1	WP_014579561.1
OG0000362	WP_348602551.1	WP_011206302.1
OG0000363	WP_269076322.1	WP_233417364.1
OG0000364	WP_160585026.1	WP_014579799.1
OG0000365	WP_406823088.1	WP_016340223.1
OG0000366	WP_011206224.1	WP_011206224.1
OG0000367	WP_406823092.1	WP_044278006.1
OG0000368	WP_011289935.1	WP_011283833.1
OG0000369	WP_011289930.1	WP_011205844.1
OG0000370	WP_044272260.1	WP_011205843.1
OG0000371	WP_044272256.1	WP_014579518.1
OG0000372	WP_135618439.1	WP_044277943.1
OG0000373	WP_406823207.1	WP_014580049.1
OG0000374	WP_406823205.1	WP_014580047.1
OG0000375	WP_146379628.1	WP_014579834.1
OG0000376	WP_406823118.1	WP_014579868.1
OG0000377	WP_011206271.1	WP_011206271.1
OG0000378	WP_406823251.1	WP_014579711.1
OG0000379	WP_406823253.1	WP_011205962.1
OG0000380	WP_160588252.1	WP_011205957.1
OG0000381	WP_348572061.1	WP_016340202.1
OG0000382	WP_406823257.1	WP_014579733.1
OG0000383	WP_014579735.1	WP_014579735.1
OG0000384	WP_041361727.1	WP_014579586.1
OG0000385	WP_044272311.1	WP_014579587.1
OG0000386	WP_011290004.1	WP_014579591.1
OG0000387	WP_406823226.1	WP_016340187.1
OG0000388	WP_406823227.1	WP_014579595.1
OG0000389	WP_011290013.1	WP_014579657.1
OG0000390	WP_011290340.1	WP_011206390.1
OG0000391	WP_020835843.1	WP_014579945.1
OG0000392	WP_406823164.1	WP_014579942.1
OG0000393	WP_406823161.1	WP_016340239.1
OG0000394	WP_014579921.1	WP_014579921.1
OG0000395	WP_406823152.1	WP_014579920.1
OG0000396	WP_348571728.1	WP_014579876.1
OG0000397	WP_011206196.1	WP_014579805.1
OG0000398	WP_146379611.1	WP_011206197.1
OG0000399	WP_348571612.1	WP_016340214.1
OG0000400	WP_044272610.1	WP_014579962.1
OG0000401	WP_135619070.1	WP_014579971.1
OG0000402	WP_406823177.1	WP_014579972.1
OG0000403	WP_220200714.1	WP_200859210.1
OG0000404	WP_406823179.1	WP_016340247.1
OG0000405	WP_406823180.1	WP_014579980.1
OG0000406	WP_406823185.1	WP_014579989.1
OG0000407	WP_406823186.1	WP_014579990.1
OG0000408	WP_044284717.1	WP_011206457.1
OG0000409	WP_011206458.1	WP_011206458.1
OG0000410	WP_406823190.1	WP_011206469.1
OG0000411	WP_406823191.1	WP_014579996.1
OG0000412	WP_406823192.1	WP_014579995.1
OG0000413	WP_243216061.1	WP_014579738.1
OG0000414	WP_011290131.1	WP_011284053.1
OG0000415	WP_020835657.1	WP_014579740.1
OG0000416	WP_011284056.1	WP_011284056.1
OG0000417	WP_406823099.1	WP_044889038.1
OG0000418	WP_406823098.1	WP_228365384.1
OG0000419	WP_020835572.1	WP_014579649.1
OG0000420	WP_020835574.1	WP_011206085.1
OG0000421	WP_011290034.1	WP_044277971.1
OG0000422	WP_146379504.1	WP_014579638.1
OG0000423	WP_135618585.1	WP_016340192.1
OG0000424	WP_135618587.1	WP_011206067.1
OG0000425	WP_011206065.1	WP_044277967.1
OG0000426	WP_011206064.1	WP_011206064.1
OG0000427	WP_135618593.1	WP_014579626.1
OG0000428	WP_011206054.1	WP_014579623.1
OG0000429	WP_011206036.1	WP_011290062.1
OG0000430	WP_050195474.1	WP_014579604.1
OG0000431	WP_011290067.1	WP_014579602.1
OG0000432	WP_406823238.1	WP_014579662.1
OG0000433	WP_011206014.1	WP_011206014.1
OG0000434	WP_160584674.1	WP_011206013.1
OG0000435	WP_020835610.1	WP_011283987.1
OG0000436	WP_011206005.1	WP_011206005.1
OG0000437	WP_044272373.1	WP_014579672.1
OG0000438	WP_160606769.1	WP_014579673.1
OG0000439	WP_044272377.1	WP_014579674.1
OG0000440	WP_406823169.1	WP_014579953.1
OG0000442	WP_160607726.1	WP_014579533.1
OG0000443	WP_406823212.1	WP_014579542.1
OG0000444	WP_011205880.1	WP_011205880.1
OG0000445	WP_135618491.1	WP_014579547.1
OG0000446	WP_347952358.1	WP_014579552.1
OG0000447	WP_014579553.1	WP_014579553.1
OG0000448	WP_011289976.1	WP_044277955.1
OG0000449	WP_011289981.1	WP_014579563.1
OG0000450	WP_160584761.1	WP_044277956.1
OG0000451	WP_011205913.1	WP_014579571.1
OG0000452	WP_011205921.1	WP_011205921.1
OG0000453	WP_406823220.1	WP_016340184.1
OG0000454	WP_225973031.1	WP_016340205.1
OG0000455	WP_348571882.1	WP_014580026.1
OG0000456	WP_011206487.1	WP_011206487.1
OG0000457	WP_406823198.1	WP_016340251.1
OG0000458	WP_406823132.1	WP_014579888.1
OG0000459	WP_348602550.1	WP_014579890.1
OG0000460	WP_348602552.1	WP_014579891.1
OG0000461	WP_406823139.1	WP_016340234.1
OG0000462	WP_406823138.1	WP_014579898.1
OG0000463	WP_406823137.1	WP_014579897.1
OG0000464	WP_094521720.1	WP_044278026.1
OG0000465	WP_406823136.1	WP_014579895.1
OG0000466	WP_011205922.1	WP_011205922.1
OG0000467	WP_406823146.1	WP_016340236.1
OG0000468	WP_406823291.1	WP_014579812.1
OG0000469	WP_014579824.1	WP_014579824.1
OG0000470	WP_011206069.1	WP_011206069.1
OG0000471	WP_044272348.1	WP_014579622.1
OG0000472	WP_406823195.1	WP_044278039.1
OG0000473	WP_044272671.1	WP_014580023.1
OG0000475	WP_160584892.1	WP_044889046.1
OG0000476	WP_014579742.1	WP_014579742.1
OG0000477	WP_348571773.1	WP_014579903.1
OG0000478	WP_146379753.1	WP_011284367.1
OG0000479	WP_020835636.1	WP_014579718.1
OG0000480	WP_011206218.1	WP_011206218.1
OG0000481	WP_044272343.1	WP_044277969.1
OG0000482	WP_020835622.1	WP_014579695.1
OG0000483	WP_348602501.1	WP_014579841.1
OG0000484	WP_406823214.1	WP_228365405.1
OG0000485	WP_020835615.1	WP_014579671.1
OG0000486	WP_406823101.1	WP_044278009.1
OG0000487	WP_406823293.1	WP_233417346.1
OG0000488	WP_406823090.1	WP_014579846.1
OG0000489	WP_011205849.1	WP_011205849.1
OG0000490	WP_160606487.1	WP_014580050.1
OG0000491	WP_020835639.1	WP_014579721.1
OG0000492	WP_348572060.1	WP_014579727.1
OG0000493	WP_160585737.1	WP_044277961.1
OG0000495	WP_011284272.1	WP_011284272.1
OG0000496	WP_011206375.1	WP_011206375.1
OG0000497	WP_406823162.1	WP_014579936.1
OG0000498	WP_011290314.1	WP_011290314.1
OG0000499	WP_406823150.1	WP_011206333.1
OG0000500	WP_406823286.1	WP_016340211.1
OG0000501	WP_220190663.1	WP_014579965.1
OG0000502	WP_406823241.1	WP_014579694.1
OG0000503	WP_016340193.1	WP_016340193.1
OG0000505	WP_011290053.1	WP_044277964.1
OG0000506	WP_406823233.1	WP_011206049.1
OG0000507	WP_020835590.1	WP_016340190.1
OG0000508	WP_044272682.1	WP_044277952.1
OG0000509	WP_406823215.1	WP_187286314.1
OG0000510	WP_404924072.1	WP_014579560.1
OG0000511	WP_011206135.1	WP_016340185.1
OG0000512	WP_011206304.1	WP_016340233.1
OG0000513	WP_348571873.1	WP_014580015.1
OG0000514	WP_406823163.1	WP_014579941.1
OG0000516	WP_011206214.1	WP_014579821.1
OG0000517	WP_011283834.1	WP_011283834.1
OG0000518	WP_160585644.1	WP_014579970.1
OG0000519	WP_160584803.1	WP_014579639.1
OG0000520	WP_011290050.1	WP_011283957.1
OG0000521	WP_348571936.1	WP_014579554.1
OG0000522	WP_135618505.1	WP_011205899.1
OG0000523	WP_406823197.1	WP_044278116.1
OG0000524	WP_406823145.1	WP_016340235.1
OG0000525	WP_160585255.1	WP_014579999.1
OG0000527	WP_348602820.1	WP_228365424.1
OG0000528	WP_406823087.1	WP_016340217.1
OG0000529	WP_406823097.1	WP_014579831.1
OG0000530	WP_160585298.1	WP_011284186.1
OG0000531	WP_020835645.1	WP_011205956.1
OG0000532	WP_406823262.1	WP_014579771.1
OG0000534	WP_179695948.1	WP_014579573.1
OG0000535	WP_020835486.1	WP_016340174.1
OG0000536	WP_406823201.1	WP_016340256.1
OG0000537	WP_011290028.1	WP_011206089.1
OG0000538	WP_146379532.1	WP_014579663.1
OG0000539	WP_160585545.1	WP_011205882.1
OG0000540	WP_406823143.1	WP_014579907.1
OG0000542	WP_406823219.1	WP_011289986.1
OG0000544	WP_308507042.1	WP_014579703.1
OG0000545	WP_406823278.1	WP_014579790.1
OG0000546	WP_406823159.1	WP_014579932.1
OG0000547	WP_348571811.1	WP_014579948.1
OG0000548	WP_160606621.1	WP_014579777.1
OG0000549	WP_406823194.1	WP_014579997.1
OG0000550	WP_406823199.1	WP_187286326.1
OG0000551	WP_011206407.1	WP_016340244.1
OG0000552	WP_044284704.1	WP_016340246.1
OG0000553	WP_011206330.1	WP_014579915.1
OG0000554	WP_406823120.1	WP_014579871.1
OG0000557	WP_406823247.1	WP_011205983.1
OG0000558	WP_406823244.1	WP_014579699.1
OG0000559	WP_014579758.1	WP_014579758.1
OG0000560	WP_011284100.1	WP_011206182.1
OG0000561	WP_094521603.1	WP_011206015.1
OG0000562	WP_146379618.1	WP_014579789.1
OG0000563	WP_011284098.1	WP_014579786.1
OG0000564	WP_041361605.1	WP_014579710.1
OG0000565	WP_406823284.1	WP_014579797.1
OG0000566	WP_406823283.1	WP_228365427.1
OG0000567	WP_406823279.1	WP_228365425.1
OG0000568	WP_146379498.1	WP_011206097.1
OG0000569	WP_406823245.1	WP_014579700.1
OG0000570	WP_406823246.1	WP_014579701.1
OG0000571	WP_011205986.1	WP_014579702.1
OG0000572	WP_406823248.1	WP_014579705.1
OG0000573	WP_348602814.1	WP_014579759.1
OG0000574	WP_011284018.1	WP_014579714.1
OG0000575	WP_406823243.1	WP_014579697.1
OG0000576	WP_011284072.1	WP_014579765.1
OG0000577	WP_011290300.1	WP_011290300.1
OG0000578	WP_406823147.1	WP_016340237.1
OG0000579	WP_406823277.1	WP_016340210.1
OG0000580	WP_258555240.1	WP_228365392.1
OG0000581	WP_406823276.1	WP_014579782.1
OG0000582	WP_404924434.1	WP_228365416.1
OG0000583	WP_406823269.1	WP_014579761.1
OG0000585	WP_160588364.1	WP_044278005.1
OG0000586	WP_406823267.1	WP_228365421.1
OG0000587	WP_406823285.1	WP_269076332.1
OG0000588	WP_406823265.1	WP_014579766.1
OG0000591	WP_258555396.1	WP_258556645.1
OG0000592	WP_011290298.1	WP_014579909.1
OG0000593	WP_348602653.1	WP_014580028.1
OG0000594	WP_406823294.1	WP_011284003.1
OG0000601	WP_020835695.1	WP_014579787.1
OG0000602	WP_406823089.1	WP_016340222.1
OG0000604	WP_258555242.1	WP_258555242.1
OG0000606	WP_160587871.1	WP_014579783.1
OG0000609	WP_157696717.1	WP_158520147.1
OG0000615	WP_406823148.1	WP_016340238.1
OG0000621	WP_258555395.1	WP_258555395.1
