NZ_AFCG01000001.1	-	1	375	MFC_RS00005	MFC_RS00005	IDATCC27716	-	374341	374715
NZ_AFCG01000001.1	-	428	2248	MFC_RS00010	MFC_RS00010	IDATCC27716	-	372468	374288
NZ_AFCG01000001.1	+	2614	4845	MFC_RS00020	MFC_RS00020	IDATCC27716	-	369871	372102
NZ_AFCG01000001.1	+	4877	6976	MFC_RS00025	MFC_RS00025	IDATCC27716	-	367740	369839
NZ_AFCG01000001.1	+	7002	7970	MFC_RS00030	MFC_RS00030	IDATCC27716	-	366746	367714
NZ_AFCG01000001.1	+	7948	10125	MFC_RS00035	MFC_RS00035	IDATCC27716	-	364591	366768
NZ_AFCG01000001.1	+	10125	11135	MFC_RS00040	MFC_RS00040	IDATCC27716	-	363581	364591
NZ_AFCG01000001.1	+	11098	12063	MFC_RS00045	MFC_RS00045	IDATCC27716	-	362653	363618
NZ_AFCG01000001.1	+	12067	12234	MFC_RS03300	MFC_RS03300	IDATCC27716	-	362482	362649
NZ_AFCG01000001.1	-	12335	15130	MFC_RS00050	MFC_RS00050	IDATCC27716	-	359586	362381
NZ_AFCG01000001.1	-	15156	17969	MFC_RS00055	MFC_RS00055	IDATCC27716	-	356747	359560
NZ_AFCG01000001.1	-	18216	18695	MFC_RS00065	MFC_RS00065	IDATCC27716	-	356021	356500
NZ_AFCG01000001.1	-	18721	19011	MFC_RS00070	MFC_RS00070	IDATCC27716	-	355705	355995
NZ_AFCG01000001.1	-	19218	20987	MFC_RS00075	MFC_RS00075	IDATCC27716	-	353729	355498
NZ_AFCG01000001.1	-	21078	22130	MFC_RS00080	MFC_RS00080	IDATCC27716	-	352586	353638
NZ_AFCG01000001.1	-	22313	24175	MFC_RS00085	MFC_RS00085	IDATCC27716	-	350541	352403
NZ_AFCG01000001.1	+	24326	25486	MFC_RS00090	MFC_RS00090	IDATCC27716	-	349230	350390
NZ_AFCG01000001.1	+	25473	26396	MFC_RS00095	MFC_RS00095	IDATCC27716	-	348320	349243
NZ_AFCG01000001.1	+	26390	26911	MFC_RS03320	MFC_RS03320	IDATCC27716	-	347805	348326
NZ_AFCG01000001.1	+	27028	27225	MFC_RS03325	MFC_RS03325	IDATCC27716	-	347491	347688
NZ_AFCG01000001.1	+	27235	27801	MFC_RS00105	MFC_RS00105	IDATCC27716	-	346915	347481
NZ_AFCG01000001.1	+	27900	30200	MFC_RS00110	MFC_RS00110	IDATCC27716	-	344516	346816
NZ_AFCG01000001.1	-	30316	30648	MFC_RS00115	MFC_RS00115	IDATCC27716	-	344068	344400
NZ_AFCG01000001.1	-	30703	32142	MFC_RS00120	MFC_RS00120	IDATCC27716	-	342574	344013
NZ_AFCG01000001.1	-	32189	32263	MFC_RS00125	MFC_RS00125	IDATCC27716	-	342453	342527
NZ_AFCG01000001.1	-	32267	32350	MFC_RS00130	MFC_RS00130	IDATCC27716	-	342366	342449
NZ_AFCG01000001.1	+	32531	32854	MFC_RS00135	MFC_RS00135	IDATCC27716	-	341862	342185
NZ_AFCG01000002.1	-	1	196	MFC_RS00140	MFC_RS00140	IDATCC27716	+	770946	771141
NZ_AFCG01000002.1	-	168	1610	MFC_RS03330	MFC_RS03330	IDATCC27716	+	771113	772555
NZ_AFCG01000002.1	-	2311	4080	MFC_RS00155	MFC_RS00155	IDATCC27716	+	773256	775025
NZ_AFCG01000003.1	-	534	1406	MFC_RS00160	MFC_RS00160	IDATCC27716	-	769540	770412
NZ_AFCG01000003.1	-	1413	2276	MFC_RS00165	MFC_RS00165	IDATCC27716	-	768670	769533
NZ_AFCG01000003.1	-	2306	2551	MFC_RS00170	MFC_RS00170	IDATCC27716	-	768395	768640
NZ_AFCG01000003.1	-	2555	4159	MFC_RS00175	MFC_RS00175	IDATCC27716	-	766787	768391
NZ_AFCG01000003.1	-	4143	4898	MFC_RS00180	MFC_RS00180	IDATCC27716	-	766048	766803
NZ_AFCG01000003.1	-	4901	5908	MFC_RS00185	MFC_RS00185	IDATCC27716	-	765038	766045
NZ_AFCG01000003.1	-	6014	8035	MFC_RS00190	MFC_RS00190	IDATCC27716	-	762911	764932
NZ_AFCG01000003.1	-	8174	9175	MFC_RS00195	MFC_RS00195	IDATCC27716	-	761771	762772
NZ_AFCG01000003.1	-	9260	9829	MFC_RS00200	MFC_RS00200	IDATCC27716	-	761117	761686
NZ_AFCG01000003.1	-	9945	10919	MFC_RS00205	MFC_RS00205	IDATCC27716	-	760027	761001
NZ_AFCG01000003.1	-	10906	11211	MFC_RS03335	MFC_RS03335	IDATCC27716	-	759735	760040
NZ_AFCG01000003.1	-	11199	11912	MFC_RS00210	MFC_RS00210	IDATCC27716	-	759034	759747
NZ_AFCG01000003.1	-	11926	12384	MFC_RS00215	MFC_RS00215	IDATCC27716	-	758562	759020
NZ_AFCG01000003.1	-	12384	14243	MFC_RS00220	MFC_RS00220	IDATCC27716	-	756703	758562
NZ_AFCG01000003.1	-	14354	15490	MFC_RS00225	MFC_RS00225	IDATCC27716	-	755456	756592
NZ_AFCG01000003.1	-	15642	17033	MFC_RS00230	MFC_RS00230	IDATCC27716	-	753913	755304
NZ_AFCG01000003.1	+	17244	17387	MFC_RS00235	MFC_RS00235	IDATCC27716	-	753559	753702
NZ_AFCG01000003.1	+	17403	17741	MFC_RS00240	MFC_RS00240	IDATCC27716	-	753205	753543
NZ_AFCG01000003.1	+	17731	19560	MFC_RS00245	MFC_RS00245	IDATCC27716	-	751386	753215
NZ_AFCG01000003.1	+	19675	22026	MFC_RS00250	MFC_RS00250	IDATCC27716	-	748920	751271
NZ_AFCG01000003.1	+	22090	23151	MFC_RS00255	MFC_RS00255	IDATCC27716	-	747795	748856
NZ_AFCG01000003.1	-	23163	25634	MFC_RS00260	MFC_RS00260	IDATCC27716	-	745312	747783
NZ_AFCG01000003.1	-	25644	27560	MFC_RS00265	MFC_RS00265	IDATCC27716	-	743386	745302
NZ_AFCG01000003.1	-	27581	28546	MFC_RS00270	MFC_RS00270	IDATCC27716	-	742400	743365
NZ_AFCG01000003.1	-	28634	30196	MFC_RS00275	MFC_RS00275	IDATCC27716	-	740750	742312
NZ_AFCG01000003.1	-	30196	30678	MFC_RS00280	MFC_RS00280	IDATCC27716	-	740268	740750
NZ_AFCG01000003.1	-	30694	31332	MFC_RS00285	MFC_RS00285	IDATCC27716	-	739614	740252
NZ_AFCG01000003.1	+	31901	33441	MFC_RS00290	MFC_RS00290	IDATCC27716	-	737505	739045
NZ_AFCG01000003.1	+	33830	36733	MFC_RS00295	MFC_RS00295	IDATCC27716	-	734213	737116
NZ_AFCG01000003.1	-	36876	38477	MFC_RS00300	MFC_RS00300	IDATCC27716	-	732469	734070
NZ_AFCG01000003.1	-	38461	40068	MFC_RS00305	MFC_RS00305	IDATCC27716	-	730878	732485
NZ_AFCG01000003.1	-	40090	40491	MFC_RS00310	MFC_RS00310	IDATCC27716	-	730455	730856
NZ_AFCG01000003.1	+	40897	44541	MFC_RS00315	MFC_RS00315	IDATCC27716	-	726405	730049
NZ_AFCG01000003.1	+	44556	48077	MFC_RS00320	MFC_RS00320	IDATCC27716	-	722869	726390
NZ_AFCG01000003.1	-	48151	49641	MFC_RS00325	MFC_RS00325	IDATCC27716	-	721305	722795
NZ_AFCG01000003.1	-	50146	51180	MFC_RS00335	MFC_RS00335	IDATCC27716	-	719766	720800
NZ_AFCG01000003.1	-	51182	51334	MFC_RS00340	MFC_RS00340	IDATCC27716	-	719612	719764
NZ_AFCG01000003.1	-	51517	51966	MFC_RS00345	MFC_RS00345	IDATCC27716	-	718980	719429
NZ_AFCG01000003.1	+	52309	53130	MFC_RS00350	MFC_RS00350	IDATCC27716	-	717816	718637
NZ_AFCG01000003.1	+	53133	55451	MFC_RS00355	MFC_RS00355	IDATCC27716	-	715495	717813
NZ_AFCG01000003.1	+	55541	57493	MFC_RS00360	MFC_RS00360	IDATCC27716	-	713453	715405
NZ_AFCG01000003.1	+	57642	59312	MFC_RS00365	MFC_RS00365	IDATCC27716	-	711634	713304
NZ_AFCG01000003.1	+	59317	61734	MFC_RS00370	MFC_RS00370	IDATCC27716	-	709212	711629
NZ_AFCG01000003.1	-	62023	62610	MFC_RS00375	MFC_RS00375	IDATCC27716	-	708336	708923
NZ_AFCG01000003.1	-	62541	63196	MFC_RS03185	MFC_RS03185	IDATCC27716	-	707750	708405
NZ_AFCG01000004.1	+	71	1657	MFC_RS00390	MFC_RS00390	IDATCC27716	+	386518	388104
NZ_AFCG01000004.1	+	1657	4074	MFC_RS00395	MFC_RS00395	IDATCC27716	+	388104	390521
NZ_AFCG01000004.1	+	4233	4817	MFC_RS00400	MFC_RS00400	IDATCC27716	+	390680	391264
NZ_AFCG01000004.1	-	4962	6371	MFC_RS00405	MFC_RS00405	IDATCC27716	+	391409	392818
NZ_AFCG01000004.1	+	7150	7590	MFC_RS00410	MFC_RS00410	IDATCC27716	+	393597	394037
NZ_AFCG01000004.1	+	7592	8479	MFC_RS00415	MFC_RS00415	IDATCC27716	+	394039	394926
NZ_AFCG01000004.1	+	8511	9491	MFC_RS00420	MFC_RS00420	IDATCC27716	+	394958	395938
NZ_AFCG01000004.1	+	10029	11042	MFC_RS00425	MFC_RS00425	IDATCC27716	+	396476	397489
NZ_AFCG01000004.1	+	11032	11802	MFC_RS00430	MFC_RS00430	IDATCC27716	+	397479	398249
NZ_AFCG01000004.1	+	11795	13339	MFC_RS00435	MFC_RS00435	IDATCC27716	+	398242	399786
NZ_AFCG01000004.1	-	13336	14205	MFC_RS00440	MFC_RS00440	IDATCC27716	+	399783	400652
NZ_AFCG01000004.1	-	14236	14913	MFC_RS00445	MFC_RS00445	IDATCC27716	+	400683	401360
NZ_AFCG01000004.1	-	14960	15481	MFC_RS00450	MFC_RS00450	IDATCC27716	+	401407	401928
NZ_AFCG01000004.1	+	15669	17363	MFC_RS00455	MFC_RS00455	IDATCC27716	+	402116	403810
NZ_AFCG01000004.1	+	17987	18655	MFC_RS00460	MFC_RS00460	IDATCC27716	+	404434	405102
NZ_AFCG01000004.1	+	18630	19526	MFC_RS00465	MFC_RS00465	IDATCC27716	+	405077	405973
NZ_AFCG01000004.1	+	19510	20232	MFC_RS00470	MFC_RS00470	IDATCC27716	+	405957	406679
NZ_AFCG01000004.1	+	20216	21103	MFC_RS00475	MFC_RS00475	IDATCC27716	+	406663	407550
NZ_AFCG01000004.1	+	21096	21608	MFC_RS00480	MFC_RS00480	IDATCC27716	+	407543	408055
NZ_AFCG01000004.1	+	21707	23707	MFC_RS00485	MFC_RS00485	IDATCC27716	+	408154	410154
NZ_AFCG01000004.1	+	23751	24977	MFC_RS00490	MFC_RS00490	IDATCC27716	+	410198	411424
NZ_AFCG01000004.1	-	24996	26114	MFC_RS00495	MFC_RS00495	IDATCC27716	+	411443	412561
NZ_AFCG01000004.1	-	26133	27005	MFC_RS00500	MFC_RS00500	IDATCC27716	+	412580	413452
NZ_AFCG01000004.1	-	27206	29053	MFC_RS00505	MFC_RS00505	IDATCC27716	+	413653	415500
NZ_AFCG01000004.1	-	29055	29621	MFC_RS00510	MFC_RS00510	IDATCC27716	+	415502	416068
NZ_AFCG01000004.1	+	30156	32753	MFC_RS00515	MFC_RS00515	IDATCC27716	+	416603	419200
NZ_AFCG01000004.1	+	32845	34131	MFC_RS00520	MFC_RS00520	IDATCC27716	+	419292	420578
NZ_AFCG01000004.1	+	34124	35827	MFC_RS00525	MFC_RS00525	IDATCC27716	+	420571	422274
NZ_AFCG01000004.1	+	36213	36485	MFC_RS00530	MFC_RS00530	IDATCC27716	+	422660	422932
NZ_AFCG01000004.1	-	36640	40290	MFC_RS00535	MFC_RS00535	IDATCC27716	+	423087	426737
NZ_AFCG01000004.1	-	40290	42932	MFC_RS00540	MFC_RS00540	IDATCC27716	+	426737	429379
NZ_AFCG01000004.1	-	43014	45104	MFC_RS00545	MFC_RS00545	IDATCC27716	+	429461	431551
NZ_AFCG01000004.1	-	45104	45415	MFC_RS00550	MFC_RS00550	IDATCC27716	+	431551	431862
NZ_AFCG01000004.1	-	45415	46194	MFC_RS00555	MFC_RS00555	IDATCC27716	+	431862	432641
NZ_AFCG01000004.1	+	46490	47851	MFC_RS00560	MFC_RS00560	IDATCC27716	+	432937	434298
NZ_AFCG01000004.1	+	47856	49097	MFC_RS00565	MFC_RS00565	IDATCC27716	+	434303	435544
NZ_AFCG01000004.1	+	49200	49733	MFC_RS00570	MFC_RS00570	IDATCC27716	+	435647	436180
NZ_AFCG01000004.1	-	49736	50536	MFC_RS00575	MFC_RS00575	IDATCC27716	+	436183	436983
NZ_AFCG01000004.1	-	50544	51542	MFC_RS00580	MFC_RS00580	IDATCC27716	+	436991	437989
NZ_AFCG01000004.1	-	51557	51892	MFC_RS00585	MFC_RS00585	IDATCC27716	+	438004	438339
NZ_AFCG01000004.1	+	52019	54190	MFC_RS00590	MFC_RS00590	IDATCC27716	+	438466	440637
NZ_AFCG01000004.1	+	54254	54535	MFC_RS00595	MFC_RS00595	IDATCC27716	+	440701	440982
NZ_AFCG01000004.1	+	54538	55092	MFC_RS00600	MFC_RS00600	IDATCC27716	+	440985	441539
NZ_AFCG01000004.1	+	55095	55730	MFC_RS00605	MFC_RS00605	IDATCC27716	+	441542	442177
NZ_AFCG01000004.1	+	55711	56586	MFC_RS00610	MFC_RS00610	IDATCC27716	+	442158	443033
NZ_AFCG01000004.1	+	56595	57314	MFC_RS00615	MFC_RS00615	IDATCC27716	+	443042	443761
NZ_AFCG01000004.1	+	57357	57902	MFC_RS00620	MFC_RS00620	IDATCC27716	+	443804	444349
NZ_AFCG01000004.1	+	57912	58730	MFC_RS00625	MFC_RS00625	IDATCC27716	+	444359	445177
NZ_AFCG01000004.1	+	58703	59605	MFC_RS00630	MFC_RS00630	IDATCC27716	+	445150	446052
NZ_AFCG01000004.1	+	59595	60557	MFC_RS00635	MFC_RS00635	IDATCC27716	+	446042	447004
NZ_AFCG01000004.1	+	60561	62633	MFC_RS00640	MFC_RS00640	IDATCC27716	+	447008	449080
NZ_AFCG01000004.1	+	62794	63747	MFC_RS00645	MFC_RS00645	IDATCC27716	+	449241	450194
NZ_AFCG01000004.1	-	63744	66359	MFC_RS00650	MFC_RS00650	IDATCC27716	+	450191	452806
NZ_AFCG01000004.1	+	66442	66879	MFC_RS00655	MFC_RS00655	IDATCC27716	+	452889	453326
NZ_AFCG01000004.1	+	67044	67505	MFC_RS00660	MFC_RS00660	IDATCC27716	+	453491	453952
NZ_AFCG01000004.1	-	67951	71010	MFC_RS00665	MFC_RS00665	IDATCC27716	+	454398	457457
NZ_AFCG01000004.1	-	71078	74134	MFC_RS00670	MFC_RS00670	IDATCC27716	+	457525	460581
NZ_AFCG01000004.1	+	74609	75289	MFC_RS00675	MFC_RS00675	IDATCC27716	+	461056	461736
NZ_AFCG01000004.1	+	75296	77455	MFC_RS00680	MFC_RS00680	IDATCC27716	+	461743	463902
NZ_AFCG01000004.1	+	77513	77710	MFC_RS00685	MFC_RS00685	IDATCC27716	+	463960	464157
NZ_AFCG01000004.1	+	77813	77887	MFC_RS00690	MFC_RS00690	IDATCC27716	+	464260	464334
NZ_AFCG01000004.1	+	77891	77966	MFC_RS00695	MFC_RS00695	IDATCC27716	+	464338	464413
NZ_AFCG01000004.1	+	77981	78056	MFC_RS00700	MFC_RS00700	IDATCC27716	+	464428	464503
NZ_AFCG01000004.1	+	78061	78137	MFC_RS00705	MFC_RS00705	IDATCC27716	+	464508	464584
NZ_AFCG01000004.1	+	78171	78254	MFC_RS00710	MFC_RS00710	IDATCC27716	+	464618	464701
NZ_AFCG01000004.1	+	78307	79149	MFC_RS00715	MFC_RS00715	IDATCC27716	+	464754	465596
NZ_AFCG01000004.1	+	79163	79972	MFC_RS00720	MFC_RS00720	IDATCC27716	+	465610	466419
NZ_AFCG01000004.1	+	79974	80810	MFC_RS00725	MFC_RS00725	IDATCC27716	+	466421	467257
NZ_AFCG01000004.1	-	80807	81622	MFC_RS00730	MFC_RS00730	IDATCC27716	+	467254	468069
NZ_AFCG01000004.1	+	81954	82174	MFC_RS00735	MFC_RS00735	IDATCC27716	+	468401	468621
NZ_AFCG01000005.1	-	103	178	MFC_RS00740	MFC_RS00740	IDATCC27716	+	81068	81143
NZ_AFCG01000005.1	-	180	255	MFC_RS00745	MFC_RS00745	IDATCC27716	+	81145	81220
NZ_AFCG01000005.1	-	258	332	MFC_RS00750	MFC_RS00750	IDATCC27716	+	81223	81297
NZ_AFCG01000005.1	-	408	498	MFC_RS00755	MFC_RS00755	IDATCC27716	+	81373	81463
NZ_AFCG01000005.1	-	503	578	MFC_RS00760	MFC_RS00760	IDATCC27716	+	81468	81543
NZ_AFCG01000005.1	-	621	697	MFC_RS00765	MFC_RS00765	IDATCC27716	+	81586	81662
NZ_AFCG01000005.1	-	700	776	MFC_RS00770	MFC_RS00770	IDATCC27716	+	81665	81741
NZ_AFCG01000005.1	-	780	856	MFC_RS00775	MFC_RS00775	IDATCC27716	+	81745	81821
NZ_AFCG01000005.1	-	923	999	MFC_RS00780	MFC_RS00780	IDATCC27716	+	81888	81964
NZ_AFCG01000005.1	+	1097	1888	MFC_RS00785	MFC_RS00785	IDATCC27716	+	82062	82853
NZ_AFCG01000005.1	+	2136	2852	MFC_RS00790	MFC_RS00790	IDATCC27716	+	83101	83817
NZ_AFCG01000005.1	-	3197	6040	MFC_RS00795	MFC_RS00795	IDATCC27716	+	84162	87005
NZ_AFCG01000005.1	-	6085	8550	MFC_RS00800	MFC_RS00800	IDATCC27716	+	87050	89515
NZ_AFCG01000005.1	-	8769	9113	MFC_RS00805	MFC_RS00805	IDATCC27716	+	89734	90078
NZ_AFCG01000005.1	+	9279	10718	MFC_RS00810	MFC_RS00810	IDATCC27716	+	90244	91683
NZ_AFCG01000005.1	-	10772	11281	MFC_RS00815	MFC_RS00815	IDATCC27716	+	91737	92246
NZ_AFCG01000005.1	+	11461	11534	MFC_RS00820	MFC_RS00820	IDATCC27716	+	92426	92499
NZ_AFCG01000005.1	+	11689	12180	MFC_RS00825	MFC_RS00825	IDATCC27716	+	92654	93145
NZ_AFCG01000005.1	+	12323	13303	MFC_RS00830	MFC_RS00830	IDATCC27716	+	93288	94268
NZ_AFCG01000005.1	+	13449	14366	MFC_RS00835	MFC_RS00835	IDATCC27716	+	94414	95331
NZ_AFCG01000005.1	+	14399	17659	MFC_RS00840	MFC_RS00840	IDATCC27716	+	95364	98624
NZ_AFCG01000005.1	+	17668	20565	MFC_RS00845	MFC_RS00845	IDATCC27716	+	98633	101530
NZ_AFCG01000005.1	-	20571	22649	MFC_RS00850	MFC_RS00850	IDATCC27716	+	101536	103614
NZ_AFCG01000005.1	+	22802	23530	MFC_RS00855	MFC_RS00855	IDATCC27716	+	103767	104495
NZ_AFCG01000005.1	+	23650	23916	MFC_RS00860	MFC_RS00860	IDATCC27716	+	104615	104881
NZ_AFCG01000005.1	+	24074	24458	MFC_RS03195	MFC_RS03195	IDATCC27716	+	105039	105423
NZ_AFCG01000005.1	-	24512	24940	MFC_RS00865	MFC_RS00865	IDATCC27716	+	105477	105905
NZ_AFCG01000005.1	-	25110	28316	MFC_RS00870	MFC_RS00870	IDATCC27716	+	106075	109281
NZ_AFCG01000005.1	-	28362	31550	MFC_RS00875	MFC_RS00875	IDATCC27716	+	109327	112515
NZ_AFCG01000005.1	-	31813	33732	MFC_RS00880	MFC_RS00880	IDATCC27716	+	112778	114697
NZ_AFCG01000005.1	-	33984	34106	MFC_RS03475	MFC_RS03475	IDATCC27716	+	114949	115071
NZ_AFCG01000005.1	-	34126	35094	MFC_RS00885	MFC_RS00885	IDATCC27716	+	115091	116059
NZ_AFCG01000005.1	-	35241	35316	MFC_RS00890	MFC_RS00890	IDATCC27716	+	116206	116281
NZ_AFCG01000005.1	-	35320	35405	MFC_RS00895	MFC_RS00895	IDATCC27716	+	116285	116370
NZ_AFCG01000005.1	+	35730	36869	MFC_RS00900	MFC_RS00900	IDATCC27716	+	116695	117834
NZ_AFCG01000005.1	+	36946	38520	MFC_RS00905	MFC_RS00905	IDATCC27716	+	117911	119485
NZ_AFCG01000005.1	+	38547	39062	MFC_RS00910	MFC_RS00910	IDATCC27716	+	119512	120027
NZ_AFCG01000005.1	+	39264	40388	MFC_RS00915	MFC_RS00915	IDATCC27716	+	120229	121353
NZ_AFCG01000005.1	+	40388	41392	MFC_RS00920	MFC_RS00920	IDATCC27716	+	121353	122357
NZ_AFCG01000005.1	-	41511	41586	MFC_RS00925	MFC_RS00925	IDATCC27716	+	122476	122551
NZ_AFCG01000005.1	+	42002	46132	MFC_RS00930	MFC_RS00930	IDATCC27716	+	122967	127097
NZ_AFCG01000005.1	-	46225	47373	MFC_RS00935	MFC_RS00935	IDATCC27716	+	127190	128338
NZ_AFCG01000005.1	+	47863	48618	MFC_RS00940	MFC_RS00940	IDATCC27716	+	128828	129583
NZ_AFCG01000005.1	-	48819	49487	MFC_RS03135	MFC_RS03135	IDATCC27716	+	129784	130452
NZ_AFCG01000005.1	-	50035	50880	MFC_RS00950	MFC_RS00950	IDATCC27716	+	131000	131845
NZ_AFCG01000005.1	-	51163	52647	MFC_RS00955	MFC_RS00955	IDATCC27716	+	132128	133612
NZ_AFCG01000005.1	+	52929	53624	MFC_RS00960	MFC_RS00960	IDATCC27716	+	133894	134589
NZ_AFCG01000005.1	-	53706	55436	MFC_RS00965	MFC_RS00965	IDATCC27716	+	134671	136401
NZ_AFCG01000005.1	-	55411	56760	MFC_RS03340	MFC_RS03340	IDATCC27716	+	136376	137725
NZ_AFCG01000005.1	+	57197	58531	MFC_RS00980	MFC_RS00980	IDATCC27716	+	138162	139496
NZ_AFCG01000005.1	+	58518	59378	MFC_RS00985	MFC_RS00985	IDATCC27716	+	139483	140343
NZ_AFCG01000005.1	+	59371	60195	MFC_RS00990	MFC_RS00990	IDATCC27716	+	140336	141160
NZ_AFCG01000005.1	+	60180	61895	MFC_RS00995	MFC_RS00995	IDATCC27716	+	141145	142860
NZ_AFCG01000005.1	+	61967	62803	MFC_RS01000	MFC_RS01000	IDATCC27716	+	142932	143768
NZ_AFCG01000005.1	-	62816	63343	MFC_RS01005	MFC_RS01005	IDATCC27716	+	143781	144308
NZ_AFCG01000005.1	-	63401	64741	MFC_RS01010	MFC_RS01010	IDATCC27716	+	144366	145706
NZ_AFCG01000005.1	+	64901	65611	MFC_RS01015	MFC_RS01015	IDATCC27716	+	145866	146576
NZ_AFCG01000005.1	+	65614	66174	MFC_RS01020	MFC_RS01020	IDATCC27716	+	146579	147139
NZ_AFCG01000005.1	+	66177	67103	MFC_RS01025	MFC_RS01025	IDATCC27716	+	147142	148068
NZ_AFCG01000005.1	+	68132	71541	MFC_RS01030	MFC_RS01030	IDATCC27716	+	149097	152506
NZ_AFCG01000005.1	+	71661	72950	MFC_RS01035	MFC_RS01035	IDATCC27716	+	152626	153915
NZ_AFCG01000005.1	+	73316	73645	MFC_RS01040	MFC_RS01040	IDATCC27716	+	154281	154610
NZ_AFCG01000005.1	+	73734	74168	MFC_RS01045	MFC_RS01045	IDATCC27716	+	154699	155133
NZ_AFCG01000005.1	-	74265	76835	MFC_RS01050	MFC_RS01050	IDATCC27716	+	155230	157800
NZ_AFCG01000005.1	+	77162	77827	MFC_RS01055	MFC_RS01055	IDATCC27716	+	158127	158792
NZ_AFCG01000005.1	+	77909	78523	MFC_RS01060	MFC_RS01060	IDATCC27716	+	158874	159488
NZ_AFCG01000005.1	+	78526	79224	MFC_RS01065	MFC_RS01065	IDATCC27716	+	159491	160189
NZ_AFCG01000005.1	+	79392	82010	MFC_RS01070	MFC_RS01070	IDATCC27716	+	160357	162975
NZ_AFCG01000005.1	+	82296	83504	MFC_RS01075	MFC_RS01075	IDATCC27716	+	163261	164469
NZ_AFCG01000005.1	-	83624	89581	MFC_RS01080	MFC_RS01080	IDATCC27716	+	164589	170546
NZ_AFCG01000005.1	-	90255	94415	MFC_RS01085	MFC_RS01085	IDATCC27716	+	171220	175380
NZ_AFCG01000005.1	+	94870	96693	MFC_RS01090	MFC_RS01090	IDATCC27716	+	175835	177658
NZ_AFCG01000005.1	+	97058	97747	MFC_RS03345	MFC_RS03345	IDATCC27716	+	178023	178712
NZ_AFCG01000005.1	+	97757	99127	MFC_RS03350	MFC_RS03350	IDATCC27716	+	178722	180092
NZ_AFCG01000005.1	+	99301	100134	MFC_RS01110	MFC_RS01110	IDATCC27716	+	180266	181099
NZ_AFCG01000005.1	+	100118	100273	MFC_RS03280	MFC_RS03280	IDATCC27716	+	181083	181238
NZ_AFCG01000005.1	-	100508	101401	MFC_RS01115	MFC_RS01115	IDATCC27716	+	181473	182366
NZ_AFCG01000005.1	-	101388	102005	MFC_RS01120	MFC_RS01120	IDATCC27716	+	182353	182970
NZ_AFCG01000005.1	-	101977	103227	MFC_RS01125	MFC_RS01125	IDATCC27716	+	182942	184192
NZ_AFCG01000005.1	-	103227	104765	MFC_RS01130	MFC_RS01130	IDATCC27716	+	184192	185730
NZ_AFCG01000005.1	-	104905	106164	MFC_RS01135	MFC_RS01135	IDATCC27716	+	185870	187129
NZ_AFCG01000005.1	+	106600	107550	MFC_RS01140	MFC_RS01140	IDATCC27716	+	187565	188515
NZ_AFCG01000005.1	+	107553	108761	MFC_RS01145	MFC_RS01145	IDATCC27716	+	188518	189726
NZ_AFCG01000005.1	-	109002	110837	MFC_RS01150	MFC_RS01150	IDATCC27716	+	189967	191802
NZ_AFCG01000005.1	-	110837	111757	MFC_RS01155	MFC_RS01155	IDATCC27716	+	191802	192722
NZ_AFCG01000005.1	-	112405	114426	MFC_RS01160	MFC_RS01160	IDATCC27716	+	193370	195391
NZ_AFCG01000005.1	-	114377	114685	MFC_RS01165	MFC_RS01165	IDATCC27716	+	195342	195650
NZ_AFCG01000005.1	+	115080	117899	MFC_RS01170	MFC_RS01170	IDATCC27716	+	196045	198864
NZ_AFCG01000005.1	+	117899	118954	MFC_RS01175	MFC_RS01175	IDATCC27716	+	198864	199919
NZ_AFCG01000005.1	+	118932	120089	MFC_RS01180	MFC_RS01180	IDATCC27716	+	199897	201054
NZ_AFCG01000005.1	+	120089	121138	MFC_RS01185	MFC_RS01185	IDATCC27716	+	201054	202103
NZ_AFCG01000005.1	+	121138	123465	MFC_RS01190	MFC_RS01190	IDATCC27716	+	202103	204430
NZ_AFCG01000005.1	+	123601	124932	MFC_RS01195	MFC_RS01195	IDATCC27716	+	204566	205897
NZ_AFCG01000005.1	+	125187	125735	MFC_RS01200	MFC_RS01200	IDATCC27716	+	274176	274724
NZ_AFCG01000005.1	+	125768	135868	MFC_RS01205	MFC_RS01205	IDATCC27716	+	274757	284857
NZ_AFCG01000005.1	+	135936	147296	MFC_RS01210	MFC_RS01210	IDATCC27716	+	284925	296285
NZ_AFCG01000005.1	-	147429	148124	MFC_RS01215	MFC_RS01215	IDATCC27716	+	296418	297113
NZ_AFCG01000005.1	-	148124	148567	MFC_RS01220	MFC_RS01220	IDATCC27716	+	297113	297556
NZ_AFCG01000005.1	-	148760	148844	MFC_RS01225	MFC_RS01225	IDATCC27716	+	297749	297833
NZ_AFCG01000005.1	-	148850	148943	MFC_RS01230	MFC_RS01230	IDATCC27716	+	297839	297932
NZ_AFCG01000005.1	-	149034	149936	MFC_RS01235	MFC_RS01235	IDATCC27716	+	298023	298925
NZ_AFCG01000005.1	-	149914	150351	MFC_RS01240	MFC_RS01240	IDATCC27716	+	298903	299340
NZ_AFCG01000005.1	-	150380	150601	MFC_RS01245	MFC_RS01245	IDATCC27716	+	299369	299590
NZ_AFCG01000005.1	-	150744	151349	MFC_RS01250	MFC_RS01250	IDATCC27716	+	299733	300338
NZ_AFCG01000005.1	-	151378	151962	MFC_RS01255	MFC_RS01255	IDATCC27716	+	300367	300951
NZ_AFCG01000005.1	+	152157	160115	MFC_RS01260	MFC_RS01260	IDATCC27716	+	301146	309104
NZ_AFCG01000005.1	+	160169	161092	MFC_RS01265	MFC_RS01265	IDATCC27716	+	309158	310081
NZ_AFCG01000005.1	+	161177	162319	MFC_RS01270	MFC_RS01270	IDATCC27716	+	310166	311308
NZ_AFCG01000005.1	+	162582	162657	MFC_RS01275	MFC_RS01275	IDATCC27716	+	311571	311646
NZ_AFCG01000005.1	+	162733	163548	MFC_RS01280	MFC_RS01280	IDATCC27716	+	311722	312537
NZ_AFCG01000005.1	-	163644	164747	MFC_RS01285	MFC_RS01285	IDATCC27716	+	312633	313736
NZ_AFCG01000005.1	-	164757	165020	MFC_RS01290	MFC_RS01290	IDATCC27716	+	313746	314009
NZ_AFCG01000005.1	-	165044	165604	MFC_RS01295	MFC_RS01295	IDATCC27716	+	314033	314593
NZ_AFCG01000005.1	-	165654	166145	MFC_RS01300	MFC_RS01300	IDATCC27716	+	314643	315134
NZ_AFCG01000005.1	-	166376	166452	MFC_RS01305	MFC_RS01305	IDATCC27716	+	315365	315441
NZ_AFCG01000005.1	-	166466	166539	MFC_RS01310	MFC_RS01310	IDATCC27716	+	315455	315528
NZ_AFCG01000005.1	-	166609	167442	MFC_RS01315	MFC_RS01315	IDATCC27716	+	315598	316431
NZ_AFCG01000005.1	-	168328	169110	MFC_RS01320	MFC_RS01320	IDATCC27716	+	317317	318099
NZ_AFCG01000005.1	-	169296	170267	MFC_RS01325	MFC_RS01325	IDATCC27716	+	318285	319256
NZ_AFCG01000005.1	-	170285	171628	MFC_RS01330	MFC_RS01330	IDATCC27716	+	319274	320617
NZ_AFCG01000005.1	+	171783	173888	MFC_RS01335	MFC_RS01335	IDATCC27716	+	320772	322877
NZ_AFCG01000005.1	+	173958	175508	MFC_RS01340	MFC_RS01340	IDATCC27716	+	322947	324497
NZ_AFCG01000005.1	+	175540	175872	MFC_RS01345	MFC_RS01345	IDATCC27716	+	324529	324861
NZ_AFCG01000005.1	-	175940	177550	MFC_RS01350	MFC_RS01350	IDATCC27716	+	324929	326539
NZ_AFCG01000005.1	-	177732	178712	MFC_RS03505	MFC_RS03505	IDATCC27716	+	326721	327701
NZ_AFCG01000005.1	-	178706	179368	MFC_RS03510	MFC_RS03510	IDATCC27716	+	327695	328357
NZ_AFCG01000005.1	+	179495	181069	MFC_RS01360	MFC_RS01360	IDATCC27716	+	328484	330058
NZ_AFCG01000005.1	-	181256	182005	MFC_RS01365	MFC_RS01365	IDATCC27716	+	330245	330994
NZ_AFCG01000005.1	-	182023	183555	MFC_RS01370	MFC_RS01370	IDATCC27716	+	331012	332544
NZ_AFCG01000005.1	+	183991	185181	MFC_RS01375	MFC_RS01375	IDATCC27716	+	332980	334170
NZ_AFCG01000005.1	+	185165	185935	MFC_RS01380	MFC_RS01380	IDATCC27716	+	334154	334924
NZ_AFCG01000005.1	+	185928	187625	MFC_RS01385	MFC_RS01385	IDATCC27716	+	334917	336614
NZ_AFCG01000005.1	+	187743	188219	MFC_RS01390	MFC_RS01390	IDATCC27716	+	336732	337208
NZ_AFCG01000005.1	+	188387	189523	MFC_RS01395	MFC_RS01395	IDATCC27716	+	337376	338512
NZ_AFCG01000005.1	+	189442	190371	MFC_RS01400	MFC_RS01400	IDATCC27716	+	338431	339360
NZ_AFCG01000005.1	-	190766	190993	MFC_RS03355	MFC_RS03355	IDATCC27716	+	339755	339982
NZ_AFCG01000005.1	-	191010	192419	MFC_RS01410	MFC_RS01410	IDATCC27716	+	339999	341408
NZ_AFCG01000005.1	-	192394	192772	MFC_RS03360	MFC_RS03360	IDATCC27716	+	341383	341761
NZ_AFCG01000006.1	-	1	394	MFC_RS01420	MFC_RS01420	IDATCC27716	+	594767	595160
NZ_AFCG01000006.1	+	1032	1694	MFC_RS01430	MFC_RS01430	IDATCC27716	+	595798	596460
NZ_AFCG01000006.1	-	1879	2046	MFC_RS03220	MFC_RS03220	IDATCC27716	+	596645	596812
NZ_AFCG01000006.1	-	2027	2830	MFC_RS01435	MFC_RS01435	IDATCC27716	+	596793	597596
NZ_AFCG01000006.1	-	2817	4706	MFC_RS01440	MFC_RS01440	IDATCC27716	+	597583	599472
NZ_AFCG01000006.1	-	5050	5982	MFC_RS03365	MFC_RS03365	IDATCC27716	+	599816	600748
NZ_AFCG01000006.1	-	5868	6263	MFC_RS03370	MFC_RS03370	IDATCC27716	+	600634	601029
NZ_AFCG01000006.1	+	6508	7662	MFC_RS01450	MFC_RS01450	IDATCC27716	+	601274	602428
NZ_AFCG01000006.1	-	7715	8545	MFC_RS01455	MFC_RS01455	IDATCC27716	+	602481	603311
NZ_AFCG01000006.1	-	8545	10329	MFC_RS01460	MFC_RS01460	IDATCC27716	+	603311	605095
NZ_AFCG01000006.1	-	10354	11118	MFC_RS01465	MFC_RS01465	IDATCC27716	+	605120	605884
NZ_AFCG01000006.1	+	11484	12101	MFC_RS01470	MFC_RS01470	IDATCC27716	+	606250	606867
NZ_AFCG01000006.1	+	12229	12663	MFC_RS01475	MFC_RS01475	IDATCC27716	+	606995	607429
NZ_AFCG01000006.1	+	12663	13487	MFC_RS01480	MFC_RS01480	IDATCC27716	+	607429	608253
NZ_AFCG01000006.1	-	13506	14054	MFC_RS01485	MFC_RS01485	IDATCC27716	+	608272	608820
NZ_AFCG01000006.1	-	14215	15315	MFC_RS01490	MFC_RS01490	IDATCC27716	+	608981	610081
NZ_AFCG01000006.1	-	15394	16275	MFC_RS01495	MFC_RS01495	IDATCC27716	+	610160	611041
NZ_AFCG01000006.1	-	16268	19213	MFC_RS01500	MFC_RS01500	IDATCC27716	+	611034	613979
NZ_AFCG01000006.1	-	19249	19590	MFC_RS01505	MFC_RS01505	IDATCC27716	+	614015	614356
NZ_AFCG01000006.1	-	19604	21403	MFC_RS01510	MFC_RS01510	IDATCC27716	+	614370	616169
NZ_AFCG01000006.1	-	21370	21660	MFC_RS01515	MFC_RS01515	IDATCC27716	+	616136	616426
NZ_AFCG01000006.1	-	21669	23522	MFC_RS01520	MFC_RS01520	IDATCC27716	+	616435	618288
NZ_AFCG01000006.1	-	23530	23742	MFC_RS01525	MFC_RS01525	IDATCC27716	+	618296	618508
NZ_AFCG01000006.1	+	24087	26087	MFC_RS01530	MFC_RS01530	IDATCC27716	+	618853	620853
NZ_AFCG01000006.1	-	26632	28371	MFC_RS01540	MFC_RS01540	IDATCC27716	+	621398	623137
NZ_AFCG01000006.1	-	28375	29358	MFC_RS01545	MFC_RS01545	IDATCC27716	+	623141	624124
NZ_AFCG01000006.1	+	29433	29789	MFC_RS01550	MFC_RS01550	IDATCC27716	+	624199	624555
NZ_AFCG01000006.1	+	29831	30439	MFC_RS03375	MFC_RS03375	IDATCC27716	+	624597	625205
NZ_AFCG01000006.1	+	30449	33028	MFC_RS01555	MFC_RS01555	IDATCC27716	+	625215	627794
NZ_AFCG01000006.1	+	33015	33755	MFC_RS01560	MFC_RS01560	IDATCC27716	+	627781	628521
NZ_AFCG01000006.1	+	33748	34041	MFC_RS01565	MFC_RS01565	IDATCC27716	+	628514	628807
NZ_AFCG01000006.1	+	34057	35574	MFC_RS01570	MFC_RS01570	IDATCC27716	+	628823	630340
NZ_AFCG01000006.1	-	35770	35895	MFC_RS03485	MFC_RS03485	IDATCC27716	+	630536	630661
NZ_AFCG01000006.1	+	36131	36236	MFC_RS01575	MFC_RS01575	IDATCC27716	+	630897	631002
NZ_AFCG01000006.1	-	36481	36606	MFC_RS03490	MFC_RS03490	IDATCC27716	+	631247	631372
NZ_AFCG01000006.1	+	36770	37711	MFC_RS01580	MFC_RS01580	IDATCC27716	+	631536	632477
NZ_AFCG01000006.1	+	37621	38421	MFC_RS01585	MFC_RS01585	IDATCC27716	+	632387	633187
NZ_AFCG01000006.1	+	38464	39018	MFC_RS01590	MFC_RS01590	IDATCC27716	+	633230	633784
NZ_AFCG01000006.1	+	39253	40641	MFC_RS01595	MFC_RS01595	IDATCC27716	+	634019	635407
NZ_AFCG01000006.1	+	40776	42302	MFC_RS01600	MFC_RS01600	IDATCC27716	+	635542	637068
NZ_AFCG01000006.1	+	42295	44004	MFC_RS01605	MFC_RS01605	IDATCC27716	+	637061	638770
NZ_AFCG01000006.1	+	44004	44915	MFC_RS01610	MFC_RS01610	IDATCC27716	+	638770	639681
NZ_AFCG01000006.1	+	44985	45539	MFC_RS01615	MFC_RS01615	IDATCC27716	+	639751	640305
NZ_AFCG01000006.1	+	45596	45669	MFC_RS01620	MFC_RS01620	IDATCC27716	+	640362	640435
NZ_AFCG01000006.1	+	45797	46066	MFC_RS01625	MFC_RS01625	IDATCC27716	+	640563	640832
NZ_AFCG01000006.1	+	46292	48772	MFC_RS01630	MFC_RS01630	IDATCC27716	+	641058	643538
NZ_AFCG01000006.1	-	49052	51508	MFC_RS01635	MFC_RS01635	IDATCC27716	+	643818	646274
NZ_AFCG01000006.1	-	51530	53728	MFC_RS01640	MFC_RS01640	IDATCC27716	+	646296	648494
NZ_AFCG01000006.1	+	54048	54545	MFC_RS01650	MFC_RS01650	IDATCC27716	+	648814	649311
NZ_AFCG01000006.1	+	54559	54924	MFC_RS01655	MFC_RS01655	IDATCC27716	+	649325	649690
NZ_AFCG01000006.1	+	55114	58767	MFC_RS01660	MFC_RS01660	IDATCC27716	+	649880	653533
NZ_AFCG01000006.1	+	58826	63061	MFC_RS01665	MFC_RS01665	IDATCC27716	+	653592	657827
NZ_AFCG01000006.1	+	63066	63485	MFC_RS01670	MFC_RS01670	IDATCC27716	+	657832	658251
NZ_AFCG01000006.1	+	63840	66359	MFC_RS01675	MFC_RS01675	IDATCC27716	+	658606	661125
NZ_AFCG01000006.1	+	66369	68855	MFC_RS01680	MFC_RS01680	IDATCC27716	+	661135	663621
NZ_AFCG01000006.1	-	68884	69123	MFC_RS01685	MFC_RS01685	IDATCC27716	+	663650	663889
NZ_AFCG01000007.1	+	1	2328	MFC_RS03380	MFC_RS03380	IDATCC27716	+	468782	471109
NZ_AFCG01000007.1	-	2354	2839	MFC_RS01695	MFC_RS01695	IDATCC27716	+	471135	471620
NZ_AFCG01000007.1	-	2951	3358	MFC_RS01700	MFC_RS01700	IDATCC27716	+	471732	472139
NZ_AFCG01000007.1	+	3492	5096	MFC_RS01705	MFC_RS01705	IDATCC27716	+	472273	473877
NZ_AFCG01000007.1	-	5093	5686	MFC_RS01710	MFC_RS01710	IDATCC27716	+	473874	474467
NZ_AFCG01000007.1	-	5671	6315	MFC_RS01715	MFC_RS01715	IDATCC27716	+	474452	475096
NZ_AFCG01000007.1	-	6327	8225	MFC_RS01720	MFC_RS01720	IDATCC27716	+	475108	477006
NZ_AFCG01000007.1	-	8244	8606	MFC_RS01725	MFC_RS01725	IDATCC27716	+	477025	477387
NZ_AFCG01000007.1	-	8666	9349	MFC_RS01730	MFC_RS01730	IDATCC27716	+	477447	478130
NZ_AFCG01000007.1	-	9372	9635	MFC_RS01735	MFC_RS01735	IDATCC27716	+	478153	478416
NZ_AFCG01000007.1	+	9936	13031	MFC_RS03385	MFC_RS03385	IDATCC27716	+	478717	481812
NZ_AFCG01000007.1	-	13028	13993	MFC_RS01750	MFC_RS01750	IDATCC27716	+	481809	482774
NZ_AFCG01000007.1	-	13971	14636	MFC_RS01755	MFC_RS01755	IDATCC27716	+	482752	483417
NZ_AFCG01000007.1	-	14735	16162	MFC_RS01760	MFC_RS01760	IDATCC27716	+	483516	484943
NZ_AFCG01000007.1	-	16165	18426	MFC_RS01765	MFC_RS01765	IDATCC27716	+	484946	487207
NZ_AFCG01000007.1	-	18429	19064	MFC_RS01770	MFC_RS01770	IDATCC27716	+	487210	487845
NZ_AFCG01000007.1	-	19078	20427	MFC_RS01775	MFC_RS01775	IDATCC27716	+	487859	489208
NZ_AFCG01000007.1	+	20842	22098	MFC_RS01780	MFC_RS01780	IDATCC27716	+	489623	490879
NZ_AFCG01000007.1	-	22183	22512	MFC_RS01785	MFC_RS01785	IDATCC27716	+	490964	491293
NZ_AFCG01000007.1	+	23092	24111	MFC_RS01790	MFC_RS01790	IDATCC27716	+	491873	492892
NZ_AFCG01000007.1	+	24113	24580	MFC_RS01795	MFC_RS01795	IDATCC27716	+	492894	493361
NZ_AFCG01000007.1	+	24581	26743	MFC_RS01800	MFC_RS01800	IDATCC27716	+	493362	495524
NZ_AFCG01000007.1	-	26967	27161	MFC_RS01805	MFC_RS01805	IDATCC27716	+	495748	495942
NZ_AFCG01000007.1	-	27204	27554	MFC_RS01810	MFC_RS01810	IDATCC27716	+	495985	496335
NZ_AFCG01000007.1	-	27606	27800	MFC_RS01815	MFC_RS01815	IDATCC27716	+	496387	496581
NZ_AFCG01000007.1	-	27793	28101	MFC_RS03390	MFC_RS03390	IDATCC27716	+	496574	496882
NZ_AFCG01000007.1	-	28104	28442	MFC_RS03395	MFC_RS03395	IDATCC27716	+	496885	497223
NZ_AFCG01000007.1	-	28666	30102	MFC_RS01825	MFC_RS01825	IDATCC27716	+	497447	498883
NZ_AFCG01000007.1	-	30201	30992	MFC_RS01830	MFC_RS01830	IDATCC27716	+	498982	499773
NZ_AFCG01000007.1	+	31067	31342	MFC_RS01835	MFC_RS01835	IDATCC27716	+	499848	500123
NZ_AFCG01000007.1	-	31419	32489	MFC_RS01840	MFC_RS01840	IDATCC27716	+	500200	501270
NZ_AFCG01000007.1	-	32559	33218	MFC_RS01845	MFC_RS01845	IDATCC27716	+	501340	501999
NZ_AFCG01000007.1	+	33385	33684	MFC_RS01850	MFC_RS01850	IDATCC27716	+	502166	502465
NZ_AFCG01000007.1	+	33693	33947	MFC_RS01855	MFC_RS01855	IDATCC27716	+	502474	502728
NZ_AFCG01000007.1	-	34147	35001	MFC_RS01860	MFC_RS01860	IDATCC27716	+	502928	503782
NZ_AFCG01000007.1	+	35139	35235	MFC_RS03230	MFC_RS03230	IDATCC27716	+	503920	504016
NZ_AFCG01000007.1	+	35256	36365	MFC_RS01865	MFC_RS01865	IDATCC27716	+	504037	505146
NZ_AFCG01000007.1	+	36506	37975	MFC_RS01870	MFC_RS01870	IDATCC27716	+	505287	506756
NZ_AFCG01000007.1	+	38091	39038	MFC_RS01875	MFC_RS01875	IDATCC27716	+	506872	507819
NZ_AFCG01000007.1	-	39251	39334	MFC_RS01880	MFC_RS01880	IDATCC27716	+	508032	508115
NZ_AFCG01000007.1	+	39310	42225	MFC_RS01885	MFC_RS01885	IDATCC27716	+	508091	511006
NZ_AFCG01000007.1	+	42282	43367	MFC_RS01890	MFC_RS01890	IDATCC27716	+	511063	512148
NZ_AFCG01000007.1	+	43354	44082	MFC_RS01895	MFC_RS01895	IDATCC27716	+	512135	512863
NZ_AFCG01000007.1	+	44103	45506	MFC_RS01900	MFC_RS01900	IDATCC27716	+	512884	514287
NZ_AFCG01000007.1	+	45497	45907	MFC_RS01905	MFC_RS01905	IDATCC27716	+	514278	514688
NZ_AFCG01000007.1	+	45900	46424	MFC_RS01910	MFC_RS01910	IDATCC27716	+	514681	515205
NZ_AFCG01000007.1	+	46411	47169	MFC_RS01915	MFC_RS01915	IDATCC27716	+	515192	515950
NZ_AFCG01000007.1	-	47173	47247	MFC_RS01920	MFC_RS01920	IDATCC27716	+	515954	516028
NZ_AFCG01000007.1	+	47354	47908	MFC_RS01925	MFC_RS01925	IDATCC27716	+	516135	516689
NZ_AFCG01000007.1	+	47892	48542	MFC_RS01930	MFC_RS01930	IDATCC27716	+	516673	517323
NZ_AFCG01000007.1	+	48553	49365	MFC_RS01935	MFC_RS01935	IDATCC27716	+	517334	518146
NZ_AFCG01000007.1	+	49382	50617	MFC_RS01940	MFC_RS01940	IDATCC27716	+	518163	519398
NZ_AFCG01000007.1	+	50889	52241	MFC_RS01945	MFC_RS01945	IDATCC27716	+	519670	521022
NZ_AFCG01000007.1	+	52356	52796	MFC_RS01950	MFC_RS01950	IDATCC27716	+	521137	521577
NZ_AFCG01000007.1	-	52906	53556	MFC_RS01955	MFC_RS01955	IDATCC27716	+	521687	522337
NZ_AFCG01000007.1	-	53537	54394	MFC_RS01960	MFC_RS01960	IDATCC27716	+	522318	523175
NZ_AFCG01000007.1	-	54395	54976	MFC_RS01965	MFC_RS01965	IDATCC27716	+	523176	523757
NZ_AFCG01000007.1	-	54969	55529	MFC_RS01970	MFC_RS01970	IDATCC27716	+	523750	524310
NZ_AFCG01000007.1	-	55594	56235	MFC_RS01975	MFC_RS01975	IDATCC27716	+	524375	525016
NZ_AFCG01000007.1	-	56742	57623	MFC_RS01980	MFC_RS01980	IDATCC27716	+	525523	526404
NZ_AFCG01000007.1	-	57631	58026	MFC_RS01985	MFC_RS01985	IDATCC27716	+	526412	526807
NZ_AFCG01000007.1	-	58026	58478	MFC_RS01990	MFC_RS01990	IDATCC27716	+	526807	527259
NZ_AFCG01000007.1	-	58495	58878	MFC_RS01995	MFC_RS01995	IDATCC27716	+	527276	527659
NZ_AFCG01000007.1	-	58850	60892	MFC_RS02000	MFC_RS02000	IDATCC27716	+	527631	529673
NZ_AFCG01000007.1	+	60965	62161	MFC_RS02005	MFC_RS02005	IDATCC27716	+	529746	530942
NZ_AFCG01000007.1	+	62827	63213	MFC_RS03400	MFC_RS03400	IDATCC27716	+	531608	531994
NZ_AFCG01000007.1	+	63185	63646	MFC_RS02020	MFC_RS02020	IDATCC27716	+	531966	532427
NZ_AFCG01000007.1	+	63647	64366	MFC_RS02025	MFC_RS02025	IDATCC27716	+	532428	533147
NZ_AFCG01000007.1	+	64353	65498	MFC_RS02030	MFC_RS02030	IDATCC27716	+	533134	534279
NZ_AFCG01000007.1	+	65491	65922	MFC_RS02035	MFC_RS02035	IDATCC27716	+	534272	534703
NZ_AFCG01000007.1	+	65900	66610	MFC_RS02040	MFC_RS02040	IDATCC27716	+	534681	535391
NZ_AFCG01000007.1	-	66756	67118	MFC_RS02045	MFC_RS02045	IDATCC27716	+	535537	535899
NZ_AFCG01000007.1	-	67121	68119	MFC_RS02050	MFC_RS02050	IDATCC27716	+	535902	536900
NZ_AFCG01000007.1	-	68126	68530	MFC_RS02055	MFC_RS02055	IDATCC27716	+	536907	537311
NZ_AFCG01000007.1	-	68533	68946	MFC_RS02060	MFC_RS02060	IDATCC27716	+	537314	537727
NZ_AFCG01000007.1	-	69149	69262	MFC_RS02065	MFC_RS02065	IDATCC27716	+	537930	538043
NZ_AFCG01000007.1	-	69307	69534	MFC_RS02070	MFC_RS02070	IDATCC27716	+	538088	538315
NZ_AFCG01000007.1	-	69535	70287	MFC_RS02075	MFC_RS02075	IDATCC27716	+	538316	539068
NZ_AFCG01000007.1	-	70278	70916	MFC_RS02080	MFC_RS02080	IDATCC27716	+	539059	539697
NZ_AFCG01000007.1	-	70965	72386	MFC_RS02085	MFC_RS02085	IDATCC27716	+	539746	541167
NZ_AFCG01000007.1	-	72386	72829	MFC_RS02090	MFC_RS02090	IDATCC27716	+	541167	541610
NZ_AFCG01000007.1	-	73112	73891	MFC_RS02095	MFC_RS02095	IDATCC27716	+	541893	542672
NZ_AFCG01000007.1	-	73893	74258	MFC_RS02100	MFC_RS02100	IDATCC27716	+	542674	543039
NZ_AFCG01000007.1	-	74261	74800	MFC_RS02105	MFC_RS02105	IDATCC27716	+	543042	543581
NZ_AFCG01000007.1	-	74812	75207	MFC_RS02110	MFC_RS02110	IDATCC27716	+	543593	543988
NZ_AFCG01000007.1	-	75213	75398	MFC_RS03235	MFC_RS03235	IDATCC27716	+	543994	544179
NZ_AFCG01000007.1	-	75447	75992	MFC_RS02115	MFC_RS02115	IDATCC27716	+	544228	544773
NZ_AFCG01000007.1	-	75995	76318	MFC_RS02120	MFC_RS02120	IDATCC27716	+	544776	545099
NZ_AFCG01000007.1	-	76322	76690	MFC_RS02125	MFC_RS02125	IDATCC27716	+	545103	545471
NZ_AFCG01000007.1	-	76692	76979	MFC_RS02130	MFC_RS02130	IDATCC27716	+	545473	545760
NZ_AFCG01000007.1	-	76972	77337	MFC_RS02135	MFC_RS02135	IDATCC27716	+	545753	546118
NZ_AFCG01000007.1	-	77345	77755	MFC_RS02140	MFC_RS02140	IDATCC27716	+	546126	546536
NZ_AFCG01000007.1	-	77758	78441	MFC_RS02145	MFC_RS02145	IDATCC27716	+	546539	547222
NZ_AFCG01000007.1	-	78441	78962	MFC_RS03530	MFC_RS03530	IDATCC27716	+	547222	547743
NZ_AFCG01000007.1	-	78975	79247	MFC_RS02155	MFC_RS02155	IDATCC27716	+	547756	548028
NZ_AFCG01000007.1	-	79247	80095	MFC_RS02160	MFC_RS02160	IDATCC27716	+	548028	548876
NZ_AFCG01000007.1	-	80095	80586	MFC_RS02165	MFC_RS02165	IDATCC27716	+	548876	549367
NZ_AFCG01000007.1	-	80590	81234	MFC_RS02170	MFC_RS02170	IDATCC27716	+	549371	550015
NZ_AFCG01000007.1	-	81227	81928	MFC_RS02175	MFC_RS02175	IDATCC27716	+	550008	550709
NZ_AFCG01000007.1	-	81930	82250	MFC_RS02180	MFC_RS02180	IDATCC27716	+	550711	551031
NZ_AFCG01000007.1	+	82643	83260	MFC_RS02185	MFC_RS02185	IDATCC27716	+	551424	552041
NZ_AFCG01000007.1	-	83385	84068	MFC_RS02190	MFC_RS02190	IDATCC27716	+	552166	552849
NZ_AFCG01000007.1	+	84147	86798	MFC_RS02195	MFC_RS02195	IDATCC27716	+	552928	555579
NZ_AFCG01000007.1	+	86774	87211	MFC_RS02200	MFC_RS02200	IDATCC27716	+	555555	555992
NZ_AFCG01000007.1	+	87395	87949	MFC_RS02205	MFC_RS02205	IDATCC27716	+	556176	556730
NZ_AFCG01000007.1	+	87927	88820	MFC_RS02210	MFC_RS02210	IDATCC27716	+	556708	557601
NZ_AFCG01000007.1	+	88866	90995	MFC_RS02215	MFC_RS02215	IDATCC27716	+	557647	559776
NZ_AFCG01000007.1	+	91114	92583	MFC_RS02220	MFC_RS02220	IDATCC27716	+	559895	561364
NZ_AFCG01000007.1	+	92585	93415	MFC_RS02225	MFC_RS02225	IDATCC27716	+	561366	562196
NZ_AFCG01000007.1	-	93404	94732	MFC_RS02230	MFC_RS02230	IDATCC27716	+	562185	563513
NZ_AFCG01000007.1	-	94775	96391	MFC_RS02235	MFC_RS02235	IDATCC27716	+	563556	565172
NZ_AFCG01000007.1	+	96781	98868	MFC_RS02240	MFC_RS02240	IDATCC27716	+	565562	567649
NZ_AFCG01000007.1	+	98967	99137	MFC_RS03290	MFC_RS03290	IDATCC27716	+	567748	567918
NZ_AFCG01000007.1	+	99266	99490	MFC_RS03145	MFC_RS03145	IDATCC27716	+	568047	568271
NZ_AFCG01000007.1	+	99469	99681	MFC_RS03150	MFC_RS03150	IDATCC27716	+	568250	568462
NZ_AFCG01000007.1	+	99823	100857	MFC_RS02250	MFC_RS02250	IDATCC27716	+	568604	569638
NZ_AFCG01000007.1	+	101341	102441	MFC_RS02255	MFC_RS02255	IDATCC27716	+	570122	571222
NZ_AFCG01000007.1	+	102441	103406	MFC_RS02260	MFC_RS02260	IDATCC27716	+	571222	572187
NZ_AFCG01000007.1	+	103408	104818	MFC_RS03535	MFC_RS03535	IDATCC27716	+	572189	573599
NZ_AFCG01000007.1	+	104808	106139	MFC_RS02270	MFC_RS02270	IDATCC27716	+	573589	574920
NZ_AFCG01000007.1	+	106126	112227	MFC_RS02275	MFC_RS02275	IDATCC27716	+	574907	581008
NZ_AFCG01000007.1	+	112237	114915	MFC_RS02280	MFC_RS02280	IDATCC27716	+	581018	583696
NZ_AFCG01000007.1	-	115057	115485	MFC_RS02285	MFC_RS02285	IDATCC27716	+	583838	584266
NZ_AFCG01000007.1	-	115492	116577	MFC_RS02290	MFC_RS02290	IDATCC27716	+	584273	585358
NZ_AFCG01000007.1	-	116577	118049	MFC_RS02295	MFC_RS02295	IDATCC27716	+	585358	586830
NZ_AFCG01000007.1	+	118083	118862	MFC_RS02300	MFC_RS02300	IDATCC27716	+	586864	587643
NZ_AFCG01000007.1	-	119186	120700	MFC_RS02305	MFC_RS02305	IDATCC27716	+	587967	589481
NZ_AFCG01000007.1	-	120716	120991	MFC_RS02310	MFC_RS02310	IDATCC27716	+	589497	589772
NZ_AFCG01000007.1	-	120981	121436	MFC_RS02315	MFC_RS02315	IDATCC27716	+	589762	590217
NZ_AFCG01000007.1	-	121441	121737	MFC_RS02320	MFC_RS02320	IDATCC27716	+	590222	590518
NZ_AFCG01000007.1	-	121739	122290	MFC_RS02325	MFC_RS02325	IDATCC27716	+	590520	591071
NZ_AFCG01000007.1	-	122394	123017	MFC_RS02330	MFC_RS02330	IDATCC27716	+	591175	591798
NZ_AFCG01000007.1	-	123008	123637	MFC_RS02335	MFC_RS02335	IDATCC27716	+	591789	592418
NZ_AFCG01000008.1	+	241	429	MFC_RS03415	MFC_RS03415	IDATCC27716	+	241	429
NZ_AFCG01000008.1	+	426	497	MFC_RS03540	MFC_RS03540	IDATCC27716	+	426	497
NZ_AFCG01000008.1	+	680	973	MFC_RS02345	MFC_RS02345	IDATCC27716	+	680	973
NZ_AFCG01000008.1	+	966	2285	MFC_RS02350	MFC_RS02350	IDATCC27716	+	966	2285
NZ_AFCG01000008.1	+	2278	3675	MFC_RS02355	MFC_RS02355	IDATCC27716	+	2278	3675
NZ_AFCG01000008.1	-	3747	4109	MFC_RS02360	MFC_RS02360	IDATCC27716	+	3747	4109
NZ_AFCG01000008.1	-	4102	5433	MFC_RS02365	MFC_RS02365	IDATCC27716	+	4102	5433
NZ_AFCG01000008.1	-	5453	6454	MFC_RS02370	MFC_RS02370	IDATCC27716	+	5453	6454
NZ_AFCG01000008.1	+	6747	7199	MFC_RS03155	MFC_RS03155	IDATCC27716	+	6747	7199
NZ_AFCG01000008.1	-	7291	7905	MFC_RS02380	MFC_RS02380	IDATCC27716	+	7291	7905
NZ_AFCG01000008.1	-	7877	10537	MFC_RS02385	MFC_RS02385	IDATCC27716	+	7877	10537
NZ_AFCG01000008.1	-	10540	13092	MFC_RS02390	MFC_RS02390	IDATCC27716	+	10540	13092
NZ_AFCG01000008.1	-	13085	15010	MFC_RS02395	MFC_RS02395	IDATCC27716	+	13085	15010
NZ_AFCG01000008.1	+	15212	16222	MFC_RS02400	MFC_RS02400	IDATCC27716	+	15212	16222
NZ_AFCG01000008.1	+	16292	18160	MFC_RS03420	MFC_RS03420	IDATCC27716	+	16292	18160
NZ_AFCG01000008.1	-	18209	20293	MFC_RS02410	MFC_RS02410	IDATCC27716	+	18209	20293
NZ_AFCG01000008.1	-	20301	20534	MFC_RS02415	MFC_RS02415	IDATCC27716	+	20301	20534
NZ_AFCG01000008.1	-	20599	22059	MFC_RS02420	MFC_RS02420	IDATCC27716	+	20599	22059
NZ_AFCG01000008.1	-	22148	23161	MFC_RS02425	MFC_RS02425	IDATCC27716	+	22148	23161
NZ_AFCG01000008.1	+	23415	24137	MFC_RS02430	MFC_RS02430	IDATCC27716	+	23415	24137
NZ_AFCG01000008.1	+	24139	25398	MFC_RS02435	MFC_RS02435	IDATCC27716	+	24139	25398
NZ_AFCG01000008.1	+	25467	25829	MFC_RS02440	MFC_RS02440	IDATCC27716	+	25467	25829
NZ_AFCG01000008.1	+	25833	26708	MFC_RS02445	MFC_RS02445	IDATCC27716	+	25833	26708
NZ_AFCG01000008.1	+	26775	27041	MFC_RS03425	MFC_RS03425	IDATCC27716	+	26775	27041
NZ_AFCG01000008.1	+	27043	27468	MFC_RS02450	MFC_RS02450	IDATCC27716	+	27043	27468
NZ_AFCG01000008.1	+	27513	28670	MFC_RS02455	MFC_RS02455	IDATCC27716	+	27513	28670
NZ_AFCG01000008.1	+	29094	29822	MFC_RS02465	MFC_RS02465	IDATCC27716	+	29094	29822
NZ_AFCG01000008.1	+	29847	30155	MFC_RS02470	MFC_RS02470	IDATCC27716	+	29847	30155
NZ_AFCG01000008.1	+	30185	30724	MFC_RS02475	MFC_RS02475	IDATCC27716	+	30185	30724
NZ_AFCG01000008.1	+	30752	31315	MFC_RS02480	MFC_RS02480	IDATCC27716	+	30752	31315
NZ_AFCG01000008.1	+	31331	32854	MFC_RS02485	MFC_RS02485	IDATCC27716	+	31331	32854
NZ_AFCG01000008.1	+	32883	33713	MFC_RS02490	MFC_RS02490	IDATCC27716	+	32883	33713
NZ_AFCG01000008.1	+	33733	35148	MFC_RS02495	MFC_RS02495	IDATCC27716	+	33733	35148
NZ_AFCG01000008.1	+	35135	35395	MFC_RS02500	MFC_RS02500	IDATCC27716	+	35135	35395
NZ_AFCG01000008.1	+	35501	35986	MFC_RS02505	MFC_RS02505	IDATCC27716	+	35501	35986
NZ_AFCG01000008.1	+	36224	37219	MFC_RS02510	MFC_RS02510	IDATCC27716	+	36224	37219
NZ_AFCG01000008.1	+	37222	38157	MFC_RS02515	MFC_RS02515	IDATCC27716	+	37222	38157
NZ_AFCG01000008.1	+	38222	39544	MFC_RS02520	MFC_RS02520	IDATCC27716	+	38222	39544
NZ_AFCG01000008.1	+	39572	40939	MFC_RS02525	MFC_RS02525	IDATCC27716	+	39572	40939
NZ_AFCG01000008.1	+	40905	42767	MFC_RS02530	MFC_RS02530	IDATCC27716	+	40905	42767
NZ_AFCG01000008.1	+	42767	44842	MFC_RS02535	MFC_RS02535	IDATCC27716	+	42767	44842
NZ_AFCG01000008.1	+	44846	45619	MFC_RS02540	MFC_RS02540	IDATCC27716	+	44846	45619
NZ_AFCG01000008.1	+	45613	46443	MFC_RS02545	MFC_RS02545	IDATCC27716	+	45613	46443
NZ_AFCG01000008.1	+	46462	47706	MFC_RS02550	MFC_RS02550	IDATCC27716	+	46462	47706
NZ_AFCG01000008.1	+	47768	52525	MFC_RS02555	MFC_RS02555	IDATCC27716	+	47768	52525
NZ_AFCG01000008.1	+	52707	53615	MFC_RS03430	MFC_RS03430	IDATCC27716	+	52707	53615
NZ_AFCG01000008.1	+	53584	55524	MFC_RS02560	MFC_RS02560	IDATCC27716	+	53584	55524
NZ_AFCG01000008.1	-	55544	57097	MFC_RS02565	MFC_RS02565	IDATCC27716	+	55544	57097
NZ_AFCG01000008.1	+	57214	57522	MFC_RS02570	MFC_RS02570	IDATCC27716	+	57214	57522
NZ_AFCG01000008.1	+	57713	59515	MFC_RS02575	MFC_RS02575	IDATCC27716	+	57713	59515
NZ_AFCG01000008.1	+	59703	60833	MFC_RS02580	MFC_RS02580	IDATCC27716	+	59703	60833
NZ_AFCG01000008.1	+	60894	61577	MFC_RS02585	MFC_RS02585	IDATCC27716	+	60894	61577
NZ_AFCG01000008.1	+	61602	62915	MFC_RS02590	MFC_RS02590	IDATCC27716	+	61602	62915
NZ_AFCG01000008.1	+	62955	63227	MFC_RS02595	MFC_RS02595	IDATCC27716	+	62955	63227
NZ_AFCG01000008.1	+	63239	63469	MFC_RS02600	MFC_RS02600	IDATCC27716	+	63239	63469
NZ_AFCG01000008.1	+	63470	65266	MFC_RS02605	MFC_RS02605	IDATCC27716	+	63470	65266
NZ_AFCG01000008.1	+	65331	66302	MFC_RS02610	MFC_RS02610	IDATCC27716	+	65331	66302
NZ_AFCG01000008.1	-	66649	68733	MFC_RS02615	MFC_RS02615	IDATCC27716	+	66649	68733
NZ_AFCG01000008.1	-	68746	69216	MFC_RS02620	MFC_RS02620	IDATCC27716	+	68746	69216
NZ_AFCG01000008.1	-	69260	69685	MFC_RS02625	MFC_RS02625	IDATCC27716	+	69260	69685
NZ_AFCG01000008.1	-	69818	70198	MFC_RS02630	MFC_RS02630	IDATCC27716	+	69818	70198
NZ_AFCG01000008.1	-	70191	70715	MFC_RS02635	MFC_RS02635	IDATCC27716	+	70191	70715
NZ_AFCG01000008.1	-	70706	71206	MFC_RS02640	MFC_RS02640	IDATCC27716	+	70706	71206
NZ_AFCG01000008.1	+	71765	73123	MFC_RS02645	MFC_RS02645	IDATCC27716	+	71765	73123
NZ_AFCG01000008.1	+	73300	74673	MFC_RS02650	MFC_RS02650	IDATCC27716	+	73300	74673
NZ_AFCG01000008.1	-	74745	76028	MFC_RS02655	MFC_RS02655	IDATCC27716	+	74745	76028
NZ_AFCG01000008.1	-	76030	76728	MFC_RS02660	MFC_RS02660	IDATCC27716	+	76030	76728
NZ_AFCG01000008.1	-	77394	80393	MFC_RS02670	MFC_RS02670	IDATCC27716	+	77394	80393
NZ_AFCG01000008.1	+	80627	80908	MFC_RS02675	MFC_RS02675	IDATCC27716	+	80627	80908
NZ_AFCG01000009.1	-	1	556	MFC_RS03295	MFC_RS03295	IDATCC27716	-	707094	707649
NZ_AFCG01000009.1	-	568	2577	MFC_RS02685	MFC_RS02685	IDATCC27716	-	705073	707082
NZ_AFCG01000009.1	-	2625	2882	MFC_RS03435	MFC_RS03435	IDATCC27716	-	704768	705025
NZ_AFCG01000009.1	-	2872	3060	MFC_RS03440	MFC_RS03440	IDATCC27716	-	704590	704778
NZ_AFCG01000009.1	-	3186	3350	MFC_RS03445	MFC_RS03445	IDATCC27716	-	704300	704464
NZ_AFCG01000009.1	+	3413	3613	MFC_RS03450	MFC_RS03450	IDATCC27716	-	704037	704237
NZ_AFCG01000009.1	-	4051	6990	MFC_RS02700	MFC_RS02700	IDATCC27716	-	700660	703599
NZ_AFCG01000009.1	-	7165	8913	MFC_RS02705	MFC_RS02705	IDATCC27716	-	698737	700485
NZ_AFCG01000009.1	-	9047	9658	MFC_RS02710	MFC_RS02710	IDATCC27716	-	697992	698603
NZ_AFCG01000009.1	-	9680	10675	MFC_RS02715	MFC_RS02715	IDATCC27716	-	696975	697970
NZ_AFCG01000009.1	+	10788	12014	MFC_RS02720	MFC_RS02720	IDATCC27716	-	695636	696862
NZ_AFCG01000009.1	+	12016	12795	MFC_RS02725	MFC_RS02725	IDATCC27716	-	694855	695634
NZ_AFCG01000009.1	+	12959	13393	MFC_RS02730	MFC_RS02730	IDATCC27716	-	694257	694691
NZ_AFCG01000009.1	+	13398	13796	MFC_RS02735	MFC_RS02735	IDATCC27716	-	693854	694252
NZ_AFCG01000009.1	+	13875	13951	MFC_RS02740	MFC_RS02740	IDATCC27716	-	693699	693775
NZ_AFCG01000009.1	-	13997	14695	MFC_RS02745	MFC_RS02745	IDATCC27716	-	692955	693653
NZ_AFCG01000009.1	-	14875	16863	MFC_RS02750	MFC_RS02750	IDATCC27716	-	690787	692775
NZ_AFCG01000009.1	+	17065	19437	MFC_RS02755	MFC_RS02755	IDATCC27716	-	688213	690585
NZ_AFCG01000009.1	+	19441	20550	MFC_RS03455	MFC_RS03455	IDATCC27716	-	687100	688209
NZ_AFCG01000009.1	+	20667	21437	MFC_RS03460	MFC_RS03460	IDATCC27716	-	686213	686983
NZ_AFCG01000009.1	+	21418	21855	MFC_RS02765	MFC_RS02765	IDATCC27716	-	685795	686232
NZ_AFCG01000009.1	+	21848	23239	MFC_RS02770	MFC_RS02770	IDATCC27716	-	684411	685802
NZ_AFCG01000009.1	+	23239	24471	MFC_RS02775	MFC_RS02775	IDATCC27716	-	683179	684411
NZ_AFCG01000009.1	+	24455	25138	MFC_RS02780	MFC_RS02780	IDATCC27716	-	682512	683195
NZ_AFCG01000009.1	+	25125	26339	MFC_RS02785	MFC_RS02785	IDATCC27716	-	681311	682525
NZ_AFCG01000009.1	+	26373	27062	MFC_RS02790	MFC_RS02790	IDATCC27716	-	680588	681277
NZ_AFCG01000009.1	+	27086	27631	MFC_RS02795	MFC_RS02795	IDATCC27716	-	680019	680564
NZ_AFCG01000009.1	+	27687	27827	MFC_RS03255	MFC_RS03255	IDATCC27716	-	679823	679963
NZ_AFCG01000009.1	+	27827	28063	MFC_RS02800	MFC_RS02800	IDATCC27716	-	679587	679823
NZ_AFCG01000009.1	+	28083	28655	MFC_RS02805	MFC_RS02805	IDATCC27716	-	678995	679567
NZ_AFCG01000009.1	-	29256	29345	MFC_RS02810	MFC_RS02810	IDATCC27716	-	678305	678394
NZ_AFCG01000009.1	+	29421	30395	MFC_RS02815	MFC_RS02815	IDATCC27716	-	677255	678229
NZ_AFCG01000009.1	-	30373	33213	MFC_RS02820	MFC_RS02820	IDATCC27716	-	674437	677277
NZ_AFCG01000009.1	-	33220	33807	MFC_RS02825	MFC_RS02825	IDATCC27716	-	673843	674430
NZ_AFCG01000009.1	-	33797	34546	MFC_RS02830	MFC_RS02830	IDATCC27716	-	673104	673853
NZ_AFCG01000009.1	-	34546	35283	MFC_RS02835	MFC_RS02835	IDATCC27716	-	672367	673104
NZ_AFCG01000009.1	+	35578	37680	MFC_RS02840	MFC_RS02840	IDATCC27716	-	669970	672072
NZ_AFCG01000009.1	+	37805	39553	MFC_RS02845	MFC_RS02845	IDATCC27716	-	668097	669845
NZ_AFCG01000009.1	-	39641	41260	MFC_RS02850	MFC_RS02850	IDATCC27716	-	666390	668009
NZ_AFCG01000009.1	-	41269	42879	MFC_RS02855	MFC_RS02855	IDATCC27716	-	664771	666381
NZ_AFCG01000009.1	+	43211	43546	MFC_RS02860	MFC_RS02860	IDATCC27716	-	664104	664439
NZ_AFCG01000010.1	-	186	716	MFC_RS02865	MFC_RS02865	IDATCC27716	-	273291	273821
NZ_AFCG01000010.1	-	952	2721	MFC_RS02870	MFC_RS02870	IDATCC27716	-	271286	273055
NZ_AFCG01000010.1	-	2951	4933	MFC_RS03175	MFC_RS03175	IDATCC27716	-	269074	271056
NZ_AFCG01000010.1	-	5264	6916	MFC_RS02880	MFC_RS02880	IDATCC27716	-	267091	268743
NZ_AFCG01000010.1	-	7221	8594	MFC_RS02885	MFC_RS02885	IDATCC27716	-	265413	266786
NZ_AFCG01000010.1	-	8740	9345	MFC_RS02890	MFC_RS02890	IDATCC27716	-	264662	265267
NZ_AFCG01000010.1	-	9374	10324	MFC_RS02895	MFC_RS02895	IDATCC27716	-	263683	264633
NZ_AFCG01000010.1	-	10552	11502	MFC_RS02900	MFC_RS02900	IDATCC27716	-	262505	263455
NZ_AFCG01000010.1	-	11489	13606	MFC_RS02905	MFC_RS02905	IDATCC27716	-	260401	262518
NZ_AFCG01000010.1	-	13606	14322	MFC_RS02910	MFC_RS02910	IDATCC27716	-	259685	260401
NZ_AFCG01000010.1	-	14322	16097	MFC_RS02915	MFC_RS02915	IDATCC27716	-	257910	259685
NZ_AFCG01000010.1	+	16245	17159	MFC_RS02920	MFC_RS02920	IDATCC27716	-	256848	257762
NZ_AFCG01000010.1	+	17403	19139	MFC_RS02925	MFC_RS02925	IDATCC27716	-	254867	256603
NZ_AFCG01000010.1	+	19282	19552	MFC_RS02930	MFC_RS02930	IDATCC27716	-	254454	254724
NZ_AFCG01000011.1	+	1	1390	MFC_RS02935	MFC_RS02935	IDATCC27716	+	374816	376205
NZ_AFCG01000011.1	+	1408	3840	MFC_RS02940	MFC_RS02940	IDATCC27716	+	376223	378655
NZ_AFCG01000011.1	+	4020	4403	MFC_RS02945	MFC_RS02945	IDATCC27716	+	378835	379218
NZ_AFCG01000011.1	-	4633	6059	MFC_RS03260	MFC_RS03260	IDATCC27716	+	379448	380874
NZ_AFCG01000011.1	-	6198	7055	MFC_RS02965	MFC_RS02965	IDATCC27716	+	381013	381870
NZ_AFCG01000011.1	-	7028	7819	MFC_RS02970	MFC_RS02970	IDATCC27716	+	381843	382634
NZ_AFCG01000011.1	-	8010	8747	MFC_RS02975	MFC_RS02975	IDATCC27716	+	382825	383562
NZ_AFCG01000011.1	-	8749	10728	MFC_RS02980	MFC_RS02980	IDATCC27716	+	383564	385543
NZ_AFCG01000011.1	+	11205	11532	MFC_RS02985	MFC_RS02985	IDATCC27716	+	386020	386347
NZ_AFCG01000012.1	-	1	189	MFC_RS02990	MFC_RS02990	IDATCC27716	+	593941	594129
NZ_AFCG01000012.1	-	161	726	MFC_RS02995	MFC_RS02995	IDATCC27716	+	594101	594666
NZ_AFCG01000013.1	+	1	564	MFC_RS03000	MFC_RS03000	IDATCC27716	-	593277	593840
NZ_AFCG01000014.1	+	219	4496	MFC_RS03005	MFC_RS03005	IDATCC27716	+	206158	210435
NZ_AFCG01000014.1	+	4793	8917	MFC_RS03500	MFC_RS03500	IDATCC27716	+	210732	214856
NZ_AFCG01000014.1	+	9032	14494	MFC_RS03015	MFC_RS03015	IDATCC27716	+	214971	220433
NZ_AFCG01000014.1	-	14609	15526	MFC_RS03020	MFC_RS03020	IDATCC27716	+	220548	221465
NZ_AFCG01000014.1	-	16276	17511	MFC_RS03030	MFC_RS03030	IDATCC27716	+	222214	223449
NZ_AFCG01000014.1	+	17891	20500	MFC_RS03035	MFC_RS03035	IDATCC27716	+	223829	226438
NZ_AFCG01000014.1	+	20674	21282	MFC_RS03040	MFC_RS03040	IDATCC27716	+	226612	227220
NZ_AFCG01000014.1	+	21297	22760	MFC_RS03045	MFC_RS03045	IDATCC27716	+	227235	228698
NZ_AFCG01000014.1	+	22844	23539	MFC_RS03050	MFC_RS03050	IDATCC27716	+	228782	229477
NZ_AFCG01000014.1	-	23590	24393	MFC_RS03055	MFC_RS03055	IDATCC27716	+	229528	230331
NZ_AFCG01000014.1	+	24687	26270	MFC_RS03060	MFC_RS03060	IDATCC27716	+	230629	232212
NZ_AFCG01000014.1	+	26288	26842	MFC_RS03065	MFC_RS03065	IDATCC27716	+	232230	232784
NZ_AFCG01000014.1	+	26862	27728	MFC_RS03315	MFC_RS03315	IDATCC27716	+	232804	233670
NZ_AFCG01000014.1	+	27729	28199	MFC_RS03075	MFC_RS03075	IDATCC27716	+	233671	234141
NZ_AFCG01000014.1	+	28192	30417	MFC_RS03080	MFC_RS03080	IDATCC27716	+	822868	825093
NZ_AFCG01000014.1	+	30417	31952	MFC_RS03085	MFC_RS03085	IDATCC27716	+	236359	237894
NZ_AFCG01000014.1	+	31955	33328	MFC_RS03090	MFC_RS03090	IDATCC27716	+	237897	239270
NZ_AFCG01000014.1	+	33712	34632	MFC_RS03100	MFC_RS03100	IDATCC27716	+	239654	240574
NZ_AFCG01000014.1	+	34636	35721	MFC_RS03105	MFC_RS03105	IDATCC27716	+	240578	241663
NZ_AFCG01000014.1	+	35702	36358	MFC_RS03110	MFC_RS03110	IDATCC27716	+	241644	242300
NZ_AFCG01000014.1	-	36438	37163	MFC_RS03115	MFC_RS03115	IDATCC27716	+	242380	243105
NZ_AFCG01000014.1	-	37163	37903	MFC_RS03120	MFC_RS03120	IDATCC27716	+	243105	243845
