MFC_RS00005	NZ_AFCG01000001.1	-	1	375	MFC_RS00005	IDATCC27716	+	374341	374715
MFC_RS00010	NZ_AFCG01000001.1	-	428	2248	MFC_RS00010	IDATCC27716	+	372468	374288
MFC_RS00020	NZ_AFCG01000001.1	+	2614	4845	MFC_RS00020	IDATCC27716	-	369871	372102
MFC_RS00025	NZ_AFCG01000001.1	+	4877	6976	MFC_RS00025	IDATCC27716	-	367740	369839
MFC_RS00030	NZ_AFCG01000001.1	+	7002	7970	MFC_RS00030	IDATCC27716	-	366746	367714
MFC_RS00035	NZ_AFCG01000001.1	+	7948	10125	MFC_RS00035	IDATCC27716	-	364591	366768
MFC_RS00040	NZ_AFCG01000001.1	+	10125	11135	MFC_RS00040	IDATCC27716	-	363581	364591
MFC_RS00045	NZ_AFCG01000001.1	+	11098	12063	MFC_RS00045	IDATCC27716	-	362653	363618
MFC_RS03300	NZ_AFCG01000001.1	+	12067	12234	MFC_RS03300	IDATCC27716	-	362482	362649
MFC_RS00050	NZ_AFCG01000001.1	-	12335	15130	MFC_RS00050	IDATCC27716	+	359586	362381
MFC_RS00055	NZ_AFCG01000001.1	-	15156	17969	MFC_RS00055	IDATCC27716	+	356747	359560
MFC_RS00065	NZ_AFCG01000001.1	-	18216	18695	MFC_RS00065	IDATCC27716	+	356021	356500
MFC_RS00070	NZ_AFCG01000001.1	-	18721	19011	MFC_RS00070	IDATCC27716	+	355705	355995
MFC_RS00075	NZ_AFCG01000001.1	-	19218	20987	MFC_RS00075	IDATCC27716	+	353729	355498
MFC_RS00080	NZ_AFCG01000001.1	-	21078	22130	MFC_RS00080	IDATCC27716	+	352586	353638
MFC_RS00085	NZ_AFCG01000001.1	-	22313	24175	MFC_RS00085	IDATCC27716	+	350541	352403
MFC_RS00090	NZ_AFCG01000001.1	+	24326	25486	MFC_RS00090	IDATCC27716	-	349230	350390
MFC_RS00095	NZ_AFCG01000001.1	+	25473	26396	MFC_RS00095	IDATCC27716	-	348320	349243
MFC_RS03320	NZ_AFCG01000001.1	+	26390	26911	MFC_RS03320	IDATCC27716	-	347805	348326
MFC_RS03325	NZ_AFCG01000001.1	+	27028	27225	MFC_RS03325	IDATCC27716	-	347491	347688
MFC_RS00105	NZ_AFCG01000001.1	+	27235	27801	MFC_RS00105	IDATCC27716	-	346915	347481
MFC_RS00110	NZ_AFCG01000001.1	+	27900	30200	MFC_RS00110	IDATCC27716	-	344516	346816
MFC_RS00115	NZ_AFCG01000001.1	-	30316	30648	MFC_RS00115	IDATCC27716	+	344068	344400
MFC_RS00120	NZ_AFCG01000001.1	-	30703	32142	MFC_RS00120	IDATCC27716	+	342574	344013
MFC_RS00125	NZ_AFCG01000001.1	-	32189	32263	MFC_RS00125	IDATCC27716	+	342453	342527
MFC_RS00130	NZ_AFCG01000001.1	-	32267	32350	MFC_RS00130	IDATCC27716	+	342366	342449
MFC_RS00135	NZ_AFCG01000001.1	+	32531	32854	MFC_RS00135	IDATCC27716	-	341862	342185
MFC_RS00140	NZ_AFCG01000002.1	-	1	196	MFC_RS00140	IDATCC27716	-	770946	771141
MFC_RS03330	NZ_AFCG01000002.1	-	168	1610	MFC_RS03330	IDATCC27716	-	771113	772555
MFC_RS00155	NZ_AFCG01000002.1	-	2311	4080	MFC_RS00155	IDATCC27716	-	773256	775025
MFC_RS00160	NZ_AFCG01000003.1	-	534	1406	MFC_RS00160	IDATCC27716	+	769540	770412
MFC_RS00165	NZ_AFCG01000003.1	-	1413	2276	MFC_RS00165	IDATCC27716	+	768670	769533
MFC_RS00170	NZ_AFCG01000003.1	-	2306	2551	MFC_RS00170	IDATCC27716	+	768395	768640
MFC_RS00175	NZ_AFCG01000003.1	-	2555	4159	MFC_RS00175	IDATCC27716	+	766787	768391
MFC_RS00180	NZ_AFCG01000003.1	-	4143	4898	MFC_RS00180	IDATCC27716	+	766048	766803
MFC_RS00185	NZ_AFCG01000003.1	-	4901	5908	MFC_RS00185	IDATCC27716	+	765038	766045
MFC_RS00190	NZ_AFCG01000003.1	-	6014	8035	MFC_RS00190	IDATCC27716	+	762911	764932
MFC_RS00195	NZ_AFCG01000003.1	-	8174	9175	MFC_RS00195	IDATCC27716	+	761771	762772
MFC_RS00200	NZ_AFCG01000003.1	-	9260	9829	MFC_RS00200	IDATCC27716	+	761117	761686
MFC_RS00205	NZ_AFCG01000003.1	-	9945	10919	MFC_RS00205	IDATCC27716	+	760027	761001
MFC_RS03335	NZ_AFCG01000003.1	-	10906	11211	MFC_RS03335	IDATCC27716	+	759735	760040
MFC_RS00210	NZ_AFCG01000003.1	-	11199	11912	MFC_RS00210	IDATCC27716	+	759034	759747
MFC_RS00215	NZ_AFCG01000003.1	-	11926	12384	MFC_RS00215	IDATCC27716	+	758562	759020
MFC_RS00220	NZ_AFCG01000003.1	-	12384	14243	MFC_RS00220	IDATCC27716	+	756703	758562
MFC_RS00225	NZ_AFCG01000003.1	-	14354	15490	MFC_RS00225	IDATCC27716	+	755456	756592
MFC_RS00230	NZ_AFCG01000003.1	-	15642	17033	MFC_RS00230	IDATCC27716	+	753913	755304
MFC_RS00235	NZ_AFCG01000003.1	+	17244	17387	MFC_RS00235	IDATCC27716	-	753559	753702
MFC_RS00240	NZ_AFCG01000003.1	+	17403	17741	MFC_RS00240	IDATCC27716	-	753205	753543
MFC_RS00245	NZ_AFCG01000003.1	+	17731	19560	MFC_RS00245	IDATCC27716	-	751386	753215
MFC_RS00250	NZ_AFCG01000003.1	+	19675	22026	MFC_RS00250	IDATCC27716	-	748920	751271
MFC_RS00255	NZ_AFCG01000003.1	+	22090	23151	MFC_RS00255	IDATCC27716	-	747795	748856
MFC_RS00260	NZ_AFCG01000003.1	-	23163	25634	MFC_RS00260	IDATCC27716	+	745312	747783
MFC_RS00265	NZ_AFCG01000003.1	-	25644	27560	MFC_RS00265	IDATCC27716	+	743386	745302
MFC_RS00270	NZ_AFCG01000003.1	-	27581	28546	MFC_RS00270	IDATCC27716	+	742400	743365
MFC_RS00275	NZ_AFCG01000003.1	-	28634	30196	MFC_RS00275	IDATCC27716	+	740750	742312
MFC_RS00280	NZ_AFCG01000003.1	-	30196	30678	MFC_RS00280	IDATCC27716	+	740268	740750
MFC_RS00285	NZ_AFCG01000003.1	-	30694	31332	MFC_RS00285	IDATCC27716	+	739614	740252
MFC_RS00290	NZ_AFCG01000003.1	+	31901	33441	MFC_RS00290	IDATCC27716	-	737505	739045
MFC_RS00295	NZ_AFCG01000003.1	+	33830	36733	MFC_RS00295	IDATCC27716	-	734213	737116
MFC_RS00300	NZ_AFCG01000003.1	-	36876	38477	MFC_RS00300	IDATCC27716	+	732469	734070
MFC_RS00305	NZ_AFCG01000003.1	-	38461	40068	MFC_RS00305	IDATCC27716	+	730878	732485
MFC_RS00310	NZ_AFCG01000003.1	-	40090	40491	MFC_RS00310	IDATCC27716	+	730455	730856
MFC_RS00315	NZ_AFCG01000003.1	+	40897	44541	MFC_RS00315	IDATCC27716	-	726405	730049
MFC_RS00320	NZ_AFCG01000003.1	+	44556	48077	MFC_RS00320	IDATCC27716	-	722869	726390
MFC_RS00325	NZ_AFCG01000003.1	-	48151	49641	MFC_RS00325	IDATCC27716	+	721305	722795
MFC_RS00335	NZ_AFCG01000003.1	-	50146	51180	MFC_RS00335	IDATCC27716	+	719766	720800
MFC_RS00340	NZ_AFCG01000003.1	-	51182	51334	MFC_RS00340	IDATCC27716	+	719612	719764
MFC_RS00345	NZ_AFCG01000003.1	-	51517	51966	MFC_RS00345	IDATCC27716	+	718980	719429
MFC_RS00350	NZ_AFCG01000003.1	+	52309	53130	MFC_RS00350	IDATCC27716	-	717816	718637
MFC_RS00355	NZ_AFCG01000003.1	+	53133	55451	MFC_RS00355	IDATCC27716	-	715495	717813
MFC_RS00360	NZ_AFCG01000003.1	+	55541	57493	MFC_RS00360	IDATCC27716	-	713453	715405
MFC_RS00365	NZ_AFCG01000003.1	+	57642	59312	MFC_RS00365	IDATCC27716	-	711634	713304
MFC_RS00370	NZ_AFCG01000003.1	+	59317	61734	MFC_RS00370	IDATCC27716	-	709212	711629
MFC_RS00375	NZ_AFCG01000003.1	-	62023	62610	MFC_RS00375	IDATCC27716	+	708336	708923
MFC_RS03185	NZ_AFCG01000003.1	-	62541	63196	MFC_RS03185	IDATCC27716	+	707750	708405
MFC_RS00390	NZ_AFCG01000004.1	+	71	1657	MFC_RS00390	IDATCC27716	+	386518	388104
MFC_RS00395	NZ_AFCG01000004.1	+	1657	4074	MFC_RS00395	IDATCC27716	+	388104	390521
MFC_RS00400	NZ_AFCG01000004.1	+	4233	4817	MFC_RS00400	IDATCC27716	+	390680	391264
MFC_RS00405	NZ_AFCG01000004.1	-	4962	6371	MFC_RS00405	IDATCC27716	-	391409	392818
MFC_RS00410	NZ_AFCG01000004.1	+	7150	7590	MFC_RS00410	IDATCC27716	+	393597	394037
MFC_RS00415	NZ_AFCG01000004.1	+	7592	8479	MFC_RS00415	IDATCC27716	+	394039	394926
MFC_RS00420	NZ_AFCG01000004.1	+	8511	9491	MFC_RS00420	IDATCC27716	+	394958	395938
MFC_RS00425	NZ_AFCG01000004.1	+	10029	11042	MFC_RS00425	IDATCC27716	+	396476	397489
MFC_RS00430	NZ_AFCG01000004.1	+	11032	11802	MFC_RS00430	IDATCC27716	+	397479	398249
MFC_RS00435	NZ_AFCG01000004.1	+	11795	13339	MFC_RS00435	IDATCC27716	+	398242	399786
MFC_RS00440	NZ_AFCG01000004.1	-	13336	14205	MFC_RS00440	IDATCC27716	-	399783	400652
MFC_RS00445	NZ_AFCG01000004.1	-	14236	14913	MFC_RS00445	IDATCC27716	-	400683	401360
MFC_RS00450	NZ_AFCG01000004.1	-	14960	15481	MFC_RS00450	IDATCC27716	-	401407	401928
MFC_RS00455	NZ_AFCG01000004.1	+	15669	17363	MFC_RS00455	IDATCC27716	+	402116	403810
MFC_RS00460	NZ_AFCG01000004.1	+	17987	18655	MFC_RS00460	IDATCC27716	+	404434	405102
MFC_RS00465	NZ_AFCG01000004.1	+	18630	19526	MFC_RS00465	IDATCC27716	+	405077	405973
MFC_RS00470	NZ_AFCG01000004.1	+	19510	20232	MFC_RS00470	IDATCC27716	+	405957	406679
MFC_RS00475	NZ_AFCG01000004.1	+	20216	21103	MFC_RS00475	IDATCC27716	+	406663	407550
MFC_RS00480	NZ_AFCG01000004.1	+	21096	21608	MFC_RS00480	IDATCC27716	+	407543	408055
MFC_RS00485	NZ_AFCG01000004.1	+	21707	23707	MFC_RS00485	IDATCC27716	+	408154	410154
MFC_RS00490	NZ_AFCG01000004.1	+	23751	24977	MFC_RS00490	IDATCC27716	+	410198	411424
MFC_RS00495	NZ_AFCG01000004.1	-	24996	26114	MFC_RS00495	IDATCC27716	-	411443	412561
MFC_RS00500	NZ_AFCG01000004.1	-	26133	27005	MFC_RS00500	IDATCC27716	-	412580	413452
MFC_RS00505	NZ_AFCG01000004.1	-	27206	29053	MFC_RS00505	IDATCC27716	-	413653	415500
MFC_RS00510	NZ_AFCG01000004.1	-	29055	29621	MFC_RS00510	IDATCC27716	-	415502	416068
MFC_RS00515	NZ_AFCG01000004.1	+	30156	32753	MFC_RS00515	IDATCC27716	+	416603	419200
MFC_RS00520	NZ_AFCG01000004.1	+	32845	34131	MFC_RS00520	IDATCC27716	+	419292	420578
MFC_RS00525	NZ_AFCG01000004.1	+	34124	35827	MFC_RS00525	IDATCC27716	+	420571	422274
MFC_RS00530	NZ_AFCG01000004.1	+	36213	36485	MFC_RS00530	IDATCC27716	+	422660	422932
MFC_RS00535	NZ_AFCG01000004.1	-	36640	40290	MFC_RS00535	IDATCC27716	-	423087	426737
MFC_RS00540	NZ_AFCG01000004.1	-	40290	42932	MFC_RS00540	IDATCC27716	-	426737	429379
MFC_RS00545	NZ_AFCG01000004.1	-	43014	45104	MFC_RS00545	IDATCC27716	-	429461	431551
MFC_RS00550	NZ_AFCG01000004.1	-	45104	45415	MFC_RS00550	IDATCC27716	-	431551	431862
MFC_RS00555	NZ_AFCG01000004.1	-	45415	46194	MFC_RS00555	IDATCC27716	-	431862	432641
MFC_RS00560	NZ_AFCG01000004.1	+	46490	47851	MFC_RS00560	IDATCC27716	+	432937	434298
MFC_RS00565	NZ_AFCG01000004.1	+	47856	49097	MFC_RS00565	IDATCC27716	+	434303	435544
MFC_RS00570	NZ_AFCG01000004.1	+	49200	49733	MFC_RS00570	IDATCC27716	+	435647	436180
MFC_RS00575	NZ_AFCG01000004.1	-	49736	50536	MFC_RS00575	IDATCC27716	-	436183	436983
MFC_RS00580	NZ_AFCG01000004.1	-	50544	51542	MFC_RS00580	IDATCC27716	-	436991	437989
MFC_RS00585	NZ_AFCG01000004.1	-	51557	51892	MFC_RS00585	IDATCC27716	-	438004	438339
MFC_RS00590	NZ_AFCG01000004.1	+	52019	54190	MFC_RS00590	IDATCC27716	+	438466	440637
MFC_RS00595	NZ_AFCG01000004.1	+	54254	54535	MFC_RS00595	IDATCC27716	+	440701	440982
MFC_RS00600	NZ_AFCG01000004.1	+	54538	55092	MFC_RS00600	IDATCC27716	+	440985	441539
MFC_RS00605	NZ_AFCG01000004.1	+	55095	55730	MFC_RS00605	IDATCC27716	+	441542	442177
MFC_RS00610	NZ_AFCG01000004.1	+	55711	56586	MFC_RS00610	IDATCC27716	+	442158	443033
MFC_RS00615	NZ_AFCG01000004.1	+	56595	57314	MFC_RS00615	IDATCC27716	+	443042	443761
MFC_RS00620	NZ_AFCG01000004.1	+	57357	57902	MFC_RS00620	IDATCC27716	+	443804	444349
MFC_RS00625	NZ_AFCG01000004.1	+	57912	58730	MFC_RS00625	IDATCC27716	+	444359	445177
MFC_RS00630	NZ_AFCG01000004.1	+	58703	59605	MFC_RS00630	IDATCC27716	+	445150	446052
MFC_RS00635	NZ_AFCG01000004.1	+	59595	60557	MFC_RS00635	IDATCC27716	+	446042	447004
MFC_RS00640	NZ_AFCG01000004.1	+	60561	62633	MFC_RS00640	IDATCC27716	+	447008	449080
MFC_RS00645	NZ_AFCG01000004.1	+	62794	63747	MFC_RS00645	IDATCC27716	+	449241	450194
MFC_RS00650	NZ_AFCG01000004.1	-	63744	66359	MFC_RS00650	IDATCC27716	-	450191	452806
MFC_RS00655	NZ_AFCG01000004.1	+	66442	66879	MFC_RS00655	IDATCC27716	+	452889	453326
MFC_RS00660	NZ_AFCG01000004.1	+	67044	67505	MFC_RS00660	IDATCC27716	+	453491	453952
MFC_RS00665	NZ_AFCG01000004.1	-	67951	71010	MFC_RS00665	IDATCC27716	-	454398	457457
MFC_RS00670	NZ_AFCG01000004.1	-	71078	74134	MFC_RS00670	IDATCC27716	-	457525	460581
MFC_RS00675	NZ_AFCG01000004.1	+	74609	75289	MFC_RS00675	IDATCC27716	+	461056	461736
MFC_RS00680	NZ_AFCG01000004.1	+	75296	77455	MFC_RS00680	IDATCC27716	+	461743	463902
MFC_RS00685	NZ_AFCG01000004.1	+	77513	77710	MFC_RS00685	IDATCC27716	+	463960	464157
MFC_RS00690	NZ_AFCG01000004.1	+	77813	77887	MFC_RS00690	IDATCC27716	+	464260	464334
MFC_RS00695	NZ_AFCG01000004.1	+	77891	77966	MFC_RS00695	IDATCC27716	+	464338	464413
MFC_RS00700	NZ_AFCG01000004.1	+	77981	78056	MFC_RS00700	IDATCC27716	+	464428	464503
MFC_RS00705	NZ_AFCG01000004.1	+	78061	78137	MFC_RS00705	IDATCC27716	+	464508	464584
MFC_RS00710	NZ_AFCG01000004.1	+	78171	78254	MFC_RS00710	IDATCC27716	+	464618	464701
MFC_RS00715	NZ_AFCG01000004.1	+	78307	79149	MFC_RS00715	IDATCC27716	+	464754	465596
MFC_RS00720	NZ_AFCG01000004.1	+	79163	79972	MFC_RS00720	IDATCC27716	+	465610	466419
MFC_RS00725	NZ_AFCG01000004.1	+	79974	80810	MFC_RS00725	IDATCC27716	+	466421	467257
MFC_RS00730	NZ_AFCG01000004.1	-	80807	81622	MFC_RS00730	IDATCC27716	-	467254	468069
MFC_RS00735	NZ_AFCG01000004.1	+	81954	82174	MFC_RS00735	IDATCC27716	+	468401	468621
MFC_RS00740	NZ_AFCG01000005.1	-	103	178	MFC_RS00740	IDATCC27716	-	81068	81143
MFC_RS00745	NZ_AFCG01000005.1	-	180	255	MFC_RS00745	IDATCC27716	-	81145	81220
MFC_RS00750	NZ_AFCG01000005.1	-	258	332	MFC_RS00750	IDATCC27716	-	81223	81297
MFC_RS00755	NZ_AFCG01000005.1	-	408	498	MFC_RS00755	IDATCC27716	-	81373	81463
MFC_RS00760	NZ_AFCG01000005.1	-	503	578	MFC_RS00760	IDATCC27716	-	81468	81543
MFC_RS00765	NZ_AFCG01000005.1	-	621	697	MFC_RS00765	IDATCC27716	-	81586	81662
MFC_RS00770	NZ_AFCG01000005.1	-	700	776	MFC_RS00770	IDATCC27716	-	81665	81741
MFC_RS00775	NZ_AFCG01000005.1	-	780	856	MFC_RS00775	IDATCC27716	-	81745	81821
MFC_RS00780	NZ_AFCG01000005.1	-	923	999	MFC_RS00780	IDATCC27716	-	81888	81964
MFC_RS00785	NZ_AFCG01000005.1	+	1097	1888	MFC_RS00785	IDATCC27716	+	82062	82853
MFC_RS00790	NZ_AFCG01000005.1	+	2136	2852	MFC_RS00790	IDATCC27716	+	83101	83817
MFC_RS00795	NZ_AFCG01000005.1	-	3197	6040	MFC_RS00795	IDATCC27716	-	84162	87005
MFC_RS00800	NZ_AFCG01000005.1	-	6085	8550	MFC_RS00800	IDATCC27716	-	87050	89515
MFC_RS00805	NZ_AFCG01000005.1	-	8769	9113	MFC_RS00805	IDATCC27716	-	89734	90078
MFC_RS00810	NZ_AFCG01000005.1	+	9279	10718	MFC_RS00810	IDATCC27716	+	90244	91683
MFC_RS00815	NZ_AFCG01000005.1	-	10772	11281	MFC_RS00815	IDATCC27716	-	91737	92246
MFC_RS00820	NZ_AFCG01000005.1	+	11461	11534	MFC_RS00820	IDATCC27716	+	92426	92499
MFC_RS00825	NZ_AFCG01000005.1	+	11689	12180	MFC_RS00825	IDATCC27716	+	92654	93145
MFC_RS00830	NZ_AFCG01000005.1	+	12323	13303	MFC_RS00830	IDATCC27716	+	93288	94268
MFC_RS00835	NZ_AFCG01000005.1	+	13449	14366	MFC_RS00835	IDATCC27716	+	94414	95331
MFC_RS00840	NZ_AFCG01000005.1	+	14399	17659	MFC_RS00840	IDATCC27716	+	95364	98624
MFC_RS00845	NZ_AFCG01000005.1	+	17668	20565	MFC_RS00845	IDATCC27716	+	98633	101530
MFC_RS00850	NZ_AFCG01000005.1	-	20571	22649	MFC_RS00850	IDATCC27716	-	101536	103614
MFC_RS00855	NZ_AFCG01000005.1	+	22802	23530	MFC_RS00855	IDATCC27716	+	103767	104495
MFC_RS00860	NZ_AFCG01000005.1	+	23650	23916	MFC_RS00860	IDATCC27716	+	104615	104881
MFC_RS03195	NZ_AFCG01000005.1	+	24074	24458	MFC_RS03195	IDATCC27716	+	105039	105423
MFC_RS00865	NZ_AFCG01000005.1	-	24512	24940	MFC_RS00865	IDATCC27716	-	105477	105905
MFC_RS00870	NZ_AFCG01000005.1	-	25110	28316	MFC_RS00870	IDATCC27716	-	106075	109281
MFC_RS00875	NZ_AFCG01000005.1	-	28362	31550	MFC_RS00875	IDATCC27716	-	109327	112515
MFC_RS00880	NZ_AFCG01000005.1	-	31813	33732	MFC_RS00880	IDATCC27716	-	112778	114697
MFC_RS03475	NZ_AFCG01000005.1	-	33984	34106	MFC_RS03475	IDATCC27716	-	114949	115071
MFC_RS00885	NZ_AFCG01000005.1	-	34126	35094	MFC_RS00885	IDATCC27716	-	115091	116059
MFC_RS00890	NZ_AFCG01000005.1	-	35241	35316	MFC_RS00890	IDATCC27716	-	116206	116281
MFC_RS00895	NZ_AFCG01000005.1	-	35320	35405	MFC_RS00895	IDATCC27716	-	116285	116370
MFC_RS00900	NZ_AFCG01000005.1	+	35730	36869	MFC_RS00900	IDATCC27716	+	116695	117834
MFC_RS00905	NZ_AFCG01000005.1	+	36946	38520	MFC_RS00905	IDATCC27716	+	117911	119485
MFC_RS00910	NZ_AFCG01000005.1	+	38547	39062	MFC_RS00910	IDATCC27716	+	119512	120027
MFC_RS00915	NZ_AFCG01000005.1	+	39264	40388	MFC_RS00915	IDATCC27716	+	120229	121353
MFC_RS00920	NZ_AFCG01000005.1	+	40388	41392	MFC_RS00920	IDATCC27716	+	121353	122357
MFC_RS00925	NZ_AFCG01000005.1	-	41511	41586	MFC_RS00925	IDATCC27716	-	122476	122551
MFC_RS00930	NZ_AFCG01000005.1	+	42002	46132	MFC_RS00930	IDATCC27716	+	122967	127097
MFC_RS00935	NZ_AFCG01000005.1	-	46225	47373	MFC_RS00935	IDATCC27716	-	127190	128338
MFC_RS00940	NZ_AFCG01000005.1	+	47863	48618	MFC_RS00940	IDATCC27716	+	128828	129583
MFC_RS03135	NZ_AFCG01000005.1	-	48819	49487	MFC_RS03135	IDATCC27716	-	129784	130452
MFC_RS00950	NZ_AFCG01000005.1	-	50035	50880	MFC_RS00950	IDATCC27716	-	131000	131845
MFC_RS00955	NZ_AFCG01000005.1	-	51163	52647	MFC_RS00955	IDATCC27716	-	132128	133612
MFC_RS00960	NZ_AFCG01000005.1	+	52929	53624	MFC_RS00960	IDATCC27716	+	133894	134589
MFC_RS00965	NZ_AFCG01000005.1	-	53706	55436	MFC_RS00965	IDATCC27716	-	134671	136401
MFC_RS03340	NZ_AFCG01000005.1	-	55411	56760	MFC_RS03340	IDATCC27716	-	136376	137725
MFC_RS00980	NZ_AFCG01000005.1	+	57197	58531	MFC_RS00980	IDATCC27716	+	138162	139496
MFC_RS00985	NZ_AFCG01000005.1	+	58518	59378	MFC_RS00985	IDATCC27716	+	139483	140343
MFC_RS00990	NZ_AFCG01000005.1	+	59371	60195	MFC_RS00990	IDATCC27716	+	140336	141160
MFC_RS00995	NZ_AFCG01000005.1	+	60180	61895	MFC_RS00995	IDATCC27716	+	141145	142860
MFC_RS01000	NZ_AFCG01000005.1	+	61967	62803	MFC_RS01000	IDATCC27716	+	142932	143768
MFC_RS01005	NZ_AFCG01000005.1	-	62816	63343	MFC_RS01005	IDATCC27716	-	143781	144308
MFC_RS01010	NZ_AFCG01000005.1	-	63401	64741	MFC_RS01010	IDATCC27716	-	144366	145706
MFC_RS01015	NZ_AFCG01000005.1	+	64901	65611	MFC_RS01015	IDATCC27716	+	145866	146576
MFC_RS01020	NZ_AFCG01000005.1	+	65614	66174	MFC_RS01020	IDATCC27716	+	146579	147139
MFC_RS01025	NZ_AFCG01000005.1	+	66177	67103	MFC_RS01025	IDATCC27716	+	147142	148068
MFC_RS01030	NZ_AFCG01000005.1	+	68132	71541	MFC_RS01030	IDATCC27716	+	149097	152506
MFC_RS01035	NZ_AFCG01000005.1	+	71661	72950	MFC_RS01035	IDATCC27716	+	152626	153915
MFC_RS01040	NZ_AFCG01000005.1	+	73316	73645	MFC_RS01040	IDATCC27716	+	154281	154610
MFC_RS01045	NZ_AFCG01000005.1	+	73734	74168	MFC_RS01045	IDATCC27716	+	154699	155133
MFC_RS01050	NZ_AFCG01000005.1	-	74265	76835	MFC_RS01050	IDATCC27716	-	155230	157800
MFC_RS01055	NZ_AFCG01000005.1	+	77162	77827	MFC_RS01055	IDATCC27716	+	158127	158792
MFC_RS01060	NZ_AFCG01000005.1	+	77909	78523	MFC_RS01060	IDATCC27716	+	158874	159488
MFC_RS01065	NZ_AFCG01000005.1	+	78526	79224	MFC_RS01065	IDATCC27716	+	159491	160189
MFC_RS01070	NZ_AFCG01000005.1	+	79392	82010	MFC_RS01070	IDATCC27716	+	160357	162975
MFC_RS01075	NZ_AFCG01000005.1	+	82296	83504	MFC_RS01075	IDATCC27716	+	163261	164469
MFC_RS01080	NZ_AFCG01000005.1	-	83624	89581	MFC_RS01080	IDATCC27716	-	164589	170546
MFC_RS01085	NZ_AFCG01000005.1	-	90255	94415	MFC_RS01085	IDATCC27716	-	171220	175380
MFC_RS01090	NZ_AFCG01000005.1	+	94870	96693	MFC_RS01090	IDATCC27716	+	175835	177658
MFC_RS03345	NZ_AFCG01000005.1	+	97058	97747	MFC_RS03345	IDATCC27716	+	178023	178712
MFC_RS03350	NZ_AFCG01000005.1	+	97757	99127	MFC_RS03350	IDATCC27716	+	178722	180092
MFC_RS01110	NZ_AFCG01000005.1	+	99301	100134	MFC_RS01110	IDATCC27716	+	180266	181099
MFC_RS03280	NZ_AFCG01000005.1	+	100118	100273	MFC_RS03280	IDATCC27716	+	181083	181238
MFC_RS01115	NZ_AFCG01000005.1	-	100508	101401	MFC_RS01115	IDATCC27716	-	181473	182366
MFC_RS01120	NZ_AFCG01000005.1	-	101388	102005	MFC_RS01120	IDATCC27716	-	182353	182970
MFC_RS01125	NZ_AFCG01000005.1	-	101977	103227	MFC_RS01125	IDATCC27716	-	182942	184192
MFC_RS01130	NZ_AFCG01000005.1	-	103227	104765	MFC_RS01130	IDATCC27716	-	184192	185730
MFC_RS01135	NZ_AFCG01000005.1	-	104905	106164	MFC_RS01135	IDATCC27716	-	185870	187129
MFC_RS01140	NZ_AFCG01000005.1	+	106600	107550	MFC_RS01140	IDATCC27716	+	187565	188515
MFC_RS01145	NZ_AFCG01000005.1	+	107553	108761	MFC_RS01145	IDATCC27716	+	188518	189726
MFC_RS01150	NZ_AFCG01000005.1	-	109002	110837	MFC_RS01150	IDATCC27716	-	189967	191802
MFC_RS01155	NZ_AFCG01000005.1	-	110837	111757	MFC_RS01155	IDATCC27716	-	191802	192722
MFC_RS01160	NZ_AFCG01000005.1	-	112405	114426	MFC_RS01160	IDATCC27716	-	193370	195391
MFC_RS01165	NZ_AFCG01000005.1	-	114377	114685	MFC_RS01165	IDATCC27716	-	195342	195650
MFC_RS01170	NZ_AFCG01000005.1	+	115080	117899	MFC_RS01170	IDATCC27716	+	196045	198864
MFC_RS01175	NZ_AFCG01000005.1	+	117899	118954	MFC_RS01175	IDATCC27716	+	198864	199919
MFC_RS01180	NZ_AFCG01000005.1	+	118932	120089	MFC_RS01180	IDATCC27716	+	199897	201054
MFC_RS01185	NZ_AFCG01000005.1	+	120089	121138	MFC_RS01185	IDATCC27716	+	201054	202103
MFC_RS01190	NZ_AFCG01000005.1	+	121138	123465	MFC_RS01190	IDATCC27716	+	202103	204430
MFC_RS01195	NZ_AFCG01000005.1	+	123601	124932	MFC_RS01195	IDATCC27716	+	204566	205897
MFC_RS01200	NZ_AFCG01000005.1	+	125187	125735	MFC_RS01200	IDATCC27716	+	274176	274724
MFC_RS01205	NZ_AFCG01000005.1	+	125768	135868	MFC_RS01205	IDATCC27716	+	274757	284857
MFC_RS01210	NZ_AFCG01000005.1	+	135936	147296	MFC_RS01210	IDATCC27716	+	284925	296285
MFC_RS01215	NZ_AFCG01000005.1	-	147429	148124	MFC_RS01215	IDATCC27716	-	296418	297113
MFC_RS01220	NZ_AFCG01000005.1	-	148124	148567	MFC_RS01220	IDATCC27716	-	297113	297556
MFC_RS01225	NZ_AFCG01000005.1	-	148760	148844	MFC_RS01225	IDATCC27716	-	297749	297833
MFC_RS01230	NZ_AFCG01000005.1	-	148850	148943	MFC_RS01230	IDATCC27716	-	297839	297932
MFC_RS01235	NZ_AFCG01000005.1	-	149034	149936	MFC_RS01235	IDATCC27716	-	298023	298925
MFC_RS01240	NZ_AFCG01000005.1	-	149914	150351	MFC_RS01240	IDATCC27716	-	298903	299340
MFC_RS01245	NZ_AFCG01000005.1	-	150380	150601	MFC_RS01245	IDATCC27716	-	299369	299590
MFC_RS01250	NZ_AFCG01000005.1	-	150744	151349	MFC_RS01250	IDATCC27716	-	299733	300338
MFC_RS01255	NZ_AFCG01000005.1	-	151378	151962	MFC_RS01255	IDATCC27716	-	300367	300951
MFC_RS01260	NZ_AFCG01000005.1	+	152157	160115	MFC_RS01260	IDATCC27716	+	301146	309104
MFC_RS01265	NZ_AFCG01000005.1	+	160169	161092	MFC_RS01265	IDATCC27716	+	309158	310081
MFC_RS01270	NZ_AFCG01000005.1	+	161177	162319	MFC_RS01270	IDATCC27716	+	310166	311308
MFC_RS01275	NZ_AFCG01000005.1	+	162582	162657	MFC_RS01275	IDATCC27716	+	311571	311646
MFC_RS01280	NZ_AFCG01000005.1	+	162733	163548	MFC_RS01280	IDATCC27716	+	311722	312537
MFC_RS01285	NZ_AFCG01000005.1	-	163644	164747	MFC_RS01285	IDATCC27716	-	312633	313736
MFC_RS01290	NZ_AFCG01000005.1	-	164757	165020	MFC_RS01290	IDATCC27716	-	313746	314009
MFC_RS01295	NZ_AFCG01000005.1	-	165044	165604	MFC_RS01295	IDATCC27716	-	314033	314593
MFC_RS01300	NZ_AFCG01000005.1	-	165654	166145	MFC_RS01300	IDATCC27716	-	314643	315134
MFC_RS01305	NZ_AFCG01000005.1	-	166376	166452	MFC_RS01305	IDATCC27716	-	315365	315441
MFC_RS01310	NZ_AFCG01000005.1	-	166466	166539	MFC_RS01310	IDATCC27716	-	315455	315528
MFC_RS01315	NZ_AFCG01000005.1	-	166609	167442	MFC_RS01315	IDATCC27716	-	315598	316431
MFC_RS01320	NZ_AFCG01000005.1	-	168328	169110	MFC_RS01320	IDATCC27716	-	317317	318099
MFC_RS01325	NZ_AFCG01000005.1	-	169296	170267	MFC_RS01325	IDATCC27716	-	318285	319256
MFC_RS01330	NZ_AFCG01000005.1	-	170285	171628	MFC_RS01330	IDATCC27716	-	319274	320617
MFC_RS01335	NZ_AFCG01000005.1	+	171783	173888	MFC_RS01335	IDATCC27716	+	320772	322877
MFC_RS01340	NZ_AFCG01000005.1	+	173958	175508	MFC_RS01340	IDATCC27716	+	322947	324497
MFC_RS01345	NZ_AFCG01000005.1	+	175540	175872	MFC_RS01345	IDATCC27716	+	324529	324861
MFC_RS01350	NZ_AFCG01000005.1	-	175940	177550	MFC_RS01350	IDATCC27716	-	324929	326539
MFC_RS03505	NZ_AFCG01000005.1	-	177732	178712	MFC_RS03505	IDATCC27716	-	326721	327701
MFC_RS03510	NZ_AFCG01000005.1	-	178706	179368	MFC_RS03510	IDATCC27716	-	327695	328357
MFC_RS01360	NZ_AFCG01000005.1	+	179495	181069	MFC_RS01360	IDATCC27716	+	328484	330058
MFC_RS01365	NZ_AFCG01000005.1	-	181256	182005	MFC_RS01365	IDATCC27716	-	330245	330994
MFC_RS01370	NZ_AFCG01000005.1	-	182023	183555	MFC_RS01370	IDATCC27716	-	331012	332544
MFC_RS01375	NZ_AFCG01000005.1	+	183991	185181	MFC_RS01375	IDATCC27716	+	332980	334170
MFC_RS01380	NZ_AFCG01000005.1	+	185165	185935	MFC_RS01380	IDATCC27716	+	334154	334924
MFC_RS01385	NZ_AFCG01000005.1	+	185928	187625	MFC_RS01385	IDATCC27716	+	334917	336614
MFC_RS01390	NZ_AFCG01000005.1	+	187743	188219	MFC_RS01390	IDATCC27716	+	336732	337208
MFC_RS01395	NZ_AFCG01000005.1	+	188387	189523	MFC_RS01395	IDATCC27716	+	337376	338512
MFC_RS01400	NZ_AFCG01000005.1	+	189442	190371	MFC_RS01400	IDATCC27716	+	338431	339360
MFC_RS03355	NZ_AFCG01000005.1	-	190766	190993	MFC_RS03355	IDATCC27716	-	339755	339982
MFC_RS01410	NZ_AFCG01000005.1	-	191010	192419	MFC_RS01410	IDATCC27716	-	339999	341408
MFC_RS03360	NZ_AFCG01000005.1	-	192394	192772	MFC_RS03360	IDATCC27716	-	341383	341761
MFC_RS01420	NZ_AFCG01000006.1	-	1	394	MFC_RS01420	IDATCC27716	-	594767	595160
MFC_RS01430	NZ_AFCG01000006.1	+	1032	1694	MFC_RS01430	IDATCC27716	+	595798	596460
MFC_RS03220	NZ_AFCG01000006.1	-	1879	2046	MFC_RS03220	IDATCC27716	-	596645	596812
MFC_RS01435	NZ_AFCG01000006.1	-	2027	2830	MFC_RS01435	IDATCC27716	-	596793	597596
MFC_RS01440	NZ_AFCG01000006.1	-	2817	4706	MFC_RS01440	IDATCC27716	-	597583	599472
MFC_RS03365	NZ_AFCG01000006.1	-	5050	5982	MFC_RS03365	IDATCC27716	-	599816	600748
MFC_RS03370	NZ_AFCG01000006.1	-	5868	6263	MFC_RS03370	IDATCC27716	-	600634	601029
MFC_RS01450	NZ_AFCG01000006.1	+	6508	7662	MFC_RS01450	IDATCC27716	+	601274	602428
MFC_RS01455	NZ_AFCG01000006.1	-	7715	8545	MFC_RS01455	IDATCC27716	-	602481	603311
MFC_RS01460	NZ_AFCG01000006.1	-	8545	10329	MFC_RS01460	IDATCC27716	-	603311	605095
MFC_RS01465	NZ_AFCG01000006.1	-	10354	11118	MFC_RS01465	IDATCC27716	-	605120	605884
MFC_RS01470	NZ_AFCG01000006.1	+	11484	12101	MFC_RS01470	IDATCC27716	+	606250	606867
MFC_RS01475	NZ_AFCG01000006.1	+	12229	12663	MFC_RS01475	IDATCC27716	+	606995	607429
MFC_RS01480	NZ_AFCG01000006.1	+	12663	13487	MFC_RS01480	IDATCC27716	+	607429	608253
MFC_RS01485	NZ_AFCG01000006.1	-	13506	14054	MFC_RS01485	IDATCC27716	-	608272	608820
MFC_RS01490	NZ_AFCG01000006.1	-	14215	15315	MFC_RS01490	IDATCC27716	-	608981	610081
MFC_RS01495	NZ_AFCG01000006.1	-	15394	16275	MFC_RS01495	IDATCC27716	-	610160	611041
MFC_RS01500	NZ_AFCG01000006.1	-	16268	19213	MFC_RS01500	IDATCC27716	-	611034	613979
MFC_RS01505	NZ_AFCG01000006.1	-	19249	19590	MFC_RS01505	IDATCC27716	-	614015	614356
MFC_RS01510	NZ_AFCG01000006.1	-	19604	21403	MFC_RS01510	IDATCC27716	-	614370	616169
MFC_RS01515	NZ_AFCG01000006.1	-	21370	21660	MFC_RS01515	IDATCC27716	-	616136	616426
MFC_RS01520	NZ_AFCG01000006.1	-	21669	23522	MFC_RS01520	IDATCC27716	-	616435	618288
MFC_RS01525	NZ_AFCG01000006.1	-	23530	23742	MFC_RS01525	IDATCC27716	-	618296	618508
MFC_RS01530	NZ_AFCG01000006.1	+	24087	26087	MFC_RS01530	IDATCC27716	+	618853	620853
MFC_RS01540	NZ_AFCG01000006.1	-	26632	28371	MFC_RS01540	IDATCC27716	-	621398	623137
MFC_RS01545	NZ_AFCG01000006.1	-	28375	29358	MFC_RS01545	IDATCC27716	-	623141	624124
MFC_RS01550	NZ_AFCG01000006.1	+	29433	29789	MFC_RS01550	IDATCC27716	+	624199	624555
MFC_RS03375	NZ_AFCG01000006.1	+	29831	30439	MFC_RS03375	IDATCC27716	+	624597	625205
MFC_RS01555	NZ_AFCG01000006.1	+	30449	33028	MFC_RS01555	IDATCC27716	+	625215	627794
MFC_RS01560	NZ_AFCG01000006.1	+	33015	33755	MFC_RS01560	IDATCC27716	+	627781	628521
MFC_RS01565	NZ_AFCG01000006.1	+	33748	34041	MFC_RS01565	IDATCC27716	+	628514	628807
MFC_RS01570	NZ_AFCG01000006.1	+	34057	35574	MFC_RS01570	IDATCC27716	+	628823	630340
MFC_RS03485	NZ_AFCG01000006.1	-	35770	35895	MFC_RS03485	IDATCC27716	-	630536	630661
MFC_RS01575	NZ_AFCG01000006.1	+	36131	36236	MFC_RS01575	IDATCC27716	+	630897	631002
MFC_RS03490	NZ_AFCG01000006.1	-	36481	36606	MFC_RS03490	IDATCC27716	-	631247	631372
MFC_RS01580	NZ_AFCG01000006.1	+	36770	37711	MFC_RS01580	IDATCC27716	+	631536	632477
MFC_RS01585	NZ_AFCG01000006.1	+	37621	38421	MFC_RS01585	IDATCC27716	+	632387	633187
MFC_RS01590	NZ_AFCG01000006.1	+	38464	39018	MFC_RS01590	IDATCC27716	+	633230	633784
MFC_RS01595	NZ_AFCG01000006.1	+	39253	40641	MFC_RS01595	IDATCC27716	+	634019	635407
MFC_RS01600	NZ_AFCG01000006.1	+	40776	42302	MFC_RS01600	IDATCC27716	+	635542	637068
MFC_RS01605	NZ_AFCG01000006.1	+	42295	44004	MFC_RS01605	IDATCC27716	+	637061	638770
MFC_RS01610	NZ_AFCG01000006.1	+	44004	44915	MFC_RS01610	IDATCC27716	+	638770	639681
MFC_RS01615	NZ_AFCG01000006.1	+	44985	45539	MFC_RS01615	IDATCC27716	+	639751	640305
MFC_RS01620	NZ_AFCG01000006.1	+	45596	45669	MFC_RS01620	IDATCC27716	+	640362	640435
MFC_RS01625	NZ_AFCG01000006.1	+	45797	46066	MFC_RS01625	IDATCC27716	+	640563	640832
MFC_RS01630	NZ_AFCG01000006.1	+	46292	48772	MFC_RS01630	IDATCC27716	+	641058	643538
MFC_RS01635	NZ_AFCG01000006.1	-	49052	51508	MFC_RS01635	IDATCC27716	-	643818	646274
MFC_RS01640	NZ_AFCG01000006.1	-	51530	53728	MFC_RS01640	IDATCC27716	-	646296	648494
MFC_RS01650	NZ_AFCG01000006.1	+	54048	54545	MFC_RS01650	IDATCC27716	+	648814	649311
MFC_RS01655	NZ_AFCG01000006.1	+	54559	54924	MFC_RS01655	IDATCC27716	+	649325	649690
MFC_RS01660	NZ_AFCG01000006.1	+	55114	58767	MFC_RS01660	IDATCC27716	+	649880	653533
MFC_RS01665	NZ_AFCG01000006.1	+	58826	63061	MFC_RS01665	IDATCC27716	+	653592	657827
MFC_RS01670	NZ_AFCG01000006.1	+	63066	63485	MFC_RS01670	IDATCC27716	+	657832	658251
MFC_RS01675	NZ_AFCG01000006.1	+	63840	66359	MFC_RS01675	IDATCC27716	+	658606	661125
MFC_RS01680	NZ_AFCG01000006.1	+	66369	68855	MFC_RS01680	IDATCC27716	+	661135	663621
MFC_RS01685	NZ_AFCG01000006.1	-	68884	69123	MFC_RS01685	IDATCC27716	-	663650	663889
MFC_RS03380	NZ_AFCG01000007.1	+	1	2328	MFC_RS03380	IDATCC27716	+	468782	471109
MFC_RS01695	NZ_AFCG01000007.1	-	2354	2839	MFC_RS01695	IDATCC27716	-	471135	471620
MFC_RS01700	NZ_AFCG01000007.1	-	2951	3358	MFC_RS01700	IDATCC27716	-	471732	472139
MFC_RS01705	NZ_AFCG01000007.1	+	3492	5096	MFC_RS01705	IDATCC27716	+	472273	473877
MFC_RS01710	NZ_AFCG01000007.1	-	5093	5686	MFC_RS01710	IDATCC27716	-	473874	474467
MFC_RS01715	NZ_AFCG01000007.1	-	5671	6315	MFC_RS01715	IDATCC27716	-	474452	475096
MFC_RS01720	NZ_AFCG01000007.1	-	6327	8225	MFC_RS01720	IDATCC27716	-	475108	477006
MFC_RS01725	NZ_AFCG01000007.1	-	8244	8606	MFC_RS01725	IDATCC27716	-	477025	477387
MFC_RS01730	NZ_AFCG01000007.1	-	8666	9349	MFC_RS01730	IDATCC27716	-	477447	478130
MFC_RS01735	NZ_AFCG01000007.1	-	9372	9635	MFC_RS01735	IDATCC27716	-	478153	478416
MFC_RS03385	NZ_AFCG01000007.1	+	9936	13031	MFC_RS03385	IDATCC27716	+	478717	481812
MFC_RS01750	NZ_AFCG01000007.1	-	13028	13993	MFC_RS01750	IDATCC27716	-	481809	482774
MFC_RS01755	NZ_AFCG01000007.1	-	13971	14636	MFC_RS01755	IDATCC27716	-	482752	483417
MFC_RS01760	NZ_AFCG01000007.1	-	14735	16162	MFC_RS01760	IDATCC27716	-	483516	484943
MFC_RS01765	NZ_AFCG01000007.1	-	16165	18426	MFC_RS01765	IDATCC27716	-	484946	487207
MFC_RS01770	NZ_AFCG01000007.1	-	18429	19064	MFC_RS01770	IDATCC27716	-	487210	487845
MFC_RS01775	NZ_AFCG01000007.1	-	19078	20427	MFC_RS01775	IDATCC27716	-	487859	489208
MFC_RS01780	NZ_AFCG01000007.1	+	20842	22098	MFC_RS01780	IDATCC27716	+	489623	490879
MFC_RS01785	NZ_AFCG01000007.1	-	22183	22512	MFC_RS01785	IDATCC27716	-	490964	491293
MFC_RS01790	NZ_AFCG01000007.1	+	23092	24111	MFC_RS01790	IDATCC27716	+	491873	492892
MFC_RS01795	NZ_AFCG01000007.1	+	24113	24580	MFC_RS01795	IDATCC27716	+	492894	493361
MFC_RS01800	NZ_AFCG01000007.1	+	24581	26743	MFC_RS01800	IDATCC27716	+	493362	495524
MFC_RS01805	NZ_AFCG01000007.1	-	26967	27161	MFC_RS01805	IDATCC27716	-	495748	495942
MFC_RS01810	NZ_AFCG01000007.1	-	27204	27554	MFC_RS01810	IDATCC27716	-	495985	496335
MFC_RS01815	NZ_AFCG01000007.1	-	27606	27800	MFC_RS01815	IDATCC27716	-	496387	496581
MFC_RS03390	NZ_AFCG01000007.1	-	27793	28101	MFC_RS03390	IDATCC27716	-	496574	496882
MFC_RS03395	NZ_AFCG01000007.1	-	28104	28442	MFC_RS03395	IDATCC27716	-	496885	497223
MFC_RS01825	NZ_AFCG01000007.1	-	28666	30102	MFC_RS01825	IDATCC27716	-	497447	498883
MFC_RS01830	NZ_AFCG01000007.1	-	30201	30992	MFC_RS01830	IDATCC27716	-	498982	499773
MFC_RS01835	NZ_AFCG01000007.1	+	31067	31342	MFC_RS01835	IDATCC27716	+	499848	500123
MFC_RS01840	NZ_AFCG01000007.1	-	31419	32489	MFC_RS01840	IDATCC27716	-	500200	501270
MFC_RS01845	NZ_AFCG01000007.1	-	32559	33218	MFC_RS01845	IDATCC27716	-	501340	501999
MFC_RS01850	NZ_AFCG01000007.1	+	33385	33684	MFC_RS01850	IDATCC27716	+	502166	502465
MFC_RS01855	NZ_AFCG01000007.1	+	33693	33947	MFC_RS01855	IDATCC27716	+	502474	502728
MFC_RS01860	NZ_AFCG01000007.1	-	34147	35001	MFC_RS01860	IDATCC27716	-	502928	503782
MFC_RS03230	NZ_AFCG01000007.1	+	35139	35235	MFC_RS03230	IDATCC27716	+	503920	504016
MFC_RS01865	NZ_AFCG01000007.1	+	35256	36365	MFC_RS01865	IDATCC27716	+	504037	505146
MFC_RS01870	NZ_AFCG01000007.1	+	36506	37975	MFC_RS01870	IDATCC27716	+	505287	506756
MFC_RS01875	NZ_AFCG01000007.1	+	38091	39038	MFC_RS01875	IDATCC27716	+	506872	507819
MFC_RS01880	NZ_AFCG01000007.1	-	39251	39334	MFC_RS01880	IDATCC27716	-	508032	508115
MFC_RS01885	NZ_AFCG01000007.1	+	39310	42225	MFC_RS01885	IDATCC27716	+	508091	511006
MFC_RS01890	NZ_AFCG01000007.1	+	42282	43367	MFC_RS01890	IDATCC27716	+	511063	512148
MFC_RS01895	NZ_AFCG01000007.1	+	43354	44082	MFC_RS01895	IDATCC27716	+	512135	512863
MFC_RS01900	NZ_AFCG01000007.1	+	44103	45506	MFC_RS01900	IDATCC27716	+	512884	514287
MFC_RS01905	NZ_AFCG01000007.1	+	45497	45907	MFC_RS01905	IDATCC27716	+	514278	514688
MFC_RS01910	NZ_AFCG01000007.1	+	45900	46424	MFC_RS01910	IDATCC27716	+	514681	515205
MFC_RS01915	NZ_AFCG01000007.1	+	46411	47169	MFC_RS01915	IDATCC27716	+	515192	515950
MFC_RS01920	NZ_AFCG01000007.1	-	47173	47247	MFC_RS01920	IDATCC27716	-	515954	516028
MFC_RS01925	NZ_AFCG01000007.1	+	47354	47908	MFC_RS01925	IDATCC27716	+	516135	516689
MFC_RS01930	NZ_AFCG01000007.1	+	47892	48542	MFC_RS01930	IDATCC27716	+	516673	517323
MFC_RS01935	NZ_AFCG01000007.1	+	48553	49365	MFC_RS01935	IDATCC27716	+	517334	518146
MFC_RS01940	NZ_AFCG01000007.1	+	49382	50617	MFC_RS01940	IDATCC27716	+	518163	519398
MFC_RS01945	NZ_AFCG01000007.1	+	50889	52241	MFC_RS01945	IDATCC27716	+	519670	521022
MFC_RS01950	NZ_AFCG01000007.1	+	52356	52796	MFC_RS01950	IDATCC27716	+	521137	521577
MFC_RS01955	NZ_AFCG01000007.1	-	52906	53556	MFC_RS01955	IDATCC27716	-	521687	522337
MFC_RS01960	NZ_AFCG01000007.1	-	53537	54394	MFC_RS01960	IDATCC27716	-	522318	523175
MFC_RS01965	NZ_AFCG01000007.1	-	54395	54976	MFC_RS01965	IDATCC27716	-	523176	523757
MFC_RS01970	NZ_AFCG01000007.1	-	54969	55529	MFC_RS01970	IDATCC27716	-	523750	524310
MFC_RS01975	NZ_AFCG01000007.1	-	55594	56235	MFC_RS01975	IDATCC27716	-	524375	525016
MFC_RS01980	NZ_AFCG01000007.1	-	56742	57623	MFC_RS01980	IDATCC27716	-	525523	526404
MFC_RS01985	NZ_AFCG01000007.1	-	57631	58026	MFC_RS01985	IDATCC27716	-	526412	526807
MFC_RS01990	NZ_AFCG01000007.1	-	58026	58478	MFC_RS01990	IDATCC27716	-	526807	527259
MFC_RS01995	NZ_AFCG01000007.1	-	58495	58878	MFC_RS01995	IDATCC27716	-	527276	527659
MFC_RS02000	NZ_AFCG01000007.1	-	58850	60892	MFC_RS02000	IDATCC27716	-	527631	529673
MFC_RS02005	NZ_AFCG01000007.1	+	60965	62161	MFC_RS02005	IDATCC27716	+	529746	530942
MFC_RS03400	NZ_AFCG01000007.1	+	62827	63213	MFC_RS03400	IDATCC27716	+	531608	531994
MFC_RS02020	NZ_AFCG01000007.1	+	63185	63646	MFC_RS02020	IDATCC27716	+	531966	532427
MFC_RS02025	NZ_AFCG01000007.1	+	63647	64366	MFC_RS02025	IDATCC27716	+	532428	533147
MFC_RS02030	NZ_AFCG01000007.1	+	64353	65498	MFC_RS02030	IDATCC27716	+	533134	534279
MFC_RS02035	NZ_AFCG01000007.1	+	65491	65922	MFC_RS02035	IDATCC27716	+	534272	534703
MFC_RS02040	NZ_AFCG01000007.1	+	65900	66610	MFC_RS02040	IDATCC27716	+	534681	535391
MFC_RS02045	NZ_AFCG01000007.1	-	66756	67118	MFC_RS02045	IDATCC27716	-	535537	535899
MFC_RS02050	NZ_AFCG01000007.1	-	67121	68119	MFC_RS02050	IDATCC27716	-	535902	536900
MFC_RS02055	NZ_AFCG01000007.1	-	68126	68530	MFC_RS02055	IDATCC27716	-	536907	537311
MFC_RS02060	NZ_AFCG01000007.1	-	68533	68946	MFC_RS02060	IDATCC27716	-	537314	537727
MFC_RS02065	NZ_AFCG01000007.1	-	69149	69262	MFC_RS02065	IDATCC27716	-	537930	538043
MFC_RS02070	NZ_AFCG01000007.1	-	69307	69534	MFC_RS02070	IDATCC27716	-	538088	538315
MFC_RS02075	NZ_AFCG01000007.1	-	69535	70287	MFC_RS02075	IDATCC27716	-	538316	539068
MFC_RS02080	NZ_AFCG01000007.1	-	70278	70916	MFC_RS02080	IDATCC27716	-	539059	539697
MFC_RS02085	NZ_AFCG01000007.1	-	70965	72386	MFC_RS02085	IDATCC27716	-	539746	541167
MFC_RS02090	NZ_AFCG01000007.1	-	72386	72829	MFC_RS02090	IDATCC27716	-	541167	541610
MFC_RS02095	NZ_AFCG01000007.1	-	73112	73891	MFC_RS02095	IDATCC27716	-	541893	542672
MFC_RS02100	NZ_AFCG01000007.1	-	73893	74258	MFC_RS02100	IDATCC27716	-	542674	543039
MFC_RS02105	NZ_AFCG01000007.1	-	74261	74800	MFC_RS02105	IDATCC27716	-	543042	543581
MFC_RS02110	NZ_AFCG01000007.1	-	74812	75207	MFC_RS02110	IDATCC27716	-	543593	543988
MFC_RS03235	NZ_AFCG01000007.1	-	75213	75398	MFC_RS03235	IDATCC27716	-	543994	544179
MFC_RS02115	NZ_AFCG01000007.1	-	75447	75992	MFC_RS02115	IDATCC27716	-	544228	544773
MFC_RS02120	NZ_AFCG01000007.1	-	75995	76318	MFC_RS02120	IDATCC27716	-	544776	545099
MFC_RS02125	NZ_AFCG01000007.1	-	76322	76690	MFC_RS02125	IDATCC27716	-	545103	545471
MFC_RS02130	NZ_AFCG01000007.1	-	76692	76979	MFC_RS02130	IDATCC27716	-	545473	545760
MFC_RS02135	NZ_AFCG01000007.1	-	76972	77337	MFC_RS02135	IDATCC27716	-	545753	546118
MFC_RS02140	NZ_AFCG01000007.1	-	77345	77755	MFC_RS02140	IDATCC27716	-	546126	546536
MFC_RS02145	NZ_AFCG01000007.1	-	77758	78441	MFC_RS02145	IDATCC27716	-	546539	547222
MFC_RS03530	NZ_AFCG01000007.1	-	78441	78962	MFC_RS03530	IDATCC27716	-	547222	547743
MFC_RS02155	NZ_AFCG01000007.1	-	78975	79247	MFC_RS02155	IDATCC27716	-	547756	548028
MFC_RS02160	NZ_AFCG01000007.1	-	79247	80095	MFC_RS02160	IDATCC27716	-	548028	548876
MFC_RS02165	NZ_AFCG01000007.1	-	80095	80586	MFC_RS02165	IDATCC27716	-	548876	549367
MFC_RS02170	NZ_AFCG01000007.1	-	80590	81234	MFC_RS02170	IDATCC27716	-	549371	550015
MFC_RS02175	NZ_AFCG01000007.1	-	81227	81928	MFC_RS02175	IDATCC27716	-	550008	550709
MFC_RS02180	NZ_AFCG01000007.1	-	81930	82250	MFC_RS02180	IDATCC27716	-	550711	551031
MFC_RS02185	NZ_AFCG01000007.1	+	82643	83260	MFC_RS02185	IDATCC27716	+	551424	552041
MFC_RS02190	NZ_AFCG01000007.1	-	83385	84068	MFC_RS02190	IDATCC27716	-	552166	552849
MFC_RS02195	NZ_AFCG01000007.1	+	84147	86798	MFC_RS02195	IDATCC27716	+	552928	555579
MFC_RS02200	NZ_AFCG01000007.1	+	86774	87211	MFC_RS02200	IDATCC27716	+	555555	555992
MFC_RS02205	NZ_AFCG01000007.1	+	87395	87949	MFC_RS02205	IDATCC27716	+	556176	556730
MFC_RS02210	NZ_AFCG01000007.1	+	87927	88820	MFC_RS02210	IDATCC27716	+	556708	557601
MFC_RS02215	NZ_AFCG01000007.1	+	88866	90995	MFC_RS02215	IDATCC27716	+	557647	559776
MFC_RS02220	NZ_AFCG01000007.1	+	91114	92583	MFC_RS02220	IDATCC27716	+	559895	561364
MFC_RS02225	NZ_AFCG01000007.1	+	92585	93415	MFC_RS02225	IDATCC27716	+	561366	562196
MFC_RS02230	NZ_AFCG01000007.1	-	93404	94732	MFC_RS02230	IDATCC27716	-	562185	563513
MFC_RS02235	NZ_AFCG01000007.1	-	94775	96391	MFC_RS02235	IDATCC27716	-	563556	565172
MFC_RS02240	NZ_AFCG01000007.1	+	96781	98868	MFC_RS02240	IDATCC27716	+	565562	567649
MFC_RS03290	NZ_AFCG01000007.1	+	98967	99137	MFC_RS03290	IDATCC27716	+	567748	567918
MFC_RS03145	NZ_AFCG01000007.1	+	99266	99490	MFC_RS03145	IDATCC27716	+	568047	568271
MFC_RS03150	NZ_AFCG01000007.1	+	99469	99681	MFC_RS03150	IDATCC27716	+	568250	568462
MFC_RS02250	NZ_AFCG01000007.1	+	99823	100857	MFC_RS02250	IDATCC27716	+	568604	569638
MFC_RS02255	NZ_AFCG01000007.1	+	101341	102441	MFC_RS02255	IDATCC27716	+	570122	571222
MFC_RS02260	NZ_AFCG01000007.1	+	102441	103406	MFC_RS02260	IDATCC27716	+	571222	572187
MFC_RS03535	NZ_AFCG01000007.1	+	103408	104818	MFC_RS03535	IDATCC27716	+	572189	573599
MFC_RS02270	NZ_AFCG01000007.1	+	104808	106139	MFC_RS02270	IDATCC27716	+	573589	574920
MFC_RS02275	NZ_AFCG01000007.1	+	106126	112227	MFC_RS02275	IDATCC27716	+	574907	581008
MFC_RS02280	NZ_AFCG01000007.1	+	112237	114915	MFC_RS02280	IDATCC27716	+	581018	583696
MFC_RS02285	NZ_AFCG01000007.1	-	115057	115485	MFC_RS02285	IDATCC27716	-	583838	584266
MFC_RS02290	NZ_AFCG01000007.1	-	115492	116577	MFC_RS02290	IDATCC27716	-	584273	585358
MFC_RS02295	NZ_AFCG01000007.1	-	116577	118049	MFC_RS02295	IDATCC27716	-	585358	586830
MFC_RS02300	NZ_AFCG01000007.1	+	118083	118862	MFC_RS02300	IDATCC27716	+	586864	587643
MFC_RS02305	NZ_AFCG01000007.1	-	119186	120700	MFC_RS02305	IDATCC27716	-	587967	589481
MFC_RS02310	NZ_AFCG01000007.1	-	120716	120991	MFC_RS02310	IDATCC27716	-	589497	589772
MFC_RS02315	NZ_AFCG01000007.1	-	120981	121436	MFC_RS02315	IDATCC27716	-	589762	590217
MFC_RS02320	NZ_AFCG01000007.1	-	121441	121737	MFC_RS02320	IDATCC27716	-	590222	590518
MFC_RS02325	NZ_AFCG01000007.1	-	121739	122290	MFC_RS02325	IDATCC27716	-	590520	591071
MFC_RS02330	NZ_AFCG01000007.1	-	122394	123017	MFC_RS02330	IDATCC27716	-	591175	591798
MFC_RS02335	NZ_AFCG01000007.1	-	123008	123637	MFC_RS02335	IDATCC27716	-	591789	592418
MFC_RS03415	NZ_AFCG01000008.1	+	241	429	MFC_RS03415	IDATCC27716	+	241	429
MFC_RS03540	NZ_AFCG01000008.1	+	426	497	MFC_RS03540	IDATCC27716	+	426	497
MFC_RS02345	NZ_AFCG01000008.1	+	680	973	MFC_RS02345	IDATCC27716	+	680	973
MFC_RS02350	NZ_AFCG01000008.1	+	966	2285	MFC_RS02350	IDATCC27716	+	966	2285
MFC_RS02355	NZ_AFCG01000008.1	+	2278	3675	MFC_RS02355	IDATCC27716	+	2278	3675
MFC_RS02360	NZ_AFCG01000008.1	-	3747	4109	MFC_RS02360	IDATCC27716	-	3747	4109
MFC_RS02365	NZ_AFCG01000008.1	-	4102	5433	MFC_RS02365	IDATCC27716	-	4102	5433
MFC_RS02370	NZ_AFCG01000008.1	-	5453	6454	MFC_RS02370	IDATCC27716	-	5453	6454
MFC_RS03155	NZ_AFCG01000008.1	+	6747	7199	MFC_RS03155	IDATCC27716	+	6747	7199
MFC_RS02380	NZ_AFCG01000008.1	-	7291	7905	MFC_RS02380	IDATCC27716	-	7291	7905
MFC_RS02385	NZ_AFCG01000008.1	-	7877	10537	MFC_RS02385	IDATCC27716	-	7877	10537
MFC_RS02390	NZ_AFCG01000008.1	-	10540	13092	MFC_RS02390	IDATCC27716	-	10540	13092
MFC_RS02395	NZ_AFCG01000008.1	-	13085	15010	MFC_RS02395	IDATCC27716	-	13085	15010
MFC_RS02400	NZ_AFCG01000008.1	+	15212	16222	MFC_RS02400	IDATCC27716	+	15212	16222
MFC_RS03420	NZ_AFCG01000008.1	+	16292	18160	MFC_RS03420	IDATCC27716	+	16292	18160
MFC_RS02410	NZ_AFCG01000008.1	-	18209	20293	MFC_RS02410	IDATCC27716	-	18209	20293
MFC_RS02415	NZ_AFCG01000008.1	-	20301	20534	MFC_RS02415	IDATCC27716	-	20301	20534
MFC_RS02420	NZ_AFCG01000008.1	-	20599	22059	MFC_RS02420	IDATCC27716	-	20599	22059
MFC_RS02425	NZ_AFCG01000008.1	-	22148	23161	MFC_RS02425	IDATCC27716	-	22148	23161
MFC_RS02430	NZ_AFCG01000008.1	+	23415	24137	MFC_RS02430	IDATCC27716	+	23415	24137
MFC_RS02435	NZ_AFCG01000008.1	+	24139	25398	MFC_RS02435	IDATCC27716	+	24139	25398
MFC_RS02440	NZ_AFCG01000008.1	+	25467	25829	MFC_RS02440	IDATCC27716	+	25467	25829
MFC_RS02445	NZ_AFCG01000008.1	+	25833	26708	MFC_RS02445	IDATCC27716	+	25833	26708
MFC_RS03425	NZ_AFCG01000008.1	+	26775	27041	MFC_RS03425	IDATCC27716	+	26775	27041
MFC_RS02450	NZ_AFCG01000008.1	+	27043	27468	MFC_RS02450	IDATCC27716	+	27043	27468
MFC_RS02455	NZ_AFCG01000008.1	+	27513	28670	MFC_RS02455	IDATCC27716	+	27513	28670
MFC_RS02465	NZ_AFCG01000008.1	+	29094	29822	MFC_RS02465	IDATCC27716	+	29094	29822
MFC_RS02470	NZ_AFCG01000008.1	+	29847	30155	MFC_RS02470	IDATCC27716	+	29847	30155
MFC_RS02475	NZ_AFCG01000008.1	+	30185	30724	MFC_RS02475	IDATCC27716	+	30185	30724
MFC_RS02480	NZ_AFCG01000008.1	+	30752	31315	MFC_RS02480	IDATCC27716	+	30752	31315
MFC_RS02485	NZ_AFCG01000008.1	+	31331	32854	MFC_RS02485	IDATCC27716	+	31331	32854
MFC_RS02490	NZ_AFCG01000008.1	+	32883	33713	MFC_RS02490	IDATCC27716	+	32883	33713
MFC_RS02495	NZ_AFCG01000008.1	+	33733	35148	MFC_RS02495	IDATCC27716	+	33733	35148
MFC_RS02500	NZ_AFCG01000008.1	+	35135	35395	MFC_RS02500	IDATCC27716	+	35135	35395
MFC_RS02505	NZ_AFCG01000008.1	+	35501	35986	MFC_RS02505	IDATCC27716	+	35501	35986
MFC_RS02510	NZ_AFCG01000008.1	+	36224	37219	MFC_RS02510	IDATCC27716	+	36224	37219
MFC_RS02515	NZ_AFCG01000008.1	+	37222	38157	MFC_RS02515	IDATCC27716	+	37222	38157
MFC_RS02520	NZ_AFCG01000008.1	+	38222	39544	MFC_RS02520	IDATCC27716	+	38222	39544
MFC_RS02525	NZ_AFCG01000008.1	+	39572	40939	MFC_RS02525	IDATCC27716	+	39572	40939
MFC_RS02530	NZ_AFCG01000008.1	+	40905	42767	MFC_RS02530	IDATCC27716	+	40905	42767
MFC_RS02535	NZ_AFCG01000008.1	+	42767	44842	MFC_RS02535	IDATCC27716	+	42767	44842
MFC_RS02540	NZ_AFCG01000008.1	+	44846	45619	MFC_RS02540	IDATCC27716	+	44846	45619
MFC_RS02545	NZ_AFCG01000008.1	+	45613	46443	MFC_RS02545	IDATCC27716	+	45613	46443
MFC_RS02550	NZ_AFCG01000008.1	+	46462	47706	MFC_RS02550	IDATCC27716	+	46462	47706
MFC_RS02555	NZ_AFCG01000008.1	+	47768	52525	MFC_RS02555	IDATCC27716	+	47768	52525
MFC_RS03430	NZ_AFCG01000008.1	+	52707	53615	MFC_RS03430	IDATCC27716	+	52707	53615
MFC_RS02560	NZ_AFCG01000008.1	+	53584	55524	MFC_RS02560	IDATCC27716	+	53584	55524
MFC_RS02565	NZ_AFCG01000008.1	-	55544	57097	MFC_RS02565	IDATCC27716	-	55544	57097
MFC_RS02570	NZ_AFCG01000008.1	+	57214	57522	MFC_RS02570	IDATCC27716	+	57214	57522
MFC_RS02575	NZ_AFCG01000008.1	+	57713	59515	MFC_RS02575	IDATCC27716	+	57713	59515
MFC_RS02580	NZ_AFCG01000008.1	+	59703	60833	MFC_RS02580	IDATCC27716	+	59703	60833
MFC_RS02585	NZ_AFCG01000008.1	+	60894	61577	MFC_RS02585	IDATCC27716	+	60894	61577
MFC_RS02590	NZ_AFCG01000008.1	+	61602	62915	MFC_RS02590	IDATCC27716	+	61602	62915
MFC_RS02595	NZ_AFCG01000008.1	+	62955	63227	MFC_RS02595	IDATCC27716	+	62955	63227
MFC_RS02600	NZ_AFCG01000008.1	+	63239	63469	MFC_RS02600	IDATCC27716	+	63239	63469
MFC_RS02605	NZ_AFCG01000008.1	+	63470	65266	MFC_RS02605	IDATCC27716	+	63470	65266
MFC_RS02610	NZ_AFCG01000008.1	+	65331	66302	MFC_RS02610	IDATCC27716	+	65331	66302
MFC_RS02615	NZ_AFCG01000008.1	-	66649	68733	MFC_RS02615	IDATCC27716	-	66649	68733
MFC_RS02620	NZ_AFCG01000008.1	-	68746	69216	MFC_RS02620	IDATCC27716	-	68746	69216
MFC_RS02625	NZ_AFCG01000008.1	-	69260	69685	MFC_RS02625	IDATCC27716	-	69260	69685
MFC_RS02630	NZ_AFCG01000008.1	-	69818	70198	MFC_RS02630	IDATCC27716	-	69818	70198
MFC_RS02635	NZ_AFCG01000008.1	-	70191	70715	MFC_RS02635	IDATCC27716	-	70191	70715
MFC_RS02640	NZ_AFCG01000008.1	-	70706	71206	MFC_RS02640	IDATCC27716	-	70706	71206
MFC_RS02645	NZ_AFCG01000008.1	+	71765	73123	MFC_RS02645	IDATCC27716	+	71765	73123
MFC_RS02650	NZ_AFCG01000008.1	+	73300	74673	MFC_RS02650	IDATCC27716	+	73300	74673
MFC_RS02655	NZ_AFCG01000008.1	-	74745	76028	MFC_RS02655	IDATCC27716	-	74745	76028
MFC_RS02660	NZ_AFCG01000008.1	-	76030	76728	MFC_RS02660	IDATCC27716	-	76030	76728
MFC_RS02670	NZ_AFCG01000008.1	-	77394	80393	MFC_RS02670	IDATCC27716	-	77394	80393
MFC_RS02675	NZ_AFCG01000008.1	+	80627	80908	MFC_RS02675	IDATCC27716	+	80627	80908
MFC_RS03295	NZ_AFCG01000009.1	-	1	556	MFC_RS03295	IDATCC27716	+	707094	707649
MFC_RS02685	NZ_AFCG01000009.1	-	568	2577	MFC_RS02685	IDATCC27716	+	705073	707082
MFC_RS03435	NZ_AFCG01000009.1	-	2625	2882	MFC_RS03435	IDATCC27716	+	704768	705025
MFC_RS03440	NZ_AFCG01000009.1	-	2872	3060	MFC_RS03440	IDATCC27716	+	704590	704778
MFC_RS03445	NZ_AFCG01000009.1	-	3186	3350	MFC_RS03445	IDATCC27716	+	704300	704464
MFC_RS03450	NZ_AFCG01000009.1	+	3413	3613	MFC_RS03450	IDATCC27716	-	704037	704237
MFC_RS02700	NZ_AFCG01000009.1	-	4051	6990	MFC_RS02700	IDATCC27716	+	700660	703599
MFC_RS02705	NZ_AFCG01000009.1	-	7165	8913	MFC_RS02705	IDATCC27716	+	698737	700485
MFC_RS02710	NZ_AFCG01000009.1	-	9047	9658	MFC_RS02710	IDATCC27716	+	697992	698603
MFC_RS02715	NZ_AFCG01000009.1	-	9680	10675	MFC_RS02715	IDATCC27716	+	696975	697970
MFC_RS02720	NZ_AFCG01000009.1	+	10788	12014	MFC_RS02720	IDATCC27716	-	695636	696862
MFC_RS02725	NZ_AFCG01000009.1	+	12016	12795	MFC_RS02725	IDATCC27716	-	694855	695634
MFC_RS02730	NZ_AFCG01000009.1	+	12959	13393	MFC_RS02730	IDATCC27716	-	694257	694691
MFC_RS02735	NZ_AFCG01000009.1	+	13398	13796	MFC_RS02735	IDATCC27716	-	693854	694252
MFC_RS02740	NZ_AFCG01000009.1	+	13875	13951	MFC_RS02740	IDATCC27716	-	693699	693775
MFC_RS02745	NZ_AFCG01000009.1	-	13997	14695	MFC_RS02745	IDATCC27716	+	692955	693653
MFC_RS02750	NZ_AFCG01000009.1	-	14875	16863	MFC_RS02750	IDATCC27716	+	690787	692775
MFC_RS02755	NZ_AFCG01000009.1	+	17065	19437	MFC_RS02755	IDATCC27716	-	688213	690585
MFC_RS03455	NZ_AFCG01000009.1	+	19441	20550	MFC_RS03455	IDATCC27716	-	687100	688209
MFC_RS03460	NZ_AFCG01000009.1	+	20667	21437	MFC_RS03460	IDATCC27716	-	686213	686983
MFC_RS02765	NZ_AFCG01000009.1	+	21418	21855	MFC_RS02765	IDATCC27716	-	685795	686232
MFC_RS02770	NZ_AFCG01000009.1	+	21848	23239	MFC_RS02770	IDATCC27716	-	684411	685802
MFC_RS02775	NZ_AFCG01000009.1	+	23239	24471	MFC_RS02775	IDATCC27716	-	683179	684411
MFC_RS02780	NZ_AFCG01000009.1	+	24455	25138	MFC_RS02780	IDATCC27716	-	682512	683195
MFC_RS02785	NZ_AFCG01000009.1	+	25125	26339	MFC_RS02785	IDATCC27716	-	681311	682525
MFC_RS02790	NZ_AFCG01000009.1	+	26373	27062	MFC_RS02790	IDATCC27716	-	680588	681277
MFC_RS02795	NZ_AFCG01000009.1	+	27086	27631	MFC_RS02795	IDATCC27716	-	680019	680564
MFC_RS03255	NZ_AFCG01000009.1	+	27687	27827	MFC_RS03255	IDATCC27716	-	679823	679963
MFC_RS02800	NZ_AFCG01000009.1	+	27827	28063	MFC_RS02800	IDATCC27716	-	679587	679823
MFC_RS02805	NZ_AFCG01000009.1	+	28083	28655	MFC_RS02805	IDATCC27716	-	678995	679567
MFC_RS02810	NZ_AFCG01000009.1	-	29256	29345	MFC_RS02810	IDATCC27716	+	678305	678394
MFC_RS02815	NZ_AFCG01000009.1	+	29421	30395	MFC_RS02815	IDATCC27716	-	677255	678229
MFC_RS02820	NZ_AFCG01000009.1	-	30373	33213	MFC_RS02820	IDATCC27716	+	674437	677277
MFC_RS02825	NZ_AFCG01000009.1	-	33220	33807	MFC_RS02825	IDATCC27716	+	673843	674430
MFC_RS02830	NZ_AFCG01000009.1	-	33797	34546	MFC_RS02830	IDATCC27716	+	673104	673853
MFC_RS02835	NZ_AFCG01000009.1	-	34546	35283	MFC_RS02835	IDATCC27716	+	672367	673104
MFC_RS02840	NZ_AFCG01000009.1	+	35578	37680	MFC_RS02840	IDATCC27716	-	669970	672072
MFC_RS02845	NZ_AFCG01000009.1	+	37805	39553	MFC_RS02845	IDATCC27716	-	668097	669845
MFC_RS02850	NZ_AFCG01000009.1	-	39641	41260	MFC_RS02850	IDATCC27716	+	666390	668009
MFC_RS02855	NZ_AFCG01000009.1	-	41269	42879	MFC_RS02855	IDATCC27716	+	664771	666381
MFC_RS02860	NZ_AFCG01000009.1	+	43211	43546	MFC_RS02860	IDATCC27716	-	664104	664439
MFC_RS02865	NZ_AFCG01000010.1	-	186	716	MFC_RS02865	IDATCC27716	+	273291	273821
MFC_RS02870	NZ_AFCG01000010.1	-	952	2721	MFC_RS02870	IDATCC27716	+	271286	273055
MFC_RS03175	NZ_AFCG01000010.1	-	2951	4933	MFC_RS03175	IDATCC27716	+	269074	271056
MFC_RS02880	NZ_AFCG01000010.1	-	5264	6916	MFC_RS02880	IDATCC27716	+	267091	268743
MFC_RS02885	NZ_AFCG01000010.1	-	7221	8594	MFC_RS02885	IDATCC27716	+	265413	266786
MFC_RS02890	NZ_AFCG01000010.1	-	8740	9345	MFC_RS02890	IDATCC27716	+	264662	265267
MFC_RS02895	NZ_AFCG01000010.1	-	9374	10324	MFC_RS02895	IDATCC27716	+	263683	264633
MFC_RS02900	NZ_AFCG01000010.1	-	10552	11502	MFC_RS02900	IDATCC27716	+	262505	263455
MFC_RS02905	NZ_AFCG01000010.1	-	11489	13606	MFC_RS02905	IDATCC27716	+	260401	262518
MFC_RS02910	NZ_AFCG01000010.1	-	13606	14322	MFC_RS02910	IDATCC27716	+	259685	260401
MFC_RS02915	NZ_AFCG01000010.1	-	14322	16097	MFC_RS02915	IDATCC27716	+	257910	259685
MFC_RS02920	NZ_AFCG01000010.1	+	16245	17159	MFC_RS02920	IDATCC27716	-	256848	257762
MFC_RS02925	NZ_AFCG01000010.1	+	17403	19139	MFC_RS02925	IDATCC27716	-	254867	256603
MFC_RS02930	NZ_AFCG01000010.1	+	19282	19552	MFC_RS02930	IDATCC27716	-	254454	254724
MFC_RS02935	NZ_AFCG01000011.1	+	1	1390	MFC_RS02935	IDATCC27716	+	374816	376205
MFC_RS02940	NZ_AFCG01000011.1	+	1408	3840	MFC_RS02940	IDATCC27716	+	376223	378655
MFC_RS02945	NZ_AFCG01000011.1	+	4020	4403	MFC_RS02945	IDATCC27716	+	378835	379218
MFC_RS03260	NZ_AFCG01000011.1	-	4633	6059	MFC_RS03260	IDATCC27716	-	379448	380874
MFC_RS02965	NZ_AFCG01000011.1	-	6198	7055	MFC_RS02965	IDATCC27716	-	381013	381870
MFC_RS02970	NZ_AFCG01000011.1	-	7028	7819	MFC_RS02970	IDATCC27716	-	381843	382634
MFC_RS02975	NZ_AFCG01000011.1	-	8010	8747	MFC_RS02975	IDATCC27716	-	382825	383562
MFC_RS02980	NZ_AFCG01000011.1	-	8749	10728	MFC_RS02980	IDATCC27716	-	383564	385543
MFC_RS02985	NZ_AFCG01000011.1	+	11205	11532	MFC_RS02985	IDATCC27716	+	386020	386347
MFC_RS02990	NZ_AFCG01000012.1	-	1	189	MFC_RS02990	IDATCC27716	-	593941	594129
MFC_RS02995	NZ_AFCG01000012.1	-	161	726	MFC_RS02995	IDATCC27716	-	594101	594666
MFC_RS03000	NZ_AFCG01000013.1	+	1	564	MFC_RS03000	IDATCC27716	-	593277	593840
MFC_RS03005	NZ_AFCG01000014.1	+	219	4496	MFC_RS03005	IDATCC27716	+	206158	210435
MFC_RS03500	NZ_AFCG01000014.1	+	4793	8917	MFC_RS03500	IDATCC27716	+	210732	214856
MFC_RS03015	NZ_AFCG01000014.1	+	9032	14494	MFC_RS03015	IDATCC27716	+	214971	220433
MFC_RS03020	NZ_AFCG01000014.1	-	14609	15526	MFC_RS03020	IDATCC27716	-	220548	221465
MFC_RS03030	NZ_AFCG01000014.1	-	16276	17511	MFC_RS03030	IDATCC27716	-	222214	223449
MFC_RS03035	NZ_AFCG01000014.1	+	17891	20500	MFC_RS03035	IDATCC27716	+	223829	226438
MFC_RS03040	NZ_AFCG01000014.1	+	20674	21282	MFC_RS03040	IDATCC27716	+	226612	227220
MFC_RS03045	NZ_AFCG01000014.1	+	21297	22760	MFC_RS03045	IDATCC27716	+	227235	228698
MFC_RS03050	NZ_AFCG01000014.1	+	22844	23539	MFC_RS03050	IDATCC27716	+	228782	229477
MFC_RS03055	NZ_AFCG01000014.1	-	23590	24393	MFC_RS03055	IDATCC27716	-	229528	230331
MFC_RS03060	NZ_AFCG01000014.1	+	24687	26270	MFC_RS03060	IDATCC27716	+	230629	232212
MFC_RS03065	NZ_AFCG01000014.1	+	26288	26842	MFC_RS03065	IDATCC27716	+	232230	232784
MFC_RS03315	NZ_AFCG01000014.1	+	26862	27728	MFC_RS03315	IDATCC27716	+	232804	233670
MFC_RS03075	NZ_AFCG01000014.1	+	27729	28199	MFC_RS03075	IDATCC27716	+	233671	234141
MFC_RS03080	NZ_AFCG01000014.1	+	28192	30417	MFC_RS03080	IDATCC27716	+	822868	825093
MFC_RS03085	NZ_AFCG01000014.1	+	30417	31952	MFC_RS03085	IDATCC27716	+	236359	237894
MFC_RS03090	NZ_AFCG01000014.1	+	31955	33328	MFC_RS03090	IDATCC27716	+	237897	239270
MFC_RS03100	NZ_AFCG01000014.1	+	33712	34632	MFC_RS03100	IDATCC27716	+	239654	240574
MFC_RS03105	NZ_AFCG01000014.1	+	34636	35721	MFC_RS03105	IDATCC27716	+	240578	241663
MFC_RS03110	NZ_AFCG01000014.1	+	35702	36358	MFC_RS03110	IDATCC27716	+	241644	242300
MFC_RS03115	NZ_AFCG01000014.1	-	36438	37163	MFC_RS03115	IDATCC27716	-	242380	243105
MFC_RS03120	NZ_AFCG01000014.1	-	37163	37903	MFC_RS03120	IDATCC27716	-	243105	243845
