Orthogroup	MHP_131B_proteins	MHP_11_proteins
OG0000000	WP_404924494.1	WP_202943179.1
OG0000000	WP_404924562.1, WP_404924212.1	WP_206600680.1
OG0000000	WP_148174330.1	WP_129640575.1
OG0000000	WP_258556712.1	WP_088172539.1
OG0000000	WP_404924489.1	WP_323749055.1
OG0000001	WP_232039579.1	WP_232039579.1
OG0000001	WP_404924272.1	WP_011206342.1
OG0000002	WP_225972974.1	WP_011206236.1
OG0000002	WP_404924222.1	WP_158209055.1
OG0000002	WP_404924467.1	WP_011206167.1
OG0000003	WP_404924470.1	WP_044284791.1
OG0000003	WP_404924388.1	WP_044284785.1
OG0000003	WP_404924565.1	WP_187145846.1
OG0000004	WP_160588068.1	WP_088172515.1
OG0000004	WP_404924307.1	WP_011206450.1
OG0000005	WP_011289941.1	WP_011205860.1
OG0000005	WP_146379452.1	WP_011205864.1
OG0000005	WP_404924354.1	WP_011205861.1
OG0000005	WP_347952346.1	WP_088172524.1
OG0000006	WP_404924232.1	WP_011206269.1
OG0000008	WP_404924227.1	WP_241499462.1, WP_011206260.1
OG0000008	WP_404924495.1	WP_241499463.1
OG0000009	WP_041361519.1	WP_011205856.1
OG0000009	WP_011290021.1	WP_088172535.1
OG0000010	WP_404924479.1	WP_011206187.1
OG0000011	WP_404924567.1	WP_088172557.1
OG0000012	WP_404924429.1, WP_404924504.1	WP_011205920.1
OG0000013	WP_225972984.1	WP_011206279.1
OG0000013	WP_404924502.1	WP_241499457.1
OG0000014	WP_404924549.1	WP_088172536.1
OG0000014	WP_404924552.1	WP_088172531.1
OG0000014	WP_404924399.1	WP_011206109.1
OG0000016	WP_404924526.1	WP_011206378.1
OG0000016	WP_404924358.1	WP_011205873.1
OG0000017	WP_020835500.1	WP_228365403.1
OG0000017	WP_020835837.1	WP_011206380.1
OG0000019	WP_404924294.1, WP_404924295.1	WP_088172513.1
OG0000020	WP_404924535.1	WP_011206516.1
OG0000020	WP_404924536.1	WP_011206517.1
OG0000022	WP_404924458.1	WP_011206154.1
OG0000022	WP_146379581.1	WP_011206164.1
OG0000024	WP_179696078.1	WP_011206341.1
OG0000024	WP_404924435.1	WP_011205981.1
OG0000025	WP_404924459.1	WP_011206155.1
OG0000025	WP_404924464.1	WP_011206163.1
OG0000026	WP_020835640.1	WP_044284614.1
OG0000026	WP_160606777.1	WP_011206159.1
OG0000027	WP_020835902.1	WP_011206475.1
OG0000027	WP_404924323.1	WP_011206480.1
OG0000029	WP_404924422.1	WP_088172532.1
OG0000029	WP_404924400.1	WP_011206108.1
OG0000030	WP_308704613.1	WP_232039555.1
OG0000030	WP_404924534.1	WP_011206479.1
OG0000031	WP_088172525.1	WP_088172525.1
OG0000031	WP_404924450.1	WP_011206142.1
OG0000032	WP_404924322.1	WP_232039557.1
OG0000035	WP_404924533.1	WP_011206449.1
OG0000035	WP_160588066.1	WP_011206447.1
OG0000036	WP_347952344.1	WP_011205863.1
OG0000036	WP_146379454.1	WP_011205866.1
OG0000037	WP_404924569.1	WP_044284786.1
OG0000038	WP_404924387.1	WP_011206130.1
OG0000038	WP_404924469.1	WP_088172556.1
OG0000039	WP_404924559.1	WP_241499465.1, WP_011206145.1
OG0000040	WP_404924313.1	WP_011206462.1
OG0000042	WP_044272729.1	WP_044284805.1
OG0000043	WP_014579804.1	WP_011206195.1
OG0000044	WP_225973034.1	WP_088172558.1
OG0000044	WP_404911819.1	WP_011206179.1
OG0000045	WP_404924452.1	WP_011206147.1
OG0000046	WP_404924315.1	WP_011206464.1
OG0000047	WP_404924546.1	WP_044284803.1
OG0000048	WP_011284150.1	WP_011206232.1
OG0000049	WP_020835860.1	WP_011206418.1
OG0000050	WP_404924247.1	WP_011206286.1
OG0000051	WP_404924263.1	WP_011206324.1
OG0000052	WP_404924352.1	WP_011205854.1
OG0000053	WP_404924445.1	WP_011205946.1
OG0000054	WP_404924248.1	WP_011206291.1
OG0000055	WP_146379455.1	WP_011205867.1
OG0000056	WP_404924340.1	WP_011206513.1
OG0000057	WP_404924285.1	WP_232039550.1
OG0000058	WP_404924374.1	WP_011206355.1
OG0000061	WP_404924566.1	WP_011206139.1
OG0000062	WP_011206522.1	WP_011206522.1
OG0000063	WP_041361715.1	WP_011206521.1
OG0000064	WP_348571896.1	WP_011206518.1
OG0000065	WP_225972975.1	WP_011206245.1
OG0000066	WP_404913732.1	WP_011205965.1
OG0000067	WP_404924548.1	WP_011206124.1
OG0000068	WP_011206103.1	WP_011206103.1
OG0000069	WP_011206373.1	WP_011206373.1
OG0000070	WP_011206292.1	WP_011206292.1
OG0000071	WP_404924311.1	WP_011206460.1
OG0000072	WP_404924312.1	WP_044284808.1
OG0000073	WP_404912207.1	WP_011206093.1
OG0000074	WP_308704709.1	WP_011206057.1
OG0000076	WP_404924369.1, WP_404924503.1	WP_044284772.1
OG0000077	WP_135618533.1	WP_011206132.1
OG0000079	WP_020835797.1	WP_011206305.1
OG0000080	WP_192894279.1	WP_011206314.1
OG0000081	WP_404924544.1	WP_044284770.1
OG0000083	WP_014579823.1	WP_011206216.1
OG0000084	WP_011284142.1	WP_011206222.1
OG0000085	WP_404924208.1	WP_011206223.1
OG0000086	WP_404924507.1	WP_011206225.1
OG0000087	WP_020835732.1	WP_011206228.1
OG0000088	WP_020835733.1	WP_011206229.1
OG0000089	WP_011206231.1	WP_011206231.1
OG0000090	WP_404924539.1	WP_011205853.1
OG0000091	WP_020835487.1	WP_011205850.1
OG0000092	WP_404924538.1	WP_011205847.1
OG0000093	WP_160584856.1	WP_011205846.1
OG0000094	WP_160606485.1	WP_044284766.1
OG0000095	WP_044272251.1	WP_011205840.1
OG0000096	WP_011206529.1	WP_011206529.1
OG0000097	WP_404924537.1	WP_011206525.1
OG0000098	WP_404924345.1	WP_011206523.1
OG0000099	WP_404924341.1	WP_011206514.1
OG0000100	WP_404924338.1	WP_011206511.1
OG0000101	WP_011206510.1	WP_011206510.1
OG0000102	WP_404924487.1	WP_011206162.1
OG0000103	WP_404924223.1	WP_011206238.1
OG0000104	WP_011206239.1	WP_011206239.1
OG0000105	WP_146379630.1	WP_011206242.1
OG0000106	WP_146379631.1	WP_044284796.1
OG0000107	WP_011284169.1	WP_011284169.1
OG0000108	WP_011206247.1	WP_011206247.1
OG0000109	WP_404924224.1	WP_044284797.1
OG0000110	WP_404924239.1	WP_088172542.1
OG0000111	WP_404924516.1	WP_044284798.1
OG0000112	WP_404924236.1	WP_232039539.1
OG0000113	WP_404924231.1	WP_011206268.1
OG0000114	WP_404923958.1	WP_011206266.1
OG0000115	WP_011290245.1	WP_011206264.1
OG0000116	WP_404924436.1	WP_011205976.1
OG0000117	WP_160590503.1	WP_044284776.1
OG0000118	WP_011290108.1	WP_044284775.1
OG0000119	WP_135618686.1	WP_011205967.1
OG0000120	WP_011284027.1	WP_011205964.1
OG0000121	WP_011284032.1	WP_011205959.1
OG0000122	WP_020835643.1	WP_011205958.1
OG0000123	WP_011205954.1	WP_011205954.1
OG0000124	WP_011290118.1	WP_011205953.1
OG0000125	WP_011205952.1	WP_011205952.1
OG0000126	WP_160585089.1	WP_011205950.1
OG0000127	WP_404924444.1	WP_011205948.1
OG0000128	WP_404924446.1	WP_011205945.1
OG0000129	WP_014579732.1	WP_011205944.1
OG0000130	WP_011284046.1	WP_011284046.1
OG0000131	WP_160588225.1	WP_044284819.1
OG0000132	WP_011205939.1	WP_011205939.1
OG0000133	WP_094521764.1	WP_011206123.1
OG0000134	WP_308507044.1	WP_011206122.1
OG0000135	WP_160585148.1	WP_011206120.1
OG0000136	WP_011206119.1	WP_011206119.1
OG0000137	WP_404924396.1	WP_011206113.1
OG0000138	WP_404924401.1	WP_011206106.1
OG0000139	WP_011290017.1	WP_011206102.1
OG0000140	WP_011206101.1	WP_011206101.1
OG0000141	WP_146379698.1	WP_044284804.1
OG0000142	WP_011284289.1	WP_011206395.1
OG0000143	WP_011206391.1	WP_011206391.1
OG0000144	WP_404924284.1	WP_011206389.1
OG0000145	WP_225972996.1	WP_173670097.1
OG0000146	WP_011206385.1	WP_011206385.1
OG0000147	WP_011206384.1	WP_011206384.1
OG0000148	WP_041361684.1	WP_011206381.1
OG0000149	WP_011290331.1	WP_011206379.1
OG0000150	WP_135619006.1	WP_011206376.1
OG0000151	WP_404924277.1	WP_011206349.1
OG0000152	WP_404924276.1	WP_011206348.1
OG0000153	WP_233688497.1	WP_011206347.1
OG0000154	WP_160587842.1	WP_011206345.1
OG0000155	WP_020835820.1	WP_011206337.1
OG0000156	WP_011206335.1	WP_011206335.1
OG0000157	WP_011206334.1	WP_011206334.1
OG0000158	WP_404924268.1	WP_011206332.1
OG0000159	WP_011206289.1	WP_011206289.1
OG0000160	WP_179221158.1	WP_044284799.1
OG0000161	WP_011206287.1	WP_011206287.1
OG0000162	WP_135619210.1	WP_081430781.1
OG0000163	WP_404924246.1	WP_011206284.1
OG0000164	WP_348572081.1	WP_011206143.1
OG0000165	WP_011206200.1	WP_011206200.1
OG0000166	WP_160590029.1	WP_011206204.1
OG0000167	WP_011206207.1	WP_011206207.1
OG0000168	WP_404924203.1	WP_044284793.1
OG0000169	WP_002557698.1	WP_002557698.1
OG0000170	WP_020835862.1	WP_011206420.1
OG0000171	WP_404924298.1	WP_011206422.1
OG0000172	WP_011206424.1	WP_011206424.1
OG0000173	WP_011206425.1	WP_011206425.1
OG0000174	WP_160600929.1	WP_011206426.1
OG0000175	WP_404924532.1	WP_011206429.1
OG0000176	WP_160585271.1	WP_011206439.1
OG0000177	WP_160585273.1	WP_011206440.1
OG0000178	WP_160585275.1	WP_011206441.1
OG0000179	WP_020835880.1	WP_011206444.1
OG0000180	WP_081642895.1	WP_011206445.1
OG0000181	WP_020835888.1	WP_020835888.1
OG0000182	WP_011206453.1	WP_011206453.1
OG0000183	WP_011206459.1	WP_011206459.1
OG0000184	WP_160585238.1	WP_011206468.1
OG0000185	WP_146379740.1	WP_011206465.1
OG0000186	WP_020835656.1	WP_011205937.1
OG0000187	WP_011284055.1	WP_011205934.1
OG0000188	WP_011205932.1	WP_011205932.1
OG0000189	WP_160607686.1	WP_011206257.1
OG0000190	WP_011206256.1	WP_011206256.1
OG0000191	WP_020835755.1	WP_011206251.1
OG0000192	WP_160587990.1	WP_011205992.1
OG0000193	WP_094521610.1	WP_011283999.1
OG0000194	WP_011290023.1	WP_011206096.1
OG0000195	WP_094521583.1	WP_011206095.1
OG0000196	WP_020835573.1	WP_011206091.1
OG0000197	WP_404924405.1	WP_011206090.1
OG0000198	WP_011283930.1	WP_011206087.1
OG0000199	WP_011206086.1	WP_011206086.1
OG0000200	WP_160588272.1	WP_011206084.1
OG0000201	WP_404924407.1	WP_044284824.1
OG0000202	WP_011290039.1	WP_011206073.1
OG0000203	WP_011206072.1	WP_088172533.1
OG0000204	WP_011206071.1	WP_011206071.1
OG0000205	WP_404924414.1	WP_011206070.1
OG0000206	WP_011290044.1	WP_011206066.1
OG0000207	WP_011206063.1	WP_011206063.1
OG0000208	WP_011290046.1	WP_011206062.1
OG0000209	WP_011206061.1	WP_011206061.1
OG0000210	WP_404924418.1	WP_011206052.1
OG0000211	WP_011290054.1	WP_011206050.1
OG0000212	WP_011206048.1	WP_011206048.1
OG0000213	WP_011283963.1	WP_011283963.1
OG0000214	WP_011206047.1	WP_011206047.1
OG0000215	WP_011290055.1	WP_011206046.1
OG0000216	WP_014579616.1	WP_011206045.1
OG0000217	WP_404924419.1	WP_011206044.1
OG0000218	WP_011290058.1	WP_011206042.1
OG0000219	WP_011206041.1	WP_011206041.1
OG0000220	WP_020835592.1	WP_011206040.1
OG0000221	WP_011206039.1	WP_011206039.1
OG0000222	WP_011206038.1	WP_011206038.1
OG0000223	WP_404924420.1	WP_011206037.1
OG0000224	WP_011206035.1	WP_011206035.1
OG0000225	WP_020835596.1	WP_011206033.1
OG0000226	WP_011206032.1	WP_011206032.1
OG0000227	WP_011290064.1	WP_011206031.1
OG0000228	WP_404924421.1	WP_011206030.1
OG0000229	WP_011206028.1	WP_011206028.1
OG0000230	WP_011206027.1	WP_011206027.1
OG0000231	WP_011206025.1	WP_011206025.1
OG0000232	WP_014579601.1	WP_014579601.1
OG0000233	WP_233688672.1	WP_011206018.1
OG0000234	WP_404924425.1	WP_044284822.1
OG0000235	WP_011290078.1	WP_011206009.1
OG0000236	WP_011283989.1	WP_011206008.1
OG0000237	WP_404924426.1	WP_011206007.1
OG0000238	WP_011206006.1	WP_011206006.1
OG0000239	WP_011290347.1	WP_011206399.1
OG0000240	WP_020835851.1	WP_011206400.1
OG0000241	WP_135619036.1	WP_011206402.1
OG0000242	WP_020835854.1	WP_011206403.1
OG0000243	WP_011290352.1	WP_011206404.1
OG0000244	WP_041361690.1	WP_011206406.1
OG0000245	WP_404924288.1	WP_011206408.1
OG0000246	WP_050195463.1	WP_232039502.1
OG0000247	WP_404924356.1	WP_011205869.1
OG0000248	WP_146379774.1	WP_011205871.1
OG0000249	WP_404924357.1	WP_011205872.1
OG0000250	WP_011289957.1	WP_011205875.1
OG0000251	WP_347952354.1	WP_011205881.1
OG0000252	WP_011205883.1	WP_011205883.1
OG0000253	WP_160606527.1	WP_011205884.1
OG0000254	WP_160584767.1	WP_011205886.1
OG0000255	WP_014579550.1	WP_011205888.1
OG0000256	WP_011205889.1	WP_011205889.1
OG0000257	WP_011289973.1	WP_011205894.1
OG0000258	WP_011283871.1	WP_011283871.1
OG0000259	WP_404924364.1	WP_232039509.1
OG0000260	WP_404924365.1	WP_011205903.1
OG0000261	WP_404924542.1	WP_011205905.1
OG0000262	WP_135618519.1	WP_011205909.1
OG0000263	WP_011283885.1	WP_011205912.1
OG0000264	WP_404924371.1	WP_011205916.1
OG0000265	WP_404924372.1	WP_044284579.1
OG0000266	WP_011205923.1	WP_011205923.1
OG0000267	WP_146379477.1	WP_044284773.1
OG0000268	WP_404924385.1	WP_011206137.1
OG0000269	WP_011206134.1	WP_011206134.1
OG0000270	WP_404924335.1	WP_011206505.1
OG0000271	WP_404924334.1	WP_011206504.1
OG0000272	WP_011284373.1	WP_011206503.1
OG0000273	WP_404924333.1	WP_011206502.1
OG0000274	WP_011290423.1	WP_044284809.1
OG0000275	WP_228366117.1	WP_238374142.1
OG0000276	WP_011290421.1	WP_011206496.1
OG0000277	WP_011206494.1	WP_011206494.1
OG0000278	WP_160588182.1	WP_011206493.1
OG0000279	WP_404924043.1	WP_011206491.1
OG0000280	WP_011206490.1	WP_011206490.1
OG0000281	WP_014580012.1	WP_014580012.1
OG0000282	WP_404924327.1	WP_011206486.1
OG0000283	WP_160584907.1	WP_011206485.1
OG0000284	WP_011206484.1	WP_011206484.1
OG0000285	WP_404924325.1	WP_011206483.1
OG0000286	WP_146379652.1	WP_011206282.1
OG0000287	WP_011206297.1	WP_011206297.1
OG0000288	WP_011206299.1	WP_011206299.1
OG0000289	WP_404924251.1	WP_011206300.1
OG0000290	WP_011290297.1	WP_011206322.1
OG0000291	WP_011206320.1	WP_011206320.1
OG0000292	WP_404924261.1	WP_011206319.1
OG0000293	WP_404924260.1	WP_011206318.1
OG0000294	WP_404924259.1	WP_011206316.1
OG0000295	WP_404924258.1	WP_011206315.1
OG0000296	WP_404924255.1	WP_011206307.1
OG0000297	WP_146379664.1	WP_011206306.1
OG0000298	WP_160606533.1	WP_011205874.1
OG0000299	WP_094521545.1	WP_011205878.1
OG0000300	WP_041361533.1	WP_041361533.1
OG0000301	WP_135618529.1	WP_011205924.1
OG0000302	WP_011205925.1	WP_011205925.1
OG0000303	WP_146379484.1	WP_011206118.1
OG0000304	WP_220190741.1	WP_011283978.1
OG0000305	WP_404924282.1	WP_011206386.1
OG0000306	WP_146379686.1	WP_011206354.1
OG0000307	WP_404924275.1	WP_011206346.1
OG0000308	WP_020835811.1	WP_011206326.1
OG0000309	WP_011206313.1	WP_011206313.1
OG0000310	WP_011206298.1	WP_011206298.1
OG0000311	WP_011206293.1	WP_011206293.1
OG0000312	WP_041361671.1	WP_011206290.1
OG0000313	WP_011206141.1	WP_011206141.1
OG0000314	WP_404924483.1	WP_011206203.1
OG0000315	WP_011290197.1	WP_011206209.1
OG0000316	WP_404924204.1	WP_011206211.1
OG0000317	WP_135618864.1	WP_011206230.1
OG0000318	WP_404924205.1	WP_011206212.1
OG0000319	WP_135618880.1	WP_011206241.1
OG0000320	WP_404924234.1	WP_088172540.1
OG0000321	WP_011205969.1	WP_011205969.1
OG0000322	WP_020835642.1	WP_011205960.1
OG0000323	WP_160588227.1	WP_011205940.1
OG0000324	WP_011290222.1	WP_011206250.1
OG0000325	WP_011206094.1	WP_011206094.1
OG0000326	WP_404924411.1	WP_088172534.1
OG0000327	WP_160584807.1	WP_011206076.1
OG0000328	WP_041361583.1	WP_011206060.1
OG0000329	WP_225973017.1	WP_011206056.1
OG0000330	WP_011206016.1	WP_011206016.1
OG0000331	WP_146379704.1	WP_011206405.1
OG0000332	WP_011290372.1	WP_011206431.1
OG0000333	WP_011206433.1	WP_011206433.1
OG0000334	WP_020835889.1	WP_011206452.1
OG0000335	WP_041361699.1	WP_011206454.1
OG0000336	WP_011206488.1	WP_011206488.1
OG0000337	WP_050195472.1	WP_011206520.1
OG0000338	WP_014580051.1	WP_014580051.1
OG0000339	WP_404924230.1	WP_011206265.1
OG0000340	WP_146379551.1	WP_011205973.1
OG0000341	WP_011290226.1	WP_011206255.1
OG0000342	WP_011290029.1	WP_044284780.1
OG0000343	WP_011206435.1	WP_011206435.1
OG0000344	WP_404924394.1	WP_011206115.1
OG0000345	WP_014579611.1	WP_014579611.1
OG0000346	WP_232039558.1	WP_232039558.1
OG0000347	WP_011205955.1	WP_241499459.1
OG0000348	WP_404924412.1	WP_232039585.1
OG0000349	WP_404924332.1	WP_011206501.1
OG0000350	WP_404924274.1	WP_044284839.1
OG0000351	WP_011206131.1	WP_011206131.1
OG0000352	WP_404924481.1	WP_011206199.1
OG0000353	WP_404924440.1	WP_044284774.1
OG0000354	WP_404924550.1	WP_232039591.1
OG0000355	WP_011206194.1	WP_011206194.1
OG0000356	WP_404924505.1	WP_232039529.1
OG0000357	WP_404924531.1	WP_228366113.1
OG0000358	WP_404924299.1	WP_011206428.1
OG0000359	WP_192894285.1	WP_241499460.1
OG0000360	WP_404924361.1	WP_225973008.1
OG0000361	WP_011289979.1	WP_011205900.1
OG0000362	WP_094521719.1	WP_011206302.1
OG0000363	WP_233417364.1	WP_318023859.1
OG0000364	WP_044272453.1	WP_011206191.1, WP_173670107.1
OG0000365	WP_404924207.1	WP_011206219.1
OG0000366	WP_146379594.1	WP_011206224.1
OG0000367	WP_404924210.1	WP_044284794.1
OG0000368	WP_011289935.1	WP_011205851.1
OG0000369	WP_404924349.1	WP_011205844.1
OG0000370	WP_044272260.1	WP_011205843.1
OG0000371	WP_044272256.1	WP_011205842.1
OG0000372	WP_135618439.1	WP_011205841.1
OG0000373	WP_404924348.1	WP_011206526.1
OG0000374	WP_404924346.1	WP_011206524.1
OG0000375	WP_146379628.1	WP_011206240.1
OG0000376	WP_404924237.1	WP_011206273.1
OG0000377	WP_011206271.1	WP_011206271.1
OG0000378	WP_404924557.1	WP_011205977.1
OG0000379	WP_011205962.1	WP_011205962.1
OG0000380	WP_404924442.1	WP_088172537.1
OG0000381	WP_404924443.1	WP_011205949.1
OG0000382	WP_404924558.1	WP_011205943.1
OG0000383	WP_014579735.1	WP_011205941.1
OG0000384	WP_404924391.1	WP_044284784.1
OG0000385	WP_044272311.1	WP_011206125.1
OG0000386	WP_011290004.1	WP_011206121.1
OG0000387	WP_404924392.1	WP_011206117.1
OG0000388	WP_404924393.1	WP_011206116.1
OG0000389	WP_020835565.1	WP_011206107.1
OG0000390	WP_011290340.1	WP_011206390.1
OG0000391	WP_404924283.1	WP_011206388.1
OG0000392	WP_404924281.1	WP_011206383.1
OG0000393	WP_404924279.1	WP_088172512.1
OG0000394	WP_011284253.1	WP_011206339.1
OG0000395	WP_404924270.1	WP_011206338.1
OG0000396	WP_020835781.1	WP_011206283.1
OG0000397	WP_011206196.1	WP_011206196.1
OG0000398	WP_146379611.1	WP_011206197.1
OG0000399	WP_348571612.1	WP_011206206.1
OG0000400	WP_404924530.1	WP_011206419.1
OG0000401	WP_404924302.1	WP_011206432.1
OG0000402	WP_404924303.1	WP_088172514.1
OG0000403	WP_404924022.1	WP_011206436.1
OG0000405	WP_160585278.1	WP_081430784.1
OG0000406	WP_404924308.1	WP_088172518.1
OG0000407	WP_404924309.1	WP_011206456.1
OG0000408	WP_404924310.1	WP_011206457.1
OG0000409	WP_011206458.1	WP_011206458.1
OG0000410	WP_404924318.1	WP_011206469.1
OG0000411	WP_404924317.1	WP_011206467.1
OG0000412	WP_404924316.1	WP_088172519.1
OG0000413	WP_146379568.1	WP_011205938.1
OG0000414	WP_011290131.1	WP_011205936.1
OG0000415	WP_404924448.1	WP_011205935.1
OG0000416	WP_404924449.1	WP_011205933.1
OG0000417	WP_404924514.1	WP_011206253.1
OG0000418	WP_404924512.1	WP_232039535.1
OG0000419	WP_020835572.1	WP_011206092.1
OG0000420	WP_020835574.1	WP_011206085.1
OG0000421	WP_011290034.1	WP_011206080.1
OG0000422	WP_020835580.1	WP_011206078.1
OG0000423	WP_404924415.1	WP_011206068.1
OG0000424	WP_135618587.1	WP_011206067.1
OG0000425	WP_011283949.1	WP_011206065.1
OG0000426	WP_011206064.1	WP_011206064.1
OG0000427	WP_135618593.1	WP_011206059.1
OG0000429	WP_011206036.1	WP_011206036.1
OG0000430	WP_146379523.1	WP_011206026.1
OG0000431	WP_146379524.1	WP_011206024.1
OG0000432	WP_404924424.1	WP_011206017.1
OG0000433	WP_160606761.1	WP_011206014.1
OG0000434	WP_160606763.1	WP_011206013.1
OG0000435	WP_011290077.1	WP_011206010.1
OG0000436	WP_011206005.1	WP_011206005.1
OG0000437	WP_020835616.1	WP_011206003.1
OG0000438	WP_404924427.1	WP_011206002.1
OG0000439	WP_404924428.1	WP_011206001.1
OG0000440	WP_020835852.1	WP_011206401.1
OG0000441	WP_404924290.1	WP_011206409.1
OG0000442	WP_404924355.1	WP_011205868.1
OG0000443	WP_044272282.1	WP_011205877.1
OG0000444	WP_011205880.1	WP_011205880.1
OG0000445	WP_404924360.1	WP_011205885.1
OG0000446	WP_135618497.1	WP_011205891.1
OG0000447	WP_044284573.1	WP_011205892.1
OG0000448	WP_404924362.1	WP_011205897.1
OG0000449	WP_348571941.1	WP_011205902.1
OG0000450	WP_404924074.1	WP_011205904.1
OG0000451	WP_404924370.1	WP_011205913.1
OG0000452	WP_011205921.1	WP_011205921.1
OG0000453	WP_404924386.1	WP_011206136.1
OG0000454	WP_404924547.1	WP_011206370.1
OG0000455	WP_404924337.1	WP_011206509.1
OG0000456	WP_011206487.1	WP_011206487.1
OG0000457	WP_404924500.1	WP_011206482.1
OG0000458	WP_020835790.1	WP_011206296.1
OG0000459	WP_404924252.1	WP_011206301.1
OG0000460	WP_404924253.1	WP_011206303.1
OG0000461	WP_404924496.1	WP_011206312.1
OG0000462	WP_011206311.1	WP_011206311.1
OG0000463	WP_011206310.1	WP_011206310.1
OG0000464	WP_011206309.1	WP_011206309.1
OG0000465	WP_404924256.1	WP_011206308.1
OG0000466	WP_011205922.1	WP_011205922.1
OG0000467	WP_404924266.1	WP_011206328.1
OG0000468	WP_404924484.1	WP_011206205.1
OG0000469	WP_014579824.1	WP_011206217.1
OG0000470	WP_011206069.1	WP_011206069.1
OG0000471	WP_044272348.1	WP_011206053.1
OG0000472	WP_404924319.1	WP_011206471.1
OG0000474	WP_404924336.1	WP_011206507.1
OG0000475	WP_160584892.1	WP_011206508.1
OG0000476	WP_011205931.1	WP_011205931.1
OG0000477	WP_135618962.1	WP_011206317.1
OG0000478	WP_404924331.1	WP_011206495.1
OG0000479	WP_404924439.1	WP_011205970.1
OG0000480	WP_011206218.1	WP_011206218.1
OG0000481	WP_044272343.1	WP_052259123.1
OG0000482	WP_404924553.1	WP_088172530.1
OG0000483	WP_404924211.1	WP_011206227.1
OG0000484	WP_404924359.1	WP_228365405.1
OG0000485	WP_020835615.1	WP_011206004.1
OG0000486	WP_011290228.1	WP_011206258.1
OG0000488	WP_020835728.1	WP_011206221.1
OG0000490	WP_011206527.1	WP_011206527.1
OG0000491	WP_160588241.1	WP_011205966.1
OG0000492	WP_146379559.1	WP_011205951.1
OG0000493	WP_404924395.1	WP_011206114.1
OG0000494	WP_404924551.1	WP_052259117.1
OG0000496	WP_011206375.1	WP_011206375.1
OG0000497	WP_014579936.1	WP_011206374.1
OG0000498	WP_011290314.1	WP_011206340.1
OG0000499	WP_020835817.1	WP_011206333.1
OG0000500	WP_146379610.1	WP_011206198.1
OG0000501	WP_404924297.1	WP_011206421.1
OG0000504	WP_404924485.1	WP_011283955.1
OG0000505	WP_146379519.1	WP_011206051.1
OG0000506	WP_011206049.1	WP_011206049.1
OG0000507	WP_020835590.1	WP_011206043.1
OG0000508	WP_404924540.1	WP_011205890.1
OG0000509	WP_020835518.1	WP_011205896.1
OG0000510	WP_404924363.1	WP_011205898.1
OG0000511	WP_011206135.1	WP_011206135.1
OG0000512	WP_404924254.1	WP_011206304.1
OG0000513	WP_160585582.1	WP_011206492.1
OG0000514	WP_404924527.1	WP_011206382.1
OG0000517	WP_011283834.1	WP_011283834.1
OG0000518	WP_404924301.1	WP_011206430.1
OG0000520	WP_404924090.1	WP_011206055.1
OG0000521	WP_404924541.1	WP_011205893.1
OG0000523	WP_404924324.1	WP_044284849.1
OG0000524	WP_404924265.1	WP_088172548.1
OG0000525	WP_404924320.1	WP_011206472.1
OG0000526	WP_404924477.1, WP_011290177.1	WP_232039525.1
OG0000527	WP_404924472.1	WP_011206174.1
OG0000531	WP_020835645.1	WP_011205956.1
OG0000532	WP_404924453.1, WP_404924454.1	WP_011206148.1
OG0000533	WP_404924398.1	WP_011206110.1
OG0000538	WP_020835608.1	WP_011206012.1
OG0000540	WP_404924523.1	WP_011206321.1
OG0000543	WP_044889050.1	WP_044284843.1
OG0000544	WP_404924555.1	WP_014579703.1
OG0000545	WP_404924475.1	WP_011206184.1
OG0000546	WP_160585684.1	WP_011206350.1
OG0000551	WP_404924287.1	WP_011206407.1
OG0000553	WP_404924267.1	WP_011206330.1
OG0000554	WP_404924240.1	WP_011206277.1
OG0000555	WP_308507032.1	WP_011206393.1
OG0000556	WP_404924376.1	WP_011206359.1
OG0000557	WP_146379545.1	WP_011205983.1
OG0000558	WP_404924432.1	WP_011205989.1
OG0000559	WP_011206161.1	WP_011206161.1
OG0000560	WP_011284100.1	WP_011206182.1
OG0000561	WP_011290073.1	WP_011206015.1
OG0000562	WP_146379618.1	WP_011206183.1
OG0000563	WP_160587877.1	WP_011206180.1
OG0000564	WP_041361605.1	WP_014579710.1
OG0000565	WP_011290181.1	WP_011206190.1
OG0000566	WP_404924480.1	WP_238374145.1
OG0000567	WP_404924476.1	WP_011206185.1
OG0000568	WP_044272325.1	WP_011206097.1
OG0000569	WP_404924433.1	WP_011205988.1
OG0000570	WP_011290093.1	WP_011205987.1
OG0000571	WP_011205986.1	WP_011205986.1
OG0000572	WP_160585558.1	WP_011205982.1
OG0000573	WP_404924463.1	WP_011206160.1
OG0000574	WP_014579714.1	WP_044284820.1
OG0000576	WP_011290145.1	WP_011206153.1
OG0000577	WP_011290300.1	WP_011290300.1
OG0000578	WP_160585659.1	WP_011206329.1
OG0000579	WP_146379623.1	WP_011206178.1
OG0000580	WP_041361798.1	WP_011206351.1
OG0000581	WP_404924473.1	WP_011206175.1
OG0000582	WP_404924434.1	WP_011205984.1
OG0000583	WP_404924462.1	WP_011206158.1
OG0000584	WP_160584947.1	WP_011206363.1
OG0000586	WP_404924460.1	WP_238374144.1
OG0000587	WP_258555257.1	WP_173670106.1
OG0000588	WP_404924457.1	WP_173670105.1
OG0000590	WP_404924380.1	WP_228365397.1
OG0000591	WP_258555396.1	WP_165255037.1
OG0000593	WP_404924339.1	WP_011206512.1
OG0000594	WP_404924554.1	WP_044284777.1
OG0000596	WP_404924563.1	WP_011206168.1
OG0000598	WP_404924468.1	WP_011206169.1
OG0000599	WP_011206170.1	WP_011206170.1
OG0000600	WP_160584945.1	WP_088172527.1
OG0000603	WP_135618745.1	WP_011206361.1
OG0000604	WP_258555242.1	WP_269076338.1
OG0000605	WP_404924378.1	WP_011206360.1
OG0000607	WP_160587988.1	WP_158209054.1
OG0000610	WP_269076320.1	WP_258556638.1
OG0000611	WP_225973003.1	WP_232039500.1
OG0000612	WP_404924564.1	WP_232039520.1
OG0000615	WP_044272557.1	WP_011206331.1
OG0000616	WP_011206358.1	WP_011206358.1
OG0000620	WP_143826160.1	WP_158209057.1
