2011/06/27 11:40:56
free memory: 15,120
2011/06/27 11:40:56
allocated memory: 15,872
2011/06/27 11:40:56
max memory: 253,440
2011/06/27 11:40:56
total free memory: 252,688
2011/06/27 11:40:57
<?xml version="1.0" encoding="UTF-8"?>
<BRIG blastOptions="" legendPosition="upper-right">
  <cgview_settings arrowheadLength="medium" backboneColor="black" backboneRadius="600" backboneThickness="medium" backgroundColor="white" borderColor="black" featureSlotSpacing="medium" featureThickness="30" giveFeaturePositions="false" globalLabel="true" height="2000" isLinear="false" labelFont="SansSerif,plain,25" labelLineLength="medium" labelLineThickness="medium" labelPlacementQuality="best" labelsToKeep="1000" longTickColor="black" minimumFeatureLength="medium" moveInnerLabelsToOuter="true" origin="12" rulerFont="SansSerif,plain,35" rulerFontColor="black" rulerPadding="40" rulerUnits="bases" shortTickColor="black" shortTickThickness="medium" showBorder="false" showShading="true" showWarning="false" tickDensity="0.2333" tickThickness="medium" titleFont="SansSerif,plain,45" titleFontColor="black" useColoredLabelBackgrounds="false" useInnerLabels="true" warningFont="Default,plain,35" warningFontColor="black" width="2000" zeroTickColor="black" tickLength="medium" />
  <brig_settings Ring1="172,14,225" Ring2="222,149,220" Ring3="161,221,231" Ring4="49,34,221" Ring5="116,152,226" Ring6="224,206,38" Ring7="40,191,140" Ring8="158,223,139" Ring9="226,38,122" Ring10="211,41,77" defaultUpper="70" defaultLower="50" defaultMinimum="50" genbankFiles="gbk,gb,genbank" fastaFiles="fna,faa,fas,fasta,fa" emblFiles="embl" blastLocation="" divider="3" multiplier="3" memory="1500" defaultSpacer="0" />
  <special value="GC Content" />
  <special value="GC Skew" />
</BRIG>

2011/06/27 11:41:00
<?xml version="1.0" encoding="UTF-8"?>
<BRIG blastOptions="" legendPosition="upper-right">
  <cgview_settings arrowheadLength="medium" backboneColor="black" backboneRadius="600" backboneThickness="medium" backgroundColor="white" borderColor="black" featureSlotSpacing="medium" featureThickness="30" giveFeaturePositions="false" globalLabel="true" height="2000" isLinear="false" labelFont="SansSerif,plain,25" labelLineLength="medium" labelLineThickness="medium" labelPlacementQuality="best" labelsToKeep="1000" longTickColor="black" minimumFeatureLength="medium" moveInnerLabelsToOuter="true" origin="12" rulerFont="SansSerif,plain,35" rulerFontColor="black" rulerPadding="40" rulerUnits="bases" shortTickColor="black" shortTickThickness="medium" showBorder="false" showShading="true" showWarning="false" tickDensity="0.2333" tickThickness="medium" titleFont="SansSerif,plain,45" titleFontColor="black" useColoredLabelBackgrounds="false" useInnerLabels="true" warningFont="Default,plain,35" warningFontColor="black" width="2000" zeroTickColor="black" tickLength="medium" />
  <brig_settings Ring1="172,14,225" Ring2="222,149,220" Ring3="161,221,231" Ring4="49,34,221" Ring5="116,152,226" Ring6="224,206,38" Ring7="40,191,140" Ring8="158,223,139" Ring9="226,38,122" Ring10="211,41,77" defaultUpper="70" defaultLower="50" defaultMinimum="50" genbankFiles="gbk,gb,genbank" fastaFiles="fna,faa,fas,fasta,fa" emblFiles="embl" blastLocation="" divider="3" multiplier="3" memory="1500" defaultSpacer="0" />
  <special value="GC Content" />
  <special value="GC Skew" />
</BRIG>

2011/06/27 11:41:03
<?xml version="1.0" encoding="UTF-8"?>
<BRIG blastOptions="" legendPosition="upper-right" queryFile="C:\BRIG_examples\Chapter5_6_8_wholeGenomeExamples" outputFolder="">
  <cgview_settings arrowheadLength="medium" backboneColor="black" backboneRadius="600" backboneThickness="medium" backgroundColor="white" borderColor="black" featureSlotSpacing="medium" featureThickness="30" giveFeaturePositions="false" globalLabel="true" height="2000" isLinear="false" labelFont="SansSerif,plain,25" labelLineLength="medium" labelLineThickness="medium" labelPlacementQuality="best" labelsToKeep="1000" longTickColor="black" minimumFeatureLength="medium" moveInnerLabelsToOuter="true" origin="12" rulerFont="SansSerif,plain,35" rulerFontColor="black" rulerPadding="40" rulerUnits="bases" shortTickColor="black" shortTickThickness="medium" showBorder="false" showShading="true" showWarning="false" tickDensity="0.2333" tickThickness="medium" titleFont="SansSerif,plain,45" titleFontColor="black" useColoredLabelBackgrounds="false" useInnerLabels="true" warningFont="Default,plain,35" warningFontColor="black" width="2000" zeroTickColor="black" tickLength="medium" />
  <brig_settings Ring1="172,14,225" Ring2="222,149,220" Ring3="161,221,231" Ring4="49,34,221" Ring5="116,152,226" Ring6="224,206,38" Ring7="40,191,140" Ring8="158,223,139" Ring9="226,38,122" Ring10="211,41,77" defaultUpper="70" defaultLower="50" defaultMinimum="50" genbankFiles="gbk,gb,genbank" fastaFiles="fna,faa,fas,fasta,fa" emblFiles="embl" blastLocation="" divider="3" multiplier="3" memory="1500" defaultSpacer="0" />
  <special value="GC Content" />
  <special value="GC Skew" />
  <refDir location="C:\BRIG_examples\Chapter5_6_8_wholeGenomeExamples">
    <refFile location="C:\BRIG_examples\Chapter5_6_8_wholeGenomeExamples\BRIGExample.fna" />
    <refFile location="C:\BRIG_examples\Chapter5_6_8_wholeGenomeExamples\BRIGExample.graph" />
    <refFile location="C:\BRIG_examples\Chapter5_6_8_wholeGenomeExamples\Ecoli_O126.fna" />
    <refFile location="C:\BRIG_examples\Chapter5_6_8_wholeGenomeExamples\EHEC_vir.fna" />
    <refFile location="C:\BRIG_examples\Chapter5_6_8_wholeGenomeExamples\E_coli_CFT073.fna" />
    <refFile location="C:\BRIG_examples\Chapter5_6_8_wholeGenomeExamples\E_coli_HS.fna" />
    <refFile location="C:\BRIG_examples\Chapter5_6_8_wholeGenomeExamples\E_coli_K12MG1655.fna" />
    <refFile location="C:\BRIG_examples\Chapter5_6_8_wholeGenomeExamples\E_coli_O157H7Sakai.gbk" />
    <refFile location="C:\BRIG_examples\Chapter5_6_8_wholeGenomeExamples\E_coli_UTI89.fna" />
  </refDir>
</BRIG>

2011/06/27 11:41:10
<?xml version="1.0" encoding="UTF-8"?>
<BRIG blastOptions="" legendPosition="upper-right" queryFile="C:\BRIG_examples\Chapter5_6_8_wholeGenomeExamples\E_coli_O157H7Sakai.gbk" outputFolder="C:\BRIG_examples\Chapter5_6_8_wholeGenomeExamples" blastPlus="yes">
  <cgview_settings arrowheadLength="medium" backboneColor="black" backboneRadius="600" backboneThickness="medium" backgroundColor="white" borderColor="black" featureSlotSpacing="medium" featureThickness="30" giveFeaturePositions="false" globalLabel="true" height="2000" isLinear="false" labelFont="SansSerif,plain,25" labelLineLength="medium" labelLineThickness="medium" labelPlacementQuality="best" labelsToKeep="1000" longTickColor="black" minimumFeatureLength="medium" moveInnerLabelsToOuter="true" origin="12" rulerFont="SansSerif,plain,35" rulerFontColor="black" rulerPadding="40" rulerUnits="bases" shortTickColor="black" shortTickThickness="medium" showBorder="false" showShading="true" showWarning="false" tickDensity="0.2333" tickThickness="medium" titleFont="SansSerif,plain,45" titleFontColor="black" useColoredLabelBackgrounds="false" useInnerLabels="true" warningFont="Default,plain,35" warningFontColor="black" width="2000" zeroTickColor="black" tickLength="medium" />
  <brig_settings Ring1="172,14,225" Ring2="222,149,220" Ring3="161,221,231" Ring4="49,34,221" Ring5="116,152,226" Ring6="224,206,38" Ring7="40,191,140" Ring8="158,223,139" Ring9="226,38,122" Ring10="211,41,77" defaultUpper="70" defaultLower="50" defaultMinimum="50" genbankFiles="gbk,gb,genbank" fastaFiles="fna,faa,fas,fasta,fa" emblFiles="embl" blastLocation="" divider="3" multiplier="3" memory="1500" defaultSpacer="0" />
  <special value="GC Content" />
  <special value="GC Skew" />
  <refDir location="C:\BRIG_examples\Chapter5_6_8_wholeGenomeExamples">
    <refFile location="C:\BRIG_examples\Chapter5_6_8_wholeGenomeExamples\BRIGExample.fna" />
    <refFile location="C:\BRIG_examples\Chapter5_6_8_wholeGenomeExamples\BRIGExample.graph" />
    <refFile location="C:\BRIG_examples\Chapter5_6_8_wholeGenomeExamples\Ecoli_O126.fna" />
    <refFile location="C:\BRIG_examples\Chapter5_6_8_wholeGenomeExamples\EHEC_vir.fna" />
    <refFile location="C:\BRIG_examples\Chapter5_6_8_wholeGenomeExamples\E_coli_CFT073.fna" />
    <refFile location="C:\BRIG_examples\Chapter5_6_8_wholeGenomeExamples\E_coli_HS.fna" />
    <refFile location="C:\BRIG_examples\Chapter5_6_8_wholeGenomeExamples\E_coli_K12MG1655.fna" />
    <refFile location="C:\BRIG_examples\Chapter5_6_8_wholeGenomeExamples\E_coli_O157H7Sakai.gbk" />
    <refFile location="C:\BRIG_examples\Chapter5_6_8_wholeGenomeExamples\E_coli_UTI89.fna" />
  </refDir>
</BRIG>

2011/06/27 11:41:10
<?xml version="1.0" encoding="UTF-8"?>
<BRIG blastOptions="" legendPosition="upper-right" queryFile="C:\BRIG_examples\Chapter5_6_8_wholeGenomeExamples\E_coli_O157H7Sakai.gbk" outputFolder="C:\BRIG_examples\Chapter5_6_8_wholeGenomeExamples" blastPlus="yes">
  <cgview_settings arrowheadLength="medium" backboneColor="black" backboneRadius="600" backboneThickness="medium" backgroundColor="white" borderColor="black" featureSlotSpacing="medium" featureThickness="30" giveFeaturePositions="false" globalLabel="true" height="2000" isLinear="false" labelFont="SansSerif,plain,25" labelLineLength="medium" labelLineThickness="medium" labelPlacementQuality="best" labelsToKeep="1000" longTickColor="black" minimumFeatureLength="medium" moveInnerLabelsToOuter="true" origin="12" rulerFont="SansSerif,plain,35" rulerFontColor="black" rulerPadding="40" rulerUnits="bases" shortTickColor="black" shortTickThickness="medium" showBorder="false" showShading="true" showWarning="false" tickDensity="0.2333" tickThickness="medium" titleFont="SansSerif,plain,45" titleFontColor="black" useColoredLabelBackgrounds="false" useInnerLabels="true" warningFont="Default,plain,35" warningFontColor="black" width="2000" zeroTickColor="black" tickLength="medium" />
  <brig_settings Ring1="172,14,225" Ring2="222,149,220" Ring3="161,221,231" Ring4="49,34,221" Ring5="116,152,226" Ring6="224,206,38" Ring7="40,191,140" Ring8="158,223,139" Ring9="226,38,122" Ring10="211,41,77" defaultUpper="70" defaultLower="50" defaultMinimum="50" genbankFiles="gbk,gb,genbank" fastaFiles="fna,faa,fas,fasta,fa" emblFiles="embl" blastLocation="" divider="3" multiplier="3" memory="1500" defaultSpacer="0" />
  <special value="GC Content" />
  <special value="GC Skew" />
  <refDir location="C:\BRIG_examples\Chapter5_6_8_wholeGenomeExamples">
    <refFile location="C:\BRIG_examples\Chapter5_6_8_wholeGenomeExamples\BRIGExample.fna" />
    <refFile location="C:\BRIG_examples\Chapter5_6_8_wholeGenomeExamples\BRIGExample.graph" />
    <refFile location="C:\BRIG_examples\Chapter5_6_8_wholeGenomeExamples\Ecoli_O126.fna" />
    <refFile location="C:\BRIG_examples\Chapter5_6_8_wholeGenomeExamples\EHEC_vir.fna" />
    <refFile location="C:\BRIG_examples\Chapter5_6_8_wholeGenomeExamples\E_coli_CFT073.fna" />
    <refFile location="C:\BRIG_examples\Chapter5_6_8_wholeGenomeExamples\E_coli_HS.fna" />
    <refFile location="C:\BRIG_examples\Chapter5_6_8_wholeGenomeExamples\E_coli_K12MG1655.fna" />
    <refFile location="C:\BRIG_examples\Chapter5_6_8_wholeGenomeExamples\E_coli_O157H7Sakai.gbk" />
    <refFile location="C:\BRIG_examples\Chapter5_6_8_wholeGenomeExamples\E_coli_UTI89.fna" />
  </refDir>
  <ring position="0" colour="172,14,225" name="null" />
</BRIG>

2011/06/27 11:41:10
<?xml version="1.0" encoding="UTF-8"?>
<BRIG blastOptions="" legendPosition="upper-right" queryFile="C:\BRIG_examples\Chapter5_6_8_wholeGenomeExamples\E_coli_O157H7Sakai.gbk" outputFolder="C:\BRIG_examples\Chapter5_6_8_wholeGenomeExamples" blastPlus="yes">
  <cgview_settings arrowheadLength="medium" backboneColor="black" backboneRadius="600" backboneThickness="medium" backgroundColor="white" borderColor="black" featureSlotSpacing="medium" featureThickness="30" giveFeaturePositions="false" globalLabel="true" height="2000" isLinear="false" labelFont="SansSerif,plain,25" labelLineLength="medium" labelLineThickness="medium" labelPlacementQuality="best" labelsToKeep="1000" longTickColor="black" minimumFeatureLength="medium" moveInnerLabelsToOuter="true" origin="12" rulerFont="SansSerif,plain,35" rulerFontColor="black" rulerPadding="40" rulerUnits="bases" shortTickColor="black" shortTickThickness="medium" showBorder="false" showShading="true" showWarning="false" tickDensity="0.2333" tickThickness="medium" titleFont="SansSerif,plain,45" titleFontColor="black" useColoredLabelBackgrounds="false" useInnerLabels="true" warningFont="Default,plain,35" warningFontColor="black" width="2000" zeroTickColor="black" tickLength="medium" />
  <brig_settings Ring1="172,14,225" Ring2="222,149,220" Ring3="161,221,231" Ring4="49,34,221" Ring5="116,152,226" Ring6="224,206,38" Ring7="40,191,140" Ring8="158,223,139" Ring9="226,38,122" Ring10="211,41,77" defaultUpper="70" defaultLower="50" defaultMinimum="50" genbankFiles="gbk,gb,genbank" fastaFiles="fna,faa,fas,fasta,fa" emblFiles="embl" blastLocation="" divider="3" multiplier="3" memory="1500" defaultSpacer="0" />
  <special value="GC Content" />
  <special value="GC Skew" />
  <refDir location="C:\BRIG_examples\Chapter5_6_8_wholeGenomeExamples">
    <refFile location="C:\BRIG_examples\Chapter5_6_8_wholeGenomeExamples\BRIGExample.fna" />
    <refFile location="C:\BRIG_examples\Chapter5_6_8_wholeGenomeExamples\BRIGExample.graph" />
    <refFile location="C:\BRIG_examples\Chapter5_6_8_wholeGenomeExamples\Ecoli_O126.fna" />
    <refFile location="C:\BRIG_examples\Chapter5_6_8_wholeGenomeExamples\EHEC_vir.fna" />
    <refFile location="C:\BRIG_examples\Chapter5_6_8_wholeGenomeExamples\E_coli_CFT073.fna" />
    <refFile location="C:\BRIG_examples\Chapter5_6_8_wholeGenomeExamples\E_coli_HS.fna" />
    <refFile location="C:\BRIG_examples\Chapter5_6_8_wholeGenomeExamples\E_coli_K12MG1655.fna" />
    <refFile location="C:\BRIG_examples\Chapter5_6_8_wholeGenomeExamples\E_coli_O157H7Sakai.gbk" />
    <refFile location="C:\BRIG_examples\Chapter5_6_8_wholeGenomeExamples\E_coli_UTI89.fna" />
  </refDir>
  <ring position="0" colour="172,14,225" name="null" />
</BRIG>

2011/06/27 11:41:16
<?xml version="1.0" encoding="UTF-8"?>
<BRIG blastOptions="" legendPosition="upper-right" queryFile="C:\BRIG_examples\Chapter5_6_8_wholeGenomeExamples\E_coli_O157H7Sakai.gbk" outputFolder="C:\BRIG_examples\Chapter5_6_8_wholeGenomeExamples" blastPlus="yes">
  <cgview_settings arrowheadLength="medium" backboneColor="black" backboneRadius="600" backboneThickness="medium" backgroundColor="white" borderColor="black" featureSlotSpacing="medium" featureThickness="30" giveFeaturePositions="false" globalLabel="true" height="2000" isLinear="false" labelFont="SansSerif,plain,25" labelLineLength="medium" labelLineThickness="medium" labelPlacementQuality="best" labelsToKeep="1000" longTickColor="black" minimumFeatureLength="medium" moveInnerLabelsToOuter="true" origin="12" rulerFont="SansSerif,plain,35" rulerFontColor="black" rulerPadding="40" rulerUnits="bases" shortTickColor="black" shortTickThickness="medium" showBorder="false" showShading="true" showWarning="false" tickDensity="0.2333" tickThickness="medium" titleFont="SansSerif,plain,45" titleFontColor="black" useColoredLabelBackgrounds="false" useInnerLabels="true" warningFont="Default,plain,35" warningFontColor="black" width="2000" zeroTickColor="black" tickLength="medium" />
  <brig_settings Ring1="172,14,225" Ring2="222,149,220" Ring3="161,221,231" Ring4="49,34,221" Ring5="116,152,226" Ring6="224,206,38" Ring7="40,191,140" Ring8="158,223,139" Ring9="226,38,122" Ring10="211,41,77" defaultUpper="70" defaultLower="50" defaultMinimum="50" genbankFiles="gbk,gb,genbank" fastaFiles="fna,faa,fas,fasta,fa" emblFiles="embl" blastLocation="" divider="3" multiplier="3" memory="1500" defaultSpacer="0" />
  <special value="GC Content" />
  <special value="GC Skew" />
  <refDir location="C:\BRIG_examples\Chapter5_6_8_wholeGenomeExamples">
    <refFile location="C:\BRIG_examples\Chapter5_6_8_wholeGenomeExamples\BRIGExample.fna" />
    <refFile location="C:\BRIG_examples\Chapter5_6_8_wholeGenomeExamples\BRIGExample.graph" />
    <refFile location="C:\BRIG_examples\Chapter5_6_8_wholeGenomeExamples\Ecoli_O126.fna" />
    <refFile location="C:\BRIG_examples\Chapter5_6_8_wholeGenomeExamples\EHEC_vir.fna" />
    <refFile location="C:\BRIG_examples\Chapter5_6_8_wholeGenomeExamples\E_coli_CFT073.fna" />
    <refFile location="C:\BRIG_examples\Chapter5_6_8_wholeGenomeExamples\E_coli_HS.fna" />
    <refFile location="C:\BRIG_examples\Chapter5_6_8_wholeGenomeExamples\E_coli_K12MG1655.fna" />
    <refFile location="C:\BRIG_examples\Chapter5_6_8_wholeGenomeExamples\E_coli_O157H7Sakai.gbk" />
    <refFile location="C:\BRIG_examples\Chapter5_6_8_wholeGenomeExamples\E_coli_UTI89.fna" />
  </refDir>
  <ring position="0" colour="172,14,225" name="null" upperInt="70" lowerInt="50" legend="yes" size="30" labels="no" blastType="blastn" />
</BRIG>

2011/06/27 11:41:16
<?xml version="1.0" encoding="UTF-8"?>
<BRIG blastOptions="" legendPosition="upper-right" queryFile="C:\BRIG_examples\Chapter5_6_8_wholeGenomeExamples\E_coli_O157H7Sakai.gbk" outputFolder="C:\BRIG_examples\Chapter5_6_8_wholeGenomeExamples" blastPlus="yes">
  <cgview_settings arrowheadLength="medium" backboneColor="black" backboneRadius="600" backboneThickness="medium" backgroundColor="white" borderColor="black" featureSlotSpacing="medium" featureThickness="30" giveFeaturePositions="false" globalLabel="true" height="2000" isLinear="false" labelFont="SansSerif,plain,25" labelLineLength="medium" labelLineThickness="medium" labelPlacementQuality="best" labelsToKeep="1000" longTickColor="black" minimumFeatureLength="medium" moveInnerLabelsToOuter="true" origin="12" rulerFont="SansSerif,plain,35" rulerFontColor="black" rulerPadding="40" rulerUnits="bases" shortTickColor="black" shortTickThickness="medium" showBorder="false" showShading="true" showWarning="false" tickDensity="0.2333" tickThickness="medium" titleFont="SansSerif,plain,45" titleFontColor="black" useColoredLabelBackgrounds="false" useInnerLabels="true" warningFont="Default,plain,35" warningFontColor="black" width="2000" zeroTickColor="black" tickLength="medium" />
  <brig_settings Ring1="172,14,225" Ring2="222,149,220" Ring3="161,221,231" Ring4="49,34,221" Ring5="116,152,226" Ring6="224,206,38" Ring7="40,191,140" Ring8="158,223,139" Ring9="226,38,122" Ring10="211,41,77" defaultUpper="70" defaultLower="50" defaultMinimum="50" genbankFiles="gbk,gb,genbank" fastaFiles="fna,faa,fas,fasta,fa" emblFiles="embl" blastLocation="" divider="3" multiplier="3" memory="1500" defaultSpacer="0" />
  <special value="GC Content" />
  <special value="GC Skew" />
  <refDir location="C:\BRIG_examples\Chapter5_6_8_wholeGenomeExamples">
    <refFile location="C:\BRIG_examples\Chapter5_6_8_wholeGenomeExamples\BRIGExample.fna" />
    <refFile location="C:\BRIG_examples\Chapter5_6_8_wholeGenomeExamples\BRIGExample.graph" />
    <refFile location="C:\BRIG_examples\Chapter5_6_8_wholeGenomeExamples\Ecoli_O126.fna" />
    <refFile location="C:\BRIG_examples\Chapter5_6_8_wholeGenomeExamples\EHEC_vir.fna" />
    <refFile location="C:\BRIG_examples\Chapter5_6_8_wholeGenomeExamples\E_coli_CFT073.fna" />
    <refFile location="C:\BRIG_examples\Chapter5_6_8_wholeGenomeExamples\E_coli_HS.fna" />
    <refFile location="C:\BRIG_examples\Chapter5_6_8_wholeGenomeExamples\E_coli_K12MG1655.fna" />
    <refFile location="C:\BRIG_examples\Chapter5_6_8_wholeGenomeExamples\E_coli_O157H7Sakai.gbk" />
    <refFile location="C:\BRIG_examples\Chapter5_6_8_wholeGenomeExamples\E_coli_UTI89.fna" />
  </refDir>
  <ring position="0" colour="172,14,225" name="null" upperInt="70" lowerInt="50" legend="yes" size="30" labels="no" blastType="blastn" />
</BRIG>

2011/06/27 11:41:23
<?xml version="1.0" encoding="UTF-8"?>
<BRIG blastOptions="" legendPosition="upper-right" queryFile="C:\BRIG_examples\Chapter5_6_8_wholeGenomeExamples\E_coli_O157H7Sakai.gbk" outputFolder="C:\BRIG_examples\Chapter5_6_8_wholeGenomeExamples" blastPlus="yes">
  <cgview_settings arrowheadLength="medium" backboneColor="black" backboneRadius="600" backboneThickness="medium" backgroundColor="white" borderColor="black" featureSlotSpacing="medium" featureThickness="30" giveFeaturePositions="false" globalLabel="true" height="2000" isLinear="false" labelFont="SansSerif,plain,25" labelLineLength="medium" labelLineThickness="medium" labelPlacementQuality="best" labelsToKeep="1000" longTickColor="black" minimumFeatureLength="medium" moveInnerLabelsToOuter="true" origin="12" rulerFont="SansSerif,plain,35" rulerFontColor="black" rulerPadding="40" rulerUnits="bases" shortTickColor="black" shortTickThickness="medium" showBorder="false" showShading="true" showWarning="false" tickDensity="0.2333" tickThickness="medium" titleFont="SansSerif,plain,45" titleFontColor="black" useColoredLabelBackgrounds="false" useInnerLabels="true" warningFont="Default,plain,35" warningFontColor="black" width="2000" zeroTickColor="black" tickLength="medium" />
  <brig_settings Ring1="172,14,225" Ring2="222,149,220" Ring3="161,221,231" Ring4="49,34,221" Ring5="116,152,226" Ring6="224,206,38" Ring7="40,191,140" Ring8="158,223,139" Ring9="226,38,122" Ring10="211,41,77" defaultUpper="70" defaultLower="50" defaultMinimum="50" genbankFiles="gbk,gb,genbank" fastaFiles="fna,faa,fas,fasta,fa" emblFiles="embl" blastLocation="" divider="3" multiplier="3" memory="1500" defaultSpacer="0" />
  <special value="GC Content" />
  <special value="GC Skew" />
  <refDir location="C:\BRIG_examples\Chapter5_6_8_wholeGenomeExamples">
    <refFile location="C:\BRIG_examples\Chapter5_6_8_wholeGenomeExamples\BRIGExample.fna" />
    <refFile location="C:\BRIG_examples\Chapter5_6_8_wholeGenomeExamples\BRIGExample.graph" />
    <refFile location="C:\BRIG_examples\Chapter5_6_8_wholeGenomeExamples\Ecoli_O126.fna" />
    <refFile location="C:\BRIG_examples\Chapter5_6_8_wholeGenomeExamples\EHEC_vir.fna" />
    <refFile location="C:\BRIG_examples\Chapter5_6_8_wholeGenomeExamples\E_coli_CFT073.fna" />
    <refFile location="C:\BRIG_examples\Chapter5_6_8_wholeGenomeExamples\E_coli_HS.fna" />
    <refFile location="C:\BRIG_examples\Chapter5_6_8_wholeGenomeExamples\E_coli_K12MG1655.fna" />
    <refFile location="C:\BRIG_examples\Chapter5_6_8_wholeGenomeExamples\E_coli_O157H7Sakai.gbk" />
    <refFile location="C:\BRIG_examples\Chapter5_6_8_wholeGenomeExamples\E_coli_UTI89.fna" />
  </refDir>
  <ring position="0" colour="172,14,225" name="K12 MG1665" upperInt="70" lowerInt="50" legend="yes" size="30" labels="no" blastType="blastn" />
</BRIG>

2011/06/27 11:41:23
<?xml version="1.0" encoding="UTF-8"?>
<BRIG blastOptions="" legendPosition="upper-right" queryFile="C:\BRIG_examples\Chapter5_6_8_wholeGenomeExamples\E_coli_O157H7Sakai.gbk" outputFolder="C:\BRIG_examples\Chapter5_6_8_wholeGenomeExamples" blastPlus="yes">
  <cgview_settings arrowheadLength="medium" backboneColor="black" backboneRadius="600" backboneThickness="medium" backgroundColor="white" borderColor="black" featureSlotSpacing="medium" featureThickness="30" giveFeaturePositions="false" globalLabel="true" height="2000" isLinear="false" labelFont="SansSerif,plain,25" labelLineLength="medium" labelLineThickness="medium" labelPlacementQuality="best" labelsToKeep="1000" longTickColor="black" minimumFeatureLength="medium" moveInnerLabelsToOuter="true" origin="12" rulerFont="SansSerif,plain,35" rulerFontColor="black" rulerPadding="40" rulerUnits="bases" shortTickColor="black" shortTickThickness="medium" showBorder="false" showShading="true" showWarning="false" tickDensity="0.2333" tickThickness="medium" titleFont="SansSerif,plain,45" titleFontColor="black" useColoredLabelBackgrounds="false" useInnerLabels="true" warningFont="Default,plain,35" warningFontColor="black" width="2000" zeroTickColor="black" tickLength="medium" />
  <brig_settings Ring1="172,14,225" Ring2="222,149,220" Ring3="161,221,231" Ring4="49,34,221" Ring5="116,152,226" Ring6="224,206,38" Ring7="40,191,140" Ring8="158,223,139" Ring9="226,38,122" Ring10="211,41,77" defaultUpper="70" defaultLower="50" defaultMinimum="50" genbankFiles="gbk,gb,genbank" fastaFiles="fna,faa,fas,fasta,fa" emblFiles="embl" blastLocation="" divider="3" multiplier="3" memory="1500" defaultSpacer="0" />
  <special value="GC Content" />
  <special value="GC Skew" />
  <refDir location="C:\BRIG_examples\Chapter5_6_8_wholeGenomeExamples">
    <refFile location="C:\BRIG_examples\Chapter5_6_8_wholeGenomeExamples\BRIGExample.fna" />
    <refFile location="C:\BRIG_examples\Chapter5_6_8_wholeGenomeExamples\BRIGExample.graph" />
    <refFile location="C:\BRIG_examples\Chapter5_6_8_wholeGenomeExamples\Ecoli_O126.fna" />
    <refFile location="C:\BRIG_examples\Chapter5_6_8_wholeGenomeExamples\EHEC_vir.fna" />
    <refFile location="C:\BRIG_examples\Chapter5_6_8_wholeGenomeExamples\E_coli_CFT073.fna" />
    <refFile location="C:\BRIG_examples\Chapter5_6_8_wholeGenomeExamples\E_coli_HS.fna" />
    <refFile location="C:\BRIG_examples\Chapter5_6_8_wholeGenomeExamples\E_coli_K12MG1655.fna" />
    <refFile location="C:\BRIG_examples\Chapter5_6_8_wholeGenomeExamples\E_coli_O157H7Sakai.gbk" />
    <refFile location="C:\BRIG_examples\Chapter5_6_8_wholeGenomeExamples\E_coli_UTI89.fna" />
  </refDir>
  <ring position="0" colour="172,14,225" name="K12 MG1665" upperInt="70" lowerInt="50" legend="yes" size="30" labels="no" blastType="blastn" />
  <ring colour="172,14,225" name="null" position="1" />
</BRIG>

2011/06/27 11:41:23
<?xml version="1.0" encoding="UTF-8"?>
<BRIG blastOptions="" legendPosition="upper-right" queryFile="C:\BRIG_examples\Chapter5_6_8_wholeGenomeExamples\E_coli_O157H7Sakai.gbk" outputFolder="C:\BRIG_examples\Chapter5_6_8_wholeGenomeExamples" blastPlus="yes">
  <cgview_settings arrowheadLength="medium" backboneColor="black" backboneRadius="600" backboneThickness="medium" backgroundColor="white" borderColor="black" featureSlotSpacing="medium" featureThickness="30" giveFeaturePositions="false" globalLabel="true" height="2000" isLinear="false" labelFont="SansSerif,plain,25" labelLineLength="medium" labelLineThickness="medium" labelPlacementQuality="best" labelsToKeep="1000" longTickColor="black" minimumFeatureLength="medium" moveInnerLabelsToOuter="true" origin="12" rulerFont="SansSerif,plain,35" rulerFontColor="black" rulerPadding="40" rulerUnits="bases" shortTickColor="black" shortTickThickness="medium" showBorder="false" showShading="true" showWarning="false" tickDensity="0.2333" tickThickness="medium" titleFont="SansSerif,plain,45" titleFontColor="black" useColoredLabelBackgrounds="false" useInnerLabels="true" warningFont="Default,plain,35" warningFontColor="black" width="2000" zeroTickColor="black" tickLength="medium" />
  <brig_settings Ring1="172,14,225" Ring2="222,149,220" Ring3="161,221,231" Ring4="49,34,221" Ring5="116,152,226" Ring6="224,206,38" Ring7="40,191,140" Ring8="158,223,139" Ring9="226,38,122" Ring10="211,41,77" defaultUpper="70" defaultLower="50" defaultMinimum="50" genbankFiles="gbk,gb,genbank" fastaFiles="fna,faa,fas,fasta,fa" emblFiles="embl" blastLocation="" divider="3" multiplier="3" memory="1500" defaultSpacer="0" />
  <special value="GC Content" />
  <special value="GC Skew" />
  <refDir location="C:\BRIG_examples\Chapter5_6_8_wholeGenomeExamples">
    <refFile location="C:\BRIG_examples\Chapter5_6_8_wholeGenomeExamples\BRIGExample.fna" />
    <refFile location="C:\BRIG_examples\Chapter5_6_8_wholeGenomeExamples\BRIGExample.graph" />
    <refFile location="C:\BRIG_examples\Chapter5_6_8_wholeGenomeExamples\Ecoli_O126.fna" />
    <refFile location="C:\BRIG_examples\Chapter5_6_8_wholeGenomeExamples\EHEC_vir.fna" />
    <refFile location="C:\BRIG_examples\Chapter5_6_8_wholeGenomeExamples\E_coli_CFT073.fna" />
    <refFile location="C:\BRIG_examples\Chapter5_6_8_wholeGenomeExamples\E_coli_HS.fna" />
    <refFile location="C:\BRIG_examples\Chapter5_6_8_wholeGenomeExamples\E_coli_K12MG1655.fna" />
    <refFile location="C:\BRIG_examples\Chapter5_6_8_wholeGenomeExamples\E_coli_O157H7Sakai.gbk" />
    <refFile location="C:\BRIG_examples\Chapter5_6_8_wholeGenomeExamples\E_coli_UTI89.fna" />
  </refDir>
  <ring position="0" colour="172,14,225" name="K12 MG1665" upperInt="70" lowerInt="50" legend="yes" size="30" labels="no" blastType="blastn" />
  <ring colour="172,14,225" name="null" position="1" />
</BRIG>

2011/06/27 11:41:23
<?xml version="1.0" encoding="UTF-8"?>
<BRIG blastOptions="" legendPosition="upper-right" queryFile="C:\BRIG_examples\Chapter5_6_8_wholeGenomeExamples\E_coli_O157H7Sakai.gbk" outputFolder="C:\BRIG_examples\Chapter5_6_8_wholeGenomeExamples" blastPlus="yes">
  <cgview_settings arrowheadLength="medium" backboneColor="black" backboneRadius="600" backboneThickness="medium" backgroundColor="white" borderColor="black" featureSlotSpacing="medium" featureThickness="30" giveFeaturePositions="false" globalLabel="true" height="2000" isLinear="false" labelFont="SansSerif,plain,25" labelLineLength="medium" labelLineThickness="medium" labelPlacementQuality="best" labelsToKeep="1000" longTickColor="black" minimumFeatureLength="medium" moveInnerLabelsToOuter="true" origin="12" rulerFont="SansSerif,plain,35" rulerFontColor="black" rulerPadding="40" rulerUnits="bases" shortTickColor="black" shortTickThickness="medium" showBorder="false" showShading="true" showWarning="false" tickDensity="0.2333" tickThickness="medium" titleFont="SansSerif,plain,45" titleFontColor="black" useColoredLabelBackgrounds="false" useInnerLabels="true" warningFont="Default,plain,35" warningFontColor="black" width="2000" zeroTickColor="black" tickLength="medium" />
  <brig_settings Ring1="172,14,225" Ring2="222,149,220" Ring3="161,221,231" Ring4="49,34,221" Ring5="116,152,226" Ring6="224,206,38" Ring7="40,191,140" Ring8="158,223,139" Ring9="226,38,122" Ring10="211,41,77" defaultUpper="70" defaultLower="50" defaultMinimum="50" genbankFiles="gbk,gb,genbank" fastaFiles="fna,faa,fas,fasta,fa" emblFiles="embl" blastLocation="" divider="3" multiplier="3" memory="1500" defaultSpacer="0" />
  <special value="GC Content" />
  <special value="GC Skew" />
  <refDir location="C:\BRIG_examples\Chapter5_6_8_wholeGenomeExamples">
    <refFile location="C:\BRIG_examples\Chapter5_6_8_wholeGenomeExamples\BRIGExample.fna" />
    <refFile location="C:\BRIG_examples\Chapter5_6_8_wholeGenomeExamples\BRIGExample.graph" />
    <refFile location="C:\BRIG_examples\Chapter5_6_8_wholeGenomeExamples\Ecoli_O126.fna" />
    <refFile location="C:\BRIG_examples\Chapter5_6_8_wholeGenomeExamples\EHEC_vir.fna" />
    <refFile location="C:\BRIG_examples\Chapter5_6_8_wholeGenomeExamples\E_coli_CFT073.fna" />
    <refFile location="C:\BRIG_examples\Chapter5_6_8_wholeGenomeExamples\E_coli_HS.fna" />
    <refFile location="C:\BRIG_examples\Chapter5_6_8_wholeGenomeExamples\E_coli_K12MG1655.fna" />
    <refFile location="C:\BRIG_examples\Chapter5_6_8_wholeGenomeExamples\E_coli_O157H7Sakai.gbk" />
    <refFile location="C:\BRIG_examples\Chapter5_6_8_wholeGenomeExamples\E_coli_UTI89.fna" />
  </refDir>
  <ring position="0" colour="172,14,225" name="K12 MG1665" upperInt="70" lowerInt="50" legend="yes" size="30" labels="no" blastType="blastn" />
  <ring colour="172,14,225" name="null" position="1" />
</BRIG>

2011/06/27 11:41:23
<?xml version="1.0" encoding="UTF-8"?>
<BRIG blastOptions="" legendPosition="upper-right" queryFile="C:\BRIG_examples\Chapter5_6_8_wholeGenomeExamples\E_coli_O157H7Sakai.gbk" outputFolder="C:\BRIG_examples\Chapter5_6_8_wholeGenomeExamples" blastPlus="yes">
  <cgview_settings arrowheadLength="medium" backboneColor="black" backboneRadius="600" backboneThickness="medium" backgroundColor="white" borderColor="black" featureSlotSpacing="medium" featureThickness="30" giveFeaturePositions="false" globalLabel="true" height="2000" isLinear="false" labelFont="SansSerif,plain,25" labelLineLength="medium" labelLineThickness="medium" labelPlacementQuality="best" labelsToKeep="1000" longTickColor="black" minimumFeatureLength="medium" moveInnerLabelsToOuter="true" origin="12" rulerFont="SansSerif,plain,35" rulerFontColor="black" rulerPadding="40" rulerUnits="bases" shortTickColor="black" shortTickThickness="medium" showBorder="false" showShading="true" showWarning="false" tickDensity="0.2333" tickThickness="medium" titleFont="SansSerif,plain,45" titleFontColor="black" useColoredLabelBackgrounds="false" useInnerLabels="true" warningFont="Default,plain,35" warningFontColor="black" width="2000" zeroTickColor="black" tickLength="medium" />
  <brig_settings Ring1="172,14,225" Ring2="222,149,220" Ring3="161,221,231" Ring4="49,34,221" Ring5="116,152,226" Ring6="224,206,38" Ring7="40,191,140" Ring8="158,223,139" Ring9="226,38,122" Ring10="211,41,77" defaultUpper="70" defaultLower="50" defaultMinimum="50" genbankFiles="gbk,gb,genbank" fastaFiles="fna,faa,fas,fasta,fa" emblFiles="embl" blastLocation="" divider="3" multiplier="3" memory="1500" defaultSpacer="0" />
  <special value="GC Content" />
  <special value="GC Skew" />
  <refDir location="C:\BRIG_examples\Chapter5_6_8_wholeGenomeExamples">
    <refFile location="C:\BRIG_examples\Chapter5_6_8_wholeGenomeExamples\BRIGExample.fna" />
    <refFile location="C:\BRIG_examples\Chapter5_6_8_wholeGenomeExamples\BRIGExample.graph" />
    <refFile location="C:\BRIG_examples\Chapter5_6_8_wholeGenomeExamples\Ecoli_O126.fna" />
    <refFile location="C:\BRIG_examples\Chapter5_6_8_wholeGenomeExamples\EHEC_vir.fna" />
    <refFile location="C:\BRIG_examples\Chapter5_6_8_wholeGenomeExamples\E_coli_CFT073.fna" />
    <refFile location="C:\BRIG_examples\Chapter5_6_8_wholeGenomeExamples\E_coli_HS.fna" />
    <refFile location="C:\BRIG_examples\Chapter5_6_8_wholeGenomeExamples\E_coli_K12MG1655.fna" />
    <refFile location="C:\BRIG_examples\Chapter5_6_8_wholeGenomeExamples\E_coli_O157H7Sakai.gbk" />
    <refFile location="C:\BRIG_examples\Chapter5_6_8_wholeGenomeExamples\E_coli_UTI89.fna" />
  </refDir>
  <ring position="0" colour="172,14,225" name="K12 MG1665" upperInt="70" lowerInt="50" legend="yes" size="30" labels="no" blastType="blastn" />
  <ring colour="172,14,225" name="null" position="1" />
</BRIG>

2011/06/27 11:41:28
<?xml version="1.0" encoding="UTF-8"?>
<BRIG blastOptions="" legendPosition="upper-right" queryFile="C:\BRIG_examples\Chapter5_6_8_wholeGenomeExamples\E_coli_O157H7Sakai.gbk" outputFolder="C:\BRIG_examples\Chapter5_6_8_wholeGenomeExamples" blastPlus="yes">
  <cgview_settings arrowheadLength="medium" backboneColor="black" backboneRadius="600" backboneThickness="medium" backgroundColor="white" borderColor="black" featureSlotSpacing="medium" featureThickness="30" giveFeaturePositions="false" globalLabel="true" height="2000" isLinear="false" labelFont="SansSerif,plain,25" labelLineLength="medium" labelLineThickness="medium" labelPlacementQuality="best" labelsToKeep="1000" longTickColor="black" minimumFeatureLength="medium" moveInnerLabelsToOuter="true" origin="12" rulerFont="SansSerif,plain,35" rulerFontColor="black" rulerPadding="40" rulerUnits="bases" shortTickColor="black" shortTickThickness="medium" showBorder="false" showShading="true" showWarning="false" tickDensity="0.2333" tickThickness="medium" titleFont="SansSerif,plain,45" titleFontColor="black" useColoredLabelBackgrounds="false" useInnerLabels="true" warningFont="Default,plain,35" warningFontColor="black" width="2000" zeroTickColor="black" tickLength="medium" />
  <brig_settings Ring1="172,14,225" Ring2="222,149,220" Ring3="161,221,231" Ring4="49,34,221" Ring5="116,152,226" Ring6="224,206,38" Ring7="40,191,140" Ring8="158,223,139" Ring9="226,38,122" Ring10="211,41,77" defaultUpper="70" defaultLower="50" defaultMinimum="50" genbankFiles="gbk,gb,genbank" fastaFiles="fna,faa,fas,fasta,fa" emblFiles="embl" blastLocation="" divider="3" multiplier="3" memory="1500" defaultSpacer="0" />
  <special value="GC Content" />
  <special value="GC Skew" />
  <refDir location="C:\BRIG_examples\Chapter5_6_8_wholeGenomeExamples">
    <refFile location="C:\BRIG_examples\Chapter5_6_8_wholeGenomeExamples\BRIGExample.fna" />
    <refFile location="C:\BRIG_examples\Chapter5_6_8_wholeGenomeExamples\BRIGExample.graph" />
    <refFile location="C:\BRIG_examples\Chapter5_6_8_wholeGenomeExamples\Ecoli_O126.fna" />
    <refFile location="C:\BRIG_examples\Chapter5_6_8_wholeGenomeExamples\EHEC_vir.fna" />
    <refFile location="C:\BRIG_examples\Chapter5_6_8_wholeGenomeExamples\E_coli_CFT073.fna" />
    <refFile location="C:\BRIG_examples\Chapter5_6_8_wholeGenomeExamples\E_coli_HS.fna" />
    <refFile location="C:\BRIG_examples\Chapter5_6_8_wholeGenomeExamples\E_coli_K12MG1655.fna" />
    <refFile location="C:\BRIG_examples\Chapter5_6_8_wholeGenomeExamples\E_coli_O157H7Sakai.gbk" />
    <refFile location="C:\BRIG_examples\Chapter5_6_8_wholeGenomeExamples\E_coli_UTI89.fna" />
  </refDir>
  <ring position="0" colour="172,14,225" name="K12 MG1665" upperInt="70" lowerInt="50" legend="yes" size="30" labels="no" blastType="blastn" />
  <ring colour="172,14,225" name="CFT073" position="1" upperInt="70" lowerInt="50" legend="yes" size="30" labels="no" blastType="blastn" />
</BRIG>

2011/06/27 11:41:28
<?xml version="1.0" encoding="UTF-8"?>
<BRIG blastOptions="" legendPosition="upper-right" queryFile="C:\BRIG_examples\Chapter5_6_8_wholeGenomeExamples\E_coli_O157H7Sakai.gbk" outputFolder="C:\BRIG_examples\Chapter5_6_8_wholeGenomeExamples" blastPlus="yes">
  <cgview_settings arrowheadLength="medium" backboneColor="black" backboneRadius="600" backboneThickness="medium" backgroundColor="white" borderColor="black" featureSlotSpacing="medium" featureThickness="30" giveFeaturePositions="false" globalLabel="true" height="2000" isLinear="false" labelFont="SansSerif,plain,25" labelLineLength="medium" labelLineThickness="medium" labelPlacementQuality="best" labelsToKeep="1000" longTickColor="black" minimumFeatureLength="medium" moveInnerLabelsToOuter="true" origin="12" rulerFont="SansSerif,plain,35" rulerFontColor="black" rulerPadding="40" rulerUnits="bases" shortTickColor="black" shortTickThickness="medium" showBorder="false" showShading="true" showWarning="false" tickDensity="0.2333" tickThickness="medium" titleFont="SansSerif,plain,45" titleFontColor="black" useColoredLabelBackgrounds="false" useInnerLabels="true" warningFont="Default,plain,35" warningFontColor="black" width="2000" zeroTickColor="black" tickLength="medium" />
  <brig_settings Ring1="172,14,225" Ring2="222,149,220" Ring3="161,221,231" Ring4="49,34,221" Ring5="116,152,226" Ring6="224,206,38" Ring7="40,191,140" Ring8="158,223,139" Ring9="226,38,122" Ring10="211,41,77" defaultUpper="70" defaultLower="50" defaultMinimum="50" genbankFiles="gbk,gb,genbank" fastaFiles="fna,faa,fas,fasta,fa" emblFiles="embl" blastLocation="" divider="3" multiplier="3" memory="1500" defaultSpacer="0" />
  <special value="GC Content" />
  <special value="GC Skew" />
  <refDir location="C:\BRIG_examples\Chapter5_6_8_wholeGenomeExamples">
    <refFile location="C:\BRIG_examples\Chapter5_6_8_wholeGenomeExamples\BRIGExample.fna" />
    <refFile location="C:\BRIG_examples\Chapter5_6_8_wholeGenomeExamples\BRIGExample.graph" />
    <refFile location="C:\BRIG_examples\Chapter5_6_8_wholeGenomeExamples\Ecoli_O126.fna" />
    <refFile location="C:\BRIG_examples\Chapter5_6_8_wholeGenomeExamples\EHEC_vir.fna" />
    <refFile location="C:\BRIG_examples\Chapter5_6_8_wholeGenomeExamples\E_coli_CFT073.fna" />
    <refFile location="C:\BRIG_examples\Chapter5_6_8_wholeGenomeExamples\E_coli_HS.fna" />
    <refFile location="C:\BRIG_examples\Chapter5_6_8_wholeGenomeExamples\E_coli_K12MG1655.fna" />
    <refFile location="C:\BRIG_examples\Chapter5_6_8_wholeGenomeExamples\E_coli_O157H7Sakai.gbk" />
    <refFile location="C:\BRIG_examples\Chapter5_6_8_wholeGenomeExamples\E_coli_UTI89.fna" />
  </refDir>
  <ring position="0" colour="172,14,225" name="K12 MG1665" upperInt="70" lowerInt="50" legend="yes" size="30" labels="no" blastType="blastn" />
  <ring colour="172,14,225" name="CFT073" position="1" upperInt="70" lowerInt="50" legend="yes" size="30" labels="no" blastType="blastn" />
  <ring colour="222,149,220" name="null" position="2" />
</BRIG>

2011/06/27 11:41:28
<?xml version="1.0" encoding="UTF-8"?>
<BRIG blastOptions="" legendPosition="upper-right" queryFile="C:\BRIG_examples\Chapter5_6_8_wholeGenomeExamples\E_coli_O157H7Sakai.gbk" outputFolder="C:\BRIG_examples\Chapter5_6_8_wholeGenomeExamples" blastPlus="yes">
  <cgview_settings arrowheadLength="medium" backboneColor="black" backboneRadius="600" backboneThickness="medium" backgroundColor="white" borderColor="black" featureSlotSpacing="medium" featureThickness="30" giveFeaturePositions="false" globalLabel="true" height="2000" isLinear="false" labelFont="SansSerif,plain,25" labelLineLength="medium" labelLineThickness="medium" labelPlacementQuality="best" labelsToKeep="1000" longTickColor="black" minimumFeatureLength="medium" moveInnerLabelsToOuter="true" origin="12" rulerFont="SansSerif,plain,35" rulerFontColor="black" rulerPadding="40" rulerUnits="bases" shortTickColor="black" shortTickThickness="medium" showBorder="false" showShading="true" showWarning="false" tickDensity="0.2333" tickThickness="medium" titleFont="SansSerif,plain,45" titleFontColor="black" useColoredLabelBackgrounds="false" useInnerLabels="true" warningFont="Default,plain,35" warningFontColor="black" width="2000" zeroTickColor="black" tickLength="medium" />
  <brig_settings Ring1="172,14,225" Ring2="222,149,220" Ring3="161,221,231" Ring4="49,34,221" Ring5="116,152,226" Ring6="224,206,38" Ring7="40,191,140" Ring8="158,223,139" Ring9="226,38,122" Ring10="211,41,77" defaultUpper="70" defaultLower="50" defaultMinimum="50" genbankFiles="gbk,gb,genbank" fastaFiles="fna,faa,fas,fasta,fa" emblFiles="embl" blastLocation="" divider="3" multiplier="3" memory="1500" defaultSpacer="0" />
  <special value="GC Content" />
  <special value="GC Skew" />
  <refDir location="C:\BRIG_examples\Chapter5_6_8_wholeGenomeExamples">
    <refFile location="C:\BRIG_examples\Chapter5_6_8_wholeGenomeExamples\BRIGExample.fna" />
    <refFile location="C:\BRIG_examples\Chapter5_6_8_wholeGenomeExamples\BRIGExample.graph" />
    <refFile location="C:\BRIG_examples\Chapter5_6_8_wholeGenomeExamples\Ecoli_O126.fna" />
    <refFile location="C:\BRIG_examples\Chapter5_6_8_wholeGenomeExamples\EHEC_vir.fna" />
    <refFile location="C:\BRIG_examples\Chapter5_6_8_wholeGenomeExamples\E_coli_CFT073.fna" />
    <refFile location="C:\BRIG_examples\Chapter5_6_8_wholeGenomeExamples\E_coli_HS.fna" />
    <refFile location="C:\BRIG_examples\Chapter5_6_8_wholeGenomeExamples\E_coli_K12MG1655.fna" />
    <refFile location="C:\BRIG_examples\Chapter5_6_8_wholeGenomeExamples\E_coli_O157H7Sakai.gbk" />
    <refFile location="C:\BRIG_examples\Chapter5_6_8_wholeGenomeExamples\E_coli_UTI89.fna" />
  </refDir>
  <ring position="0" colour="172,14,225" name="K12 MG1665" upperInt="70" lowerInt="50" legend="yes" size="30" labels="no" blastType="blastn" />
  <ring colour="172,14,225" name="CFT073" position="1" upperInt="70" lowerInt="50" legend="yes" size="30" labels="no" blastType="blastn" />
  <ring colour="222,149,220" name="null" position="2" />
</BRIG>

2011/06/27 11:41:29
<?xml version="1.0" encoding="UTF-8"?>
<BRIG blastOptions="" legendPosition="upper-right" queryFile="C:\BRIG_examples\Chapter5_6_8_wholeGenomeExamples\E_coli_O157H7Sakai.gbk" outputFolder="C:\BRIG_examples\Chapter5_6_8_wholeGenomeExamples" blastPlus="yes">
  <cgview_settings arrowheadLength="medium" backboneColor="black" backboneRadius="600" backboneThickness="medium" backgroundColor="white" borderColor="black" featureSlotSpacing="medium" featureThickness="30" giveFeaturePositions="false" globalLabel="true" height="2000" isLinear="false" labelFont="SansSerif,plain,25" labelLineLength="medium" labelLineThickness="medium" labelPlacementQuality="best" labelsToKeep="1000" longTickColor="black" minimumFeatureLength="medium" moveInnerLabelsToOuter="true" origin="12" rulerFont="SansSerif,plain,35" rulerFontColor="black" rulerPadding="40" rulerUnits="bases" shortTickColor="black" shortTickThickness="medium" showBorder="false" showShading="true" showWarning="false" tickDensity="0.2333" tickThickness="medium" titleFont="SansSerif,plain,45" titleFontColor="black" useColoredLabelBackgrounds="false" useInnerLabels="true" warningFont="Default,plain,35" warningFontColor="black" width="2000" zeroTickColor="black" tickLength="medium" />
  <brig_settings Ring1="172,14,225" Ring2="222,149,220" Ring3="161,221,231" Ring4="49,34,221" Ring5="116,152,226" Ring6="224,206,38" Ring7="40,191,140" Ring8="158,223,139" Ring9="226,38,122" Ring10="211,41,77" defaultUpper="70" defaultLower="50" defaultMinimum="50" genbankFiles="gbk,gb,genbank" fastaFiles="fna,faa,fas,fasta,fa" emblFiles="embl" blastLocation="" divider="3" multiplier="3" memory="1500" defaultSpacer="0" />
  <special value="GC Content" />
  <special value="GC Skew" />
  <refDir location="C:\BRIG_examples\Chapter5_6_8_wholeGenomeExamples">
    <refFile location="C:\BRIG_examples\Chapter5_6_8_wholeGenomeExamples\BRIGExample.fna" />
    <refFile location="C:\BRIG_examples\Chapter5_6_8_wholeGenomeExamples\BRIGExample.graph" />
    <refFile location="C:\BRIG_examples\Chapter5_6_8_wholeGenomeExamples\Ecoli_O126.fna" />
    <refFile location="C:\BRIG_examples\Chapter5_6_8_wholeGenomeExamples\EHEC_vir.fna" />
    <refFile location="C:\BRIG_examples\Chapter5_6_8_wholeGenomeExamples\E_coli_CFT073.fna" />
    <refFile location="C:\BRIG_examples\Chapter5_6_8_wholeGenomeExamples\E_coli_HS.fna" />
    <refFile location="C:\BRIG_examples\Chapter5_6_8_wholeGenomeExamples\E_coli_K12MG1655.fna" />
    <refFile location="C:\BRIG_examples\Chapter5_6_8_wholeGenomeExamples\E_coli_O157H7Sakai.gbk" />
    <refFile location="C:\BRIG_examples\Chapter5_6_8_wholeGenomeExamples\E_coli_UTI89.fna" />
  </refDir>
  <ring position="0" colour="172,14,225" name="K12 MG1665" upperInt="70" lowerInt="50" legend="yes" size="30" labels="no" blastType="blastn" />
  <ring colour="172,14,225" name="CFT073" position="1" upperInt="70" lowerInt="50" legend="yes" size="30" labels="no" blastType="blastn" />
  <ring colour="222,149,220" name="null" position="2" />
</BRIG>

2011/06/27 11:41:29
<?xml version="1.0" encoding="UTF-8"?>
<BRIG blastOptions="" legendPosition="upper-right" queryFile="C:\BRIG_examples\Chapter5_6_8_wholeGenomeExamples\E_coli_O157H7Sakai.gbk" outputFolder="C:\BRIG_examples\Chapter5_6_8_wholeGenomeExamples" blastPlus="yes">
  <cgview_settings arrowheadLength="medium" backboneColor="black" backboneRadius="600" backboneThickness="medium" backgroundColor="white" borderColor="black" featureSlotSpacing="medium" featureThickness="30" giveFeaturePositions="false" globalLabel="true" height="2000" isLinear="false" labelFont="SansSerif,plain,25" labelLineLength="medium" labelLineThickness="medium" labelPlacementQuality="best" labelsToKeep="1000" longTickColor="black" minimumFeatureLength="medium" moveInnerLabelsToOuter="true" origin="12" rulerFont="SansSerif,plain,35" rulerFontColor="black" rulerPadding="40" rulerUnits="bases" shortTickColor="black" shortTickThickness="medium" showBorder="false" showShading="true" showWarning="false" tickDensity="0.2333" tickThickness="medium" titleFont="SansSerif,plain,45" titleFontColor="black" useColoredLabelBackgrounds="false" useInnerLabels="true" warningFont="Default,plain,35" warningFontColor="black" width="2000" zeroTickColor="black" tickLength="medium" />
  <brig_settings Ring1="172,14,225" Ring2="222,149,220" Ring3="161,221,231" Ring4="49,34,221" Ring5="116,152,226" Ring6="224,206,38" Ring7="40,191,140" Ring8="158,223,139" Ring9="226,38,122" Ring10="211,41,77" defaultUpper="70" defaultLower="50" defaultMinimum="50" genbankFiles="gbk,gb,genbank" fastaFiles="fna,faa,fas,fasta,fa" emblFiles="embl" blastLocation="" divider="3" multiplier="3" memory="1500" defaultSpacer="0" />
  <special value="GC Content" />
  <special value="GC Skew" />
  <refDir location="C:\BRIG_examples\Chapter5_6_8_wholeGenomeExamples">
    <refFile location="C:\BRIG_examples\Chapter5_6_8_wholeGenomeExamples\BRIGExample.fna" />
    <refFile location="C:\BRIG_examples\Chapter5_6_8_wholeGenomeExamples\BRIGExample.graph" />
    <refFile location="C:\BRIG_examples\Chapter5_6_8_wholeGenomeExamples\Ecoli_O126.fna" />
    <refFile location="C:\BRIG_examples\Chapter5_6_8_wholeGenomeExamples\EHEC_vir.fna" />
    <refFile location="C:\BRIG_examples\Chapter5_6_8_wholeGenomeExamples\E_coli_CFT073.fna" />
    <refFile location="C:\BRIG_examples\Chapter5_6_8_wholeGenomeExamples\E_coli_HS.fna" />
    <refFile location="C:\BRIG_examples\Chapter5_6_8_wholeGenomeExamples\E_coli_K12MG1655.fna" />
    <refFile location="C:\BRIG_examples\Chapter5_6_8_wholeGenomeExamples\E_coli_O157H7Sakai.gbk" />
    <refFile location="C:\BRIG_examples\Chapter5_6_8_wholeGenomeExamples\E_coli_UTI89.fna" />
  </refDir>
  <ring position="0" colour="172,14,225" name="K12 MG1665" upperInt="70" lowerInt="50" legend="yes" size="30" labels="no" blastType="blastn" />
  <ring colour="172,14,225" name="CFT073" position="1" upperInt="70" lowerInt="50" legend="yes" size="30" labels="no" blastType="blastn" />
  <ring colour="222,149,220" name="null" position="2" />
</BRIG>

2011/06/27 11:41:37
<?xml version="1.0" encoding="UTF-8"?>
<BRIG blastOptions="" legendPosition="upper-right" queryFile="C:\BRIG_examples\Chapter5_6_8_wholeGenomeExamples\E_coli_O157H7Sakai.gbk" outputFolder="C:\BRIG_examples\Chapter5_6_8_wholeGenomeExamples" blastPlus="yes">
  <cgview_settings arrowheadLength="medium" backboneColor="black" backboneRadius="600" backboneThickness="medium" backgroundColor="white" borderColor="black" featureSlotSpacing="medium" featureThickness="30" giveFeaturePositions="false" globalLabel="true" height="2000" isLinear="false" labelFont="SansSerif,plain,25" labelLineLength="medium" labelLineThickness="medium" labelPlacementQuality="best" labelsToKeep="1000" longTickColor="black" minimumFeatureLength="medium" moveInnerLabelsToOuter="true" origin="12" rulerFont="SansSerif,plain,35" rulerFontColor="black" rulerPadding="40" rulerUnits="bases" shortTickColor="black" shortTickThickness="medium" showBorder="false" showShading="true" showWarning="false" tickDensity="0.2333" tickThickness="medium" titleFont="SansSerif,plain,45" titleFontColor="black" useColoredLabelBackgrounds="false" useInnerLabels="true" warningFont="Default,plain,35" warningFontColor="black" width="2000" zeroTickColor="black" tickLength="medium" />
  <brig_settings Ring1="172,14,225" Ring2="222,149,220" Ring3="161,221,231" Ring4="49,34,221" Ring5="116,152,226" Ring6="224,206,38" Ring7="40,191,140" Ring8="158,223,139" Ring9="226,38,122" Ring10="211,41,77" defaultUpper="70" defaultLower="50" defaultMinimum="50" genbankFiles="gbk,gb,genbank" fastaFiles="fna,faa,fas,fasta,fa" emblFiles="embl" blastLocation="" divider="3" multiplier="3" memory="1500" defaultSpacer="0" />
  <special value="GC Content" />
  <special value="GC Skew" />
  <refDir location="C:\BRIG_examples\Chapter5_6_8_wholeGenomeExamples">
    <refFile location="C:\BRIG_examples\Chapter5_6_8_wholeGenomeExamples\BRIGExample.fna" />
    <refFile location="C:\BRIG_examples\Chapter5_6_8_wholeGenomeExamples\BRIGExample.graph" />
    <refFile location="C:\BRIG_examples\Chapter5_6_8_wholeGenomeExamples\Ecoli_O126.fna" />
    <refFile location="C:\BRIG_examples\Chapter5_6_8_wholeGenomeExamples\EHEC_vir.fna" />
    <refFile location="C:\BRIG_examples\Chapter5_6_8_wholeGenomeExamples\E_coli_CFT073.fna" />
    <refFile location="C:\BRIG_examples\Chapter5_6_8_wholeGenomeExamples\E_coli_HS.fna" />
    <refFile location="C:\BRIG_examples\Chapter5_6_8_wholeGenomeExamples\E_coli_K12MG1655.fna" />
    <refFile location="C:\BRIG_examples\Chapter5_6_8_wholeGenomeExamples\E_coli_O157H7Sakai.gbk" />
    <refFile location="C:\BRIG_examples\Chapter5_6_8_wholeGenomeExamples\E_coli_UTI89.fna" />
  </refDir>
  <ring position="0" colour="172,14,225" name="K12 MG1665" upperInt="70" lowerInt="50" legend="yes" size="30" labels="no" blastType="blastn" />
  <ring colour="172,14,225" name="CFT073" position="1" upperInt="70" lowerInt="50" legend="yes" size="30" labels="no" blastType="blastn" />
  <ring colour="222,149,220" name="UTI89" position="2" upperInt="70" lowerInt="50" legend="yes" size="30" labels="no" blastType="blastn" />
</BRIG>

2011/06/27 11:41:37
<?xml version="1.0" encoding="UTF-8"?>
<BRIG blastOptions="" legendPosition="upper-right" queryFile="C:\BRIG_examples\Chapter5_6_8_wholeGenomeExamples\E_coli_O157H7Sakai.gbk" outputFolder="C:\BRIG_examples\Chapter5_6_8_wholeGenomeExamples" blastPlus="yes">
  <cgview_settings arrowheadLength="medium" backboneColor="black" backboneRadius="600" backboneThickness="medium" backgroundColor="white" borderColor="black" featureSlotSpacing="medium" featureThickness="30" giveFeaturePositions="false" globalLabel="true" height="2000" isLinear="false" labelFont="SansSerif,plain,25" labelLineLength="medium" labelLineThickness="medium" labelPlacementQuality="best" labelsToKeep="1000" longTickColor="black" minimumFeatureLength="medium" moveInnerLabelsToOuter="true" origin="12" rulerFont="SansSerif,plain,35" rulerFontColor="black" rulerPadding="40" rulerUnits="bases" shortTickColor="black" shortTickThickness="medium" showBorder="false" showShading="true" showWarning="false" tickDensity="0.2333" tickThickness="medium" titleFont="SansSerif,plain,45" titleFontColor="black" useColoredLabelBackgrounds="false" useInnerLabels="true" warningFont="Default,plain,35" warningFontColor="black" width="2000" zeroTickColor="black" tickLength="medium" />
  <brig_settings Ring1="172,14,225" Ring2="222,149,220" Ring3="161,221,231" Ring4="49,34,221" Ring5="116,152,226" Ring6="224,206,38" Ring7="40,191,140" Ring8="158,223,139" Ring9="226,38,122" Ring10="211,41,77" defaultUpper="70" defaultLower="50" defaultMinimum="50" genbankFiles="gbk,gb,genbank" fastaFiles="fna,faa,fas,fasta,fa" emblFiles="embl" blastLocation="" divider="3" multiplier="3" memory="1500" defaultSpacer="0" />
  <special value="GC Content" />
  <special value="GC Skew" />
  <refDir location="C:\BRIG_examples\Chapter5_6_8_wholeGenomeExamples">
    <refFile location="C:\BRIG_examples\Chapter5_6_8_wholeGenomeExamples\BRIGExample.fna" />
    <refFile location="C:\BRIG_examples\Chapter5_6_8_wholeGenomeExamples\BRIGExample.graph" />
    <refFile location="C:\BRIG_examples\Chapter5_6_8_wholeGenomeExamples\Ecoli_O126.fna" />
    <refFile location="C:\BRIG_examples\Chapter5_6_8_wholeGenomeExamples\EHEC_vir.fna" />
    <refFile location="C:\BRIG_examples\Chapter5_6_8_wholeGenomeExamples\E_coli_CFT073.fna" />
    <refFile location="C:\BRIG_examples\Chapter5_6_8_wholeGenomeExamples\E_coli_HS.fna" />
    <refFile location="C:\BRIG_examples\Chapter5_6_8_wholeGenomeExamples\E_coli_K12MG1655.fna" />
    <refFile location="C:\BRIG_examples\Chapter5_6_8_wholeGenomeExamples\E_coli_O157H7Sakai.gbk" />
    <refFile location="C:\BRIG_examples\Chapter5_6_8_wholeGenomeExamples\E_coli_UTI89.fna" />
  </refDir>
  <ring position="0" colour="172,14,225" name="K12 MG1665" upperInt="70" lowerInt="50" legend="yes" size="30" labels="no" blastType="blastn" />
  <ring colour="172,14,225" name="CFT073" position="1" upperInt="70" lowerInt="50" legend="yes" size="30" labels="no" blastType="blastn" />
  <ring colour="222,149,220" name="UTI89" position="2" upperInt="70" lowerInt="50" legend="yes" size="30" labels="no" blastType="blastn" />
</BRIG>

2011/06/27 11:41:39
<?xml version="1.0" encoding="UTF-8"?>
<BRIG blastOptions="" legendPosition="upper-right" queryFile="C:\BRIG_examples\Chapter5_6_8_wholeGenomeExamples\E_coli_O157H7Sakai.gbk" outputFolder="C:\BRIG_examples\Chapter5_6_8_wholeGenomeExamples" blastPlus="yes">
  <cgview_settings arrowheadLength="medium" backboneColor="black" backboneRadius="600" backboneThickness="medium" backgroundColor="white" borderColor="black" featureSlotSpacing="medium" featureThickness="30" giveFeaturePositions="false" globalLabel="true" height="2000" isLinear="false" labelFont="SansSerif,plain,25" labelLineLength="medium" labelLineThickness="medium" labelPlacementQuality="best" labelsToKeep="1000" longTickColor="black" minimumFeatureLength="medium" moveInnerLabelsToOuter="true" origin="12" rulerFont="SansSerif,plain,35" rulerFontColor="black" rulerPadding="40" rulerUnits="bases" shortTickColor="black" shortTickThickness="medium" showBorder="false" showShading="true" showWarning="false" tickDensity="0.2333" tickThickness="medium" titleFont="SansSerif,plain,45" titleFontColor="black" useColoredLabelBackgrounds="false" useInnerLabels="true" warningFont="Default,plain,35" warningFontColor="black" width="2000" zeroTickColor="black" tickLength="medium" />
  <brig_settings Ring1="172,14,225" Ring2="222,149,220" Ring3="161,221,231" Ring4="49,34,221" Ring5="116,152,226" Ring6="224,206,38" Ring7="40,191,140" Ring8="158,223,139" Ring9="226,38,122" Ring10="211,41,77" defaultUpper="70" defaultLower="50" defaultMinimum="50" genbankFiles="gbk,gb,genbank" fastaFiles="fna,faa,fas,fasta,fa" emblFiles="embl" blastLocation="" divider="3" multiplier="3" memory="1500" defaultSpacer="0" />
  <special value="GC Content" />
  <special value="GC Skew" />
  <refDir location="C:\BRIG_examples\Chapter5_6_8_wholeGenomeExamples">
    <refFile location="C:\BRIG_examples\Chapter5_6_8_wholeGenomeExamples\BRIGExample.fna" />
    <refFile location="C:\BRIG_examples\Chapter5_6_8_wholeGenomeExamples\BRIGExample.graph" />
    <refFile location="C:\BRIG_examples\Chapter5_6_8_wholeGenomeExamples\Ecoli_O126.fna" />
    <refFile location="C:\BRIG_examples\Chapter5_6_8_wholeGenomeExamples\EHEC_vir.fna" />
    <refFile location="C:\BRIG_examples\Chapter5_6_8_wholeGenomeExamples\E_coli_CFT073.fna" />
    <refFile location="C:\BRIG_examples\Chapter5_6_8_wholeGenomeExamples\E_coli_HS.fna" />
    <refFile location="C:\BRIG_examples\Chapter5_6_8_wholeGenomeExamples\E_coli_K12MG1655.fna" />
    <refFile location="C:\BRIG_examples\Chapter5_6_8_wholeGenomeExamples\E_coli_O157H7Sakai.gbk" />
    <refFile location="C:\BRIG_examples\Chapter5_6_8_wholeGenomeExamples\E_coli_UTI89.fna" />
  </refDir>
  <ring position="0" colour="172,14,225" name="K12 MG1665" upperInt="70" lowerInt="50" legend="yes" size="30" labels="no" blastType="blastn">
    <sequence location="C:\BRIG_examples\Chapter5_6_8_wholeGenomeExamples\E_coli_K12MG1655.fna" />
  </ring>
  <ring colour="172,14,225" name="CFT073" position="1" upperInt="70" lowerInt="50" legend="yes" size="30" labels="no" blastType="blastn" />
  <ring colour="222,149,220" name="UTI89" position="2" upperInt="70" lowerInt="50" legend="yes" size="30" labels="no" blastType="blastn" />
</BRIG>

2011/06/27 11:41:39
<?xml version="1.0" encoding="UTF-8"?>
<BRIG blastOptions="" legendPosition="upper-right" queryFile="C:\BRIG_examples\Chapter5_6_8_wholeGenomeExamples\E_coli_O157H7Sakai.gbk" outputFolder="C:\BRIG_examples\Chapter5_6_8_wholeGenomeExamples" blastPlus="yes">
  <cgview_settings arrowheadLength="medium" backboneColor="black" backboneRadius="600" backboneThickness="medium" backgroundColor="white" borderColor="black" featureSlotSpacing="medium" featureThickness="30" giveFeaturePositions="false" globalLabel="true" height="2000" isLinear="false" labelFont="SansSerif,plain,25" labelLineLength="medium" labelLineThickness="medium" labelPlacementQuality="best" labelsToKeep="1000" longTickColor="black" minimumFeatureLength="medium" moveInnerLabelsToOuter="true" origin="12" rulerFont="SansSerif,plain,35" rulerFontColor="black" rulerPadding="40" rulerUnits="bases" shortTickColor="black" shortTickThickness="medium" showBorder="false" showShading="true" showWarning="false" tickDensity="0.2333" tickThickness="medium" titleFont="SansSerif,plain,45" titleFontColor="black" useColoredLabelBackgrounds="false" useInnerLabels="true" warningFont="Default,plain,35" warningFontColor="black" width="2000" zeroTickColor="black" tickLength="medium" />
  <brig_settings Ring1="172,14,225" Ring2="222,149,220" Ring3="161,221,231" Ring4="49,34,221" Ring5="116,152,226" Ring6="224,206,38" Ring7="40,191,140" Ring8="158,223,139" Ring9="226,38,122" Ring10="211,41,77" defaultUpper="70" defaultLower="50" defaultMinimum="50" genbankFiles="gbk,gb,genbank" fastaFiles="fna,faa,fas,fasta,fa" emblFiles="embl" blastLocation="" divider="3" multiplier="3" memory="1500" defaultSpacer="0" />
  <special value="GC Content" />
  <special value="GC Skew" />
  <refDir location="C:\BRIG_examples\Chapter5_6_8_wholeGenomeExamples">
    <refFile location="C:\BRIG_examples\Chapter5_6_8_wholeGenomeExamples\BRIGExample.fna" />
    <refFile location="C:\BRIG_examples\Chapter5_6_8_wholeGenomeExamples\BRIGExample.graph" />
    <refFile location="C:\BRIG_examples\Chapter5_6_8_wholeGenomeExamples\Ecoli_O126.fna" />
    <refFile location="C:\BRIG_examples\Chapter5_6_8_wholeGenomeExamples\EHEC_vir.fna" />
    <refFile location="C:\BRIG_examples\Chapter5_6_8_wholeGenomeExamples\E_coli_CFT073.fna" />
    <refFile location="C:\BRIG_examples\Chapter5_6_8_wholeGenomeExamples\E_coli_HS.fna" />
    <refFile location="C:\BRIG_examples\Chapter5_6_8_wholeGenomeExamples\E_coli_K12MG1655.fna" />
    <refFile location="C:\BRIG_examples\Chapter5_6_8_wholeGenomeExamples\E_coli_O157H7Sakai.gbk" />
    <refFile location="C:\BRIG_examples\Chapter5_6_8_wholeGenomeExamples\E_coli_UTI89.fna" />
  </refDir>
  <ring position="0" colour="172,14,225" name="K12 MG1665" upperInt="70" lowerInt="50" legend="yes" size="30" labels="no" blastType="blastn">
    <sequence location="C:\BRIG_examples\Chapter5_6_8_wholeGenomeExamples\E_coli_K12MG1655.fna" />
  </ring>
  <ring colour="172,14,225" name="CFT073" position="1" upperInt="70" lowerInt="50" legend="yes" size="30" labels="no" blastType="blastn" />
  <ring colour="222,149,220" name="UTI89" position="2" upperInt="70" lowerInt="50" legend="yes" size="30" labels="no" blastType="blastn" />
</BRIG>

2011/06/27 11:42:18
<?xml version="1.0" encoding="UTF-8"?>
<BRIG blastOptions="" legendPosition="upper-right" queryFile="C:\BRIG_examples\Chapter5_6_8_wholeGenomeExamples\E_coli_O157H7Sakai.gbk" outputFolder="C:\BRIG_examples\Chapter5_6_8_wholeGenomeExamples" blastPlus="yes">
  <cgview_settings arrowheadLength="medium" backboneColor="black" backboneRadius="600" backboneThickness="medium" backgroundColor="white" borderColor="black" featureSlotSpacing="medium" featureThickness="30" giveFeaturePositions="false" globalLabel="true" height="2000" isLinear="false" labelFont="SansSerif,plain,25" labelLineLength="medium" labelLineThickness="medium" labelPlacementQuality="best" labelsToKeep="1000" longTickColor="black" minimumFeatureLength="medium" moveInnerLabelsToOuter="true" origin="12" rulerFont="SansSerif,plain,35" rulerFontColor="black" rulerPadding="40" rulerUnits="bases" shortTickColor="black" shortTickThickness="medium" showBorder="false" showShading="true" showWarning="false" tickDensity="0.2333" tickThickness="medium" titleFont="SansSerif,plain,45" titleFontColor="black" useColoredLabelBackgrounds="false" useInnerLabels="true" warningFont="Default,plain,35" warningFontColor="black" width="2000" zeroTickColor="black" tickLength="medium" />
  <brig_settings Ring1="172,14,225" Ring2="222,149,220" Ring3="161,221,231" Ring4="49,34,221" Ring5="116,152,226" Ring6="224,206,38" Ring7="40,191,140" Ring8="158,223,139" Ring9="226,38,122" Ring10="211,41,77" defaultUpper="70" defaultLower="50" defaultMinimum="50" genbankFiles="gbk,gb,genbank" fastaFiles="fna,faa,fas,fasta,fa" emblFiles="embl" blastLocation="" divider="3" multiplier="3" memory="1500" defaultSpacer="0" />
  <special value="GC Content" />
  <special value="GC Skew" />
  <refDir location="C:\BRIG_examples\Chapter5_6_8_wholeGenomeExamples">
    <refFile location="C:\BRIG_examples\Chapter5_6_8_wholeGenomeExamples\BRIGExample.fna" />
    <refFile location="C:\BRIG_examples\Chapter5_6_8_wholeGenomeExamples\BRIGExample.graph" />
    <refFile location="C:\BRIG_examples\Chapter5_6_8_wholeGenomeExamples\Ecoli_O126.fna" />
    <refFile location="C:\BRIG_examples\Chapter5_6_8_wholeGenomeExamples\EHEC_vir.fna" />
    <refFile location="C:\BRIG_examples\Chapter5_6_8_wholeGenomeExamples\E_coli_CFT073.fna" />
    <refFile location="C:\BRIG_examples\Chapter5_6_8_wholeGenomeExamples\E_coli_HS.fna" />
    <refFile location="C:\BRIG_examples\Chapter5_6_8_wholeGenomeExamples\E_coli_K12MG1655.fna" />
    <refFile location="C:\BRIG_examples\Chapter5_6_8_wholeGenomeExamples\E_coli_O157H7Sakai.gbk" />
    <refFile location="C:\BRIG_examples\Chapter5_6_8_wholeGenomeExamples\E_coli_UTI89.fna" />
  </refDir>
  <ring position="0" colour="172,14,225" name="K12 MG1665" upperInt="70" lowerInt="50" legend="yes" size="30" labels="no" blastType="blastn">
    <sequence location="C:\BRIG_examples\Chapter5_6_8_wholeGenomeExamples\E_coli_K12MG1655.fna" />
  </ring>
  <ring colour="172,14,225" name="CFT073" position="1" upperInt="70" lowerInt="50" legend="yes" size="30" labels="no" blastType="blastn" />
  <ring colour="222,149,220" name="UTI89" position="2" upperInt="70" lowerInt="50" legend="yes" size="30" labels="no" blastType="blastn" />
</BRIG>

2011/06/27 11:42:18
<?xml version="1.0" encoding="UTF-8"?>
<BRIG blastOptions="" legendPosition="upper-right" queryFile="C:\BRIG_examples\Chapter5_6_8_wholeGenomeExamples\E_coli_O157H7Sakai.gbk" outputFolder="C:\BRIG_examples\Chapter5_6_8_wholeGenomeExamples" blastPlus="yes">
  <cgview_settings arrowheadLength="medium" backboneColor="black" backboneRadius="600" backboneThickness="medium" backgroundColor="white" borderColor="black" featureSlotSpacing="medium" featureThickness="30" giveFeaturePositions="false" globalLabel="true" height="2000" isLinear="false" labelFont="SansSerif,plain,25" labelLineLength="medium" labelLineThickness="medium" labelPlacementQuality="best" labelsToKeep="1000" longTickColor="black" minimumFeatureLength="medium" moveInnerLabelsToOuter="true" origin="12" rulerFont="SansSerif,plain,35" rulerFontColor="black" rulerPadding="40" rulerUnits="bases" shortTickColor="black" shortTickThickness="medium" showBorder="false" showShading="true" showWarning="false" tickDensity="0.2333" tickThickness="medium" titleFont="SansSerif,plain,45" titleFontColor="black" useColoredLabelBackgrounds="false" useInnerLabels="true" warningFont="Default,plain,35" warningFontColor="black" width="2000" zeroTickColor="black" tickLength="medium" />
  <brig_settings Ring1="172,14,225" Ring2="222,149,220" Ring3="161,221,231" Ring4="49,34,221" Ring5="116,152,226" Ring6="224,206,38" Ring7="40,191,140" Ring8="158,223,139" Ring9="226,38,122" Ring10="211,41,77" defaultUpper="70" defaultLower="50" defaultMinimum="50" genbankFiles="gbk,gb,genbank" fastaFiles="fna,faa,fas,fasta,fa" emblFiles="embl" blastLocation="" divider="3" multiplier="3" memory="1500" defaultSpacer="0" />
  <special value="GC Content" />
  <special value="GC Skew" />
  <refDir location="C:\BRIG_examples\Chapter5_6_8_wholeGenomeExamples">
    <refFile location="C:\BRIG_examples\Chapter5_6_8_wholeGenomeExamples\BRIGExample.fna" />
    <refFile location="C:\BRIG_examples\Chapter5_6_8_wholeGenomeExamples\BRIGExample.graph" />
    <refFile location="C:\BRIG_examples\Chapter5_6_8_wholeGenomeExamples\Ecoli_O126.fna" />
    <refFile location="C:\BRIG_examples\Chapter5_6_8_wholeGenomeExamples\EHEC_vir.fna" />
    <refFile location="C:\BRIG_examples\Chapter5_6_8_wholeGenomeExamples\E_coli_CFT073.fna" />
    <refFile location="C:\BRIG_examples\Chapter5_6_8_wholeGenomeExamples\E_coli_HS.fna" />
    <refFile location="C:\BRIG_examples\Chapter5_6_8_wholeGenomeExamples\E_coli_K12MG1655.fna" />
    <refFile location="C:\BRIG_examples\Chapter5_6_8_wholeGenomeExamples\E_coli_O157H7Sakai.gbk" />
    <refFile location="C:\BRIG_examples\Chapter5_6_8_wholeGenomeExamples\E_coli_UTI89.fna" />
  </refDir>
  <ring position="0" colour="172,14,225" name="K12 MG1665" upperInt="70" lowerInt="50" legend="yes" size="30" labels="no" blastType="blastn">
    <sequence location="C:\BRIG_examples\Chapter5_6_8_wholeGenomeExamples\E_coli_K12MG1655.fna" />
  </ring>
  <ring colour="172,14,225" name="CFT073" position="1" upperInt="70" lowerInt="50" legend="yes" size="30" labels="no" blastType="blastn" />
  <ring colour="222,149,220" name="UTI89" position="2" upperInt="70" lowerInt="50" legend="yes" size="30" labels="no" blastType="blastn" />
</BRIG>

2011/06/27 11:42:26
<?xml version="1.0" encoding="UTF-8"?>
<BRIG blastOptions="" legendPosition="upper-right" queryFile="C:\BRIG_examples\Chapter5_6_8_wholeGenomeExamples\E_coli_O157H7Sakai.gbk" outputFolder="C:\BRIG_examples\Chapter5_6_8_wholeGenomeExamples" blastPlus="yes">
  <cgview_settings arrowheadLength="medium" backboneColor="black" backboneRadius="600" backboneThickness="medium" backgroundColor="white" borderColor="black" featureSlotSpacing="medium" featureThickness="30" giveFeaturePositions="false" globalLabel="true" height="2000" isLinear="false" labelFont="SansSerif,plain,25" labelLineLength="medium" labelLineThickness="medium" labelPlacementQuality="best" labelsToKeep="1000" longTickColor="black" minimumFeatureLength="medium" moveInnerLabelsToOuter="true" origin="12" rulerFont="SansSerif,plain,35" rulerFontColor="black" rulerPadding="40" rulerUnits="bases" shortTickColor="black" shortTickThickness="medium" showBorder="false" showShading="true" showWarning="false" tickDensity="0.2333" tickThickness="medium" titleFont="SansSerif,plain,45" titleFontColor="black" useColoredLabelBackgrounds="false" useInnerLabels="true" warningFont="Default,plain,35" warningFontColor="black" width="2000" zeroTickColor="black" tickLength="medium" />
  <brig_settings Ring1="172,14,225" Ring2="222,149,220" Ring3="161,221,231" Ring4="49,34,221" Ring5="116,152,226" Ring6="224,206,38" Ring7="40,191,140" Ring8="158,223,139" Ring9="226,38,122" Ring10="211,41,77" defaultUpper="70" defaultLower="50" defaultMinimum="50" genbankFiles="gbk,gb,genbank" fastaFiles="fna,faa,fas,fasta,fa" emblFiles="embl" blastLocation="" divider="3" multiplier="3" memory="1500" defaultSpacer="0" />
  <special value="GC Content" />
  <special value="GC Skew" />
  <refDir location="C:\BRIG_examples\Chapter5_6_8_wholeGenomeExamples">
    <refFile location="C:\BRIG_examples\Chapter5_6_8_wholeGenomeExamples\BRIGExample.fna" />
    <refFile location="C:\BRIG_examples\Chapter5_6_8_wholeGenomeExamples\BRIGExample.graph" />
    <refFile location="C:\BRIG_examples\Chapter5_6_8_wholeGenomeExamples\Ecoli_O126.fna" />
    <refFile location="C:\BRIG_examples\Chapter5_6_8_wholeGenomeExamples\EHEC_vir.fna" />
    <refFile location="C:\BRIG_examples\Chapter5_6_8_wholeGenomeExamples\E_coli_CFT073.fna" />
    <refFile location="C:\BRIG_examples\Chapter5_6_8_wholeGenomeExamples\E_coli_HS.fna" />
    <refFile location="C:\BRIG_examples\Chapter5_6_8_wholeGenomeExamples\E_coli_K12MG1655.fna" />
    <refFile location="C:\BRIG_examples\Chapter5_6_8_wholeGenomeExamples\E_coli_O157H7Sakai.gbk" />
    <refFile location="C:\BRIG_examples\Chapter5_6_8_wholeGenomeExamples\E_coli_UTI89.fna" />
  </refDir>
  <ring position="0" colour="172,14,225" name="K12 MG1665" upperInt="70" lowerInt="50" legend="yes" size="30" labels="no" blastType="blastn">
    <sequence location="C:\BRIG_examples\Chapter5_6_8_wholeGenomeExamples\E_coli_K12MG1655.fna" />
  </ring>
  <ring colour="172,14,225" name="CFT073" position="1" upperInt="70" lowerInt="50" legend="yes" size="30" labels="no" blastType="blastn" />
  <ring colour="222,149,220" name="UTI89" position="2" upperInt="70" lowerInt="50" legend="yes" size="30" labels="no" blastType="blastn" />
</BRIG>

2011/06/27 11:42:26
<?xml version="1.0" encoding="UTF-8"?>
<BRIG blastOptions="" legendPosition="upper-right" queryFile="C:\BRIG_examples\Chapter5_6_8_wholeGenomeExamples\E_coli_O157H7Sakai.gbk" outputFolder="C:\BRIG_examples\Chapter5_6_8_wholeGenomeExamples" blastPlus="yes">
  <cgview_settings arrowheadLength="medium" backboneColor="black" backboneRadius="600" backboneThickness="medium" backgroundColor="white" borderColor="black" featureSlotSpacing="medium" featureThickness="30" giveFeaturePositions="false" globalLabel="true" height="2000" isLinear="false" labelFont="SansSerif,plain,25" labelLineLength="medium" labelLineThickness="medium" labelPlacementQuality="best" labelsToKeep="1000" longTickColor="black" minimumFeatureLength="medium" moveInnerLabelsToOuter="true" origin="12" rulerFont="SansSerif,plain,35" rulerFontColor="black" rulerPadding="40" rulerUnits="bases" shortTickColor="black" shortTickThickness="medium" showBorder="false" showShading="true" showWarning="false" tickDensity="0.2333" tickThickness="medium" titleFont="SansSerif,plain,45" titleFontColor="black" useColoredLabelBackgrounds="false" useInnerLabels="true" warningFont="Default,plain,35" warningFontColor="black" width="2000" zeroTickColor="black" tickLength="medium" />
  <brig_settings Ring1="172,14,225" Ring2="222,149,220" Ring3="161,221,231" Ring4="49,34,221" Ring5="116,152,226" Ring6="224,206,38" Ring7="40,191,140" Ring8="158,223,139" Ring9="226,38,122" Ring10="211,41,77" defaultUpper="70" defaultLower="50" defaultMinimum="50" genbankFiles="gbk,gb,genbank" fastaFiles="fna,faa,fas,fasta,fa" emblFiles="embl" blastLocation="" divider="3" multiplier="3" memory="1500" defaultSpacer="0" />
  <special value="GC Content" />
  <special value="GC Skew" />
  <refDir location="C:\BRIG_examples\Chapter5_6_8_wholeGenomeExamples">
    <refFile location="C:\BRIG_examples\Chapter5_6_8_wholeGenomeExamples\BRIGExample.fna" />
    <refFile location="C:\BRIG_examples\Chapter5_6_8_wholeGenomeExamples\BRIGExample.graph" />
    <refFile location="C:\BRIG_examples\Chapter5_6_8_wholeGenomeExamples\Ecoli_O126.fna" />
    <refFile location="C:\BRIG_examples\Chapter5_6_8_wholeGenomeExamples\EHEC_vir.fna" />
    <refFile location="C:\BRIG_examples\Chapter5_6_8_wholeGenomeExamples\E_coli_CFT073.fna" />
    <refFile location="C:\BRIG_examples\Chapter5_6_8_wholeGenomeExamples\E_coli_HS.fna" />
    <refFile location="C:\BRIG_examples\Chapter5_6_8_wholeGenomeExamples\E_coli_K12MG1655.fna" />
    <refFile location="C:\BRIG_examples\Chapter5_6_8_wholeGenomeExamples\E_coli_O157H7Sakai.gbk" />
    <refFile location="C:\BRIG_examples\Chapter5_6_8_wholeGenomeExamples\E_coli_UTI89.fna" />
  </refDir>
  <ring position="0" colour="172,14,225" name="K12 MG1665" upperInt="70" lowerInt="50" legend="yes" size="30" labels="no" blastType="blastn">
    <sequence location="C:\BRIG_examples\Chapter5_6_8_wholeGenomeExamples\E_coli_K12MG1655.fna" />
  </ring>
  <ring colour="172,14,225" name="CFT073" position="1" upperInt="70" lowerInt="50" legend="yes" size="30" labels="no" blastType="blastn" />
  <ring colour="222,149,220" name="UTI89" position="2" upperInt="70" lowerInt="50" legend="yes" size="30" labels="no" blastType="blastn" />
  <ring colour="161,221,231" name="null" position="3" />
</BRIG>

2011/06/27 11:42:26
<?xml version="1.0" encoding="UTF-8"?>
<BRIG blastOptions="" legendPosition="upper-right" queryFile="C:\BRIG_examples\Chapter5_6_8_wholeGenomeExamples\E_coli_O157H7Sakai.gbk" outputFolder="C:\BRIG_examples\Chapter5_6_8_wholeGenomeExamples" blastPlus="yes">
  <cgview_settings arrowheadLength="medium" backboneColor="black" backboneRadius="600" backboneThickness="medium" backgroundColor="white" borderColor="black" featureSlotSpacing="medium" featureThickness="30" giveFeaturePositions="false" globalLabel="true" height="2000" isLinear="false" labelFont="SansSerif,plain,25" labelLineLength="medium" labelLineThickness="medium" labelPlacementQuality="best" labelsToKeep="1000" longTickColor="black" minimumFeatureLength="medium" moveInnerLabelsToOuter="true" origin="12" rulerFont="SansSerif,plain,35" rulerFontColor="black" rulerPadding="40" rulerUnits="bases" shortTickColor="black" shortTickThickness="medium" showBorder="false" showShading="true" showWarning="false" tickDensity="0.2333" tickThickness="medium" titleFont="SansSerif,plain,45" titleFontColor="black" useColoredLabelBackgrounds="false" useInnerLabels="true" warningFont="Default,plain,35" warningFontColor="black" width="2000" zeroTickColor="black" tickLength="medium" />
  <brig_settings Ring1="172,14,225" Ring2="222,149,220" Ring3="161,221,231" Ring4="49,34,221" Ring5="116,152,226" Ring6="224,206,38" Ring7="40,191,140" Ring8="158,223,139" Ring9="226,38,122" Ring10="211,41,77" defaultUpper="70" defaultLower="50" defaultMinimum="50" genbankFiles="gbk,gb,genbank" fastaFiles="fna,faa,fas,fasta,fa" emblFiles="embl" blastLocation="" divider="3" multiplier="3" memory="1500" defaultSpacer="0" />
  <special value="GC Content" />
  <special value="GC Skew" />
  <refDir location="C:\BRIG_examples\Chapter5_6_8_wholeGenomeExamples">
    <refFile location="C:\BRIG_examples\Chapter5_6_8_wholeGenomeExamples\BRIGExample.fna" />
    <refFile location="C:\BRIG_examples\Chapter5_6_8_wholeGenomeExamples\BRIGExample.graph" />
    <refFile location="C:\BRIG_examples\Chapter5_6_8_wholeGenomeExamples\Ecoli_O126.fna" />
    <refFile location="C:\BRIG_examples\Chapter5_6_8_wholeGenomeExamples\EHEC_vir.fna" />
    <refFile location="C:\BRIG_examples\Chapter5_6_8_wholeGenomeExamples\E_coli_CFT073.fna" />
    <refFile location="C:\BRIG_examples\Chapter5_6_8_wholeGenomeExamples\E_coli_HS.fna" />
    <refFile location="C:\BRIG_examples\Chapter5_6_8_wholeGenomeExamples\E_coli_K12MG1655.fna" />
    <refFile location="C:\BRIG_examples\Chapter5_6_8_wholeGenomeExamples\E_coli_O157H7Sakai.gbk" />
    <refFile location="C:\BRIG_examples\Chapter5_6_8_wholeGenomeExamples\E_coli_UTI89.fna" />
  </refDir>
  <ring position="0" colour="172,14,225" name="K12 MG1665" upperInt="70" lowerInt="50" legend="yes" size="30" labels="no" blastType="blastn">
    <sequence location="C:\BRIG_examples\Chapter5_6_8_wholeGenomeExamples\E_coli_K12MG1655.fna" />
  </ring>
  <ring colour="172,14,225" name="CFT073" position="1" upperInt="70" lowerInt="50" legend="yes" size="30" labels="no" blastType="blastn" />
  <ring colour="222,149,220" name="UTI89" position="2" upperInt="70" lowerInt="50" legend="yes" size="30" labels="no" blastType="blastn" />
  <ring colour="161,221,231" name="null" position="3" />
</BRIG>

2011/06/27 11:44:04
<?xml version="1.0" encoding="UTF-8"?>
<BRIG blastOptions="" legendPosition="upper-right" queryFile="C:\BRIG_examples\Chapter5_6_8_wholeGenomeExamples\E_coli_O157H7Sakai.gbk" outputFolder="C:\BRIG_examples\Chapter5_6_8_wholeGenomeExamples" blastPlus="yes">
  <cgview_settings arrowheadLength="medium" backboneColor="black" backboneRadius="600" backboneThickness="medium" backgroundColor="white" borderColor="black" featureSlotSpacing="medium" featureThickness="30" giveFeaturePositions="false" globalLabel="true" height="2000" isLinear="false" labelFont="SansSerif,plain,25" labelLineLength="medium" labelLineThickness="medium" labelPlacementQuality="best" labelsToKeep="1000" longTickColor="black" minimumFeatureLength="medium" moveInnerLabelsToOuter="true" origin="12" rulerFont="SansSerif,plain,35" rulerFontColor="black" rulerPadding="40" rulerUnits="bases" shortTickColor="black" shortTickThickness="medium" showBorder="false" showShading="true" showWarning="false" tickDensity="0.2333" tickThickness="medium" titleFont="SansSerif,plain,45" titleFontColor="black" useColoredLabelBackgrounds="false" useInnerLabels="true" warningFont="Default,plain,35" warningFontColor="black" width="2000" zeroTickColor="black" tickLength="medium" />
  <brig_settings Ring1="172,14,225" Ring2="222,149,220" Ring3="161,221,231" Ring4="49,34,221" Ring5="116,152,226" Ring6="224,206,38" Ring7="40,191,140" Ring8="158,223,139" Ring9="226,38,122" Ring10="211,41,77" defaultUpper="70" defaultLower="50" defaultMinimum="50" genbankFiles="gbk,gb,genbank" fastaFiles="fna,faa,fas,fasta,fa" emblFiles="embl" blastLocation="" divider="3" multiplier="3" memory="1500" defaultSpacer="0" />
  <special value="GC Content" />
  <special value="GC Skew" />
  <refDir location="C:\BRIG_examples\Chapter5_6_8_wholeGenomeExamples">
    <refFile location="C:\BRIG_examples\Chapter5_6_8_wholeGenomeExamples\BRIGExample.fna" />
    <refFile location="C:\BRIG_examples\Chapter5_6_8_wholeGenomeExamples\BRIGExample.graph" />
    <refFile location="C:\BRIG_examples\Chapter5_6_8_wholeGenomeExamples\Ecoli_O126.fna" />
    <refFile location="C:\BRIG_examples\Chapter5_6_8_wholeGenomeExamples\EHEC_vir.fna" />
    <refFile location="C:\BRIG_examples\Chapter5_6_8_wholeGenomeExamples\E_coli_CFT073.fna" />
    <refFile location="C:\BRIG_examples\Chapter5_6_8_wholeGenomeExamples\E_coli_HS.fna" />
    <refFile location="C:\BRIG_examples\Chapter5_6_8_wholeGenomeExamples\E_coli_K12MG1655.fna" />
    <refFile location="C:\BRIG_examples\Chapter5_6_8_wholeGenomeExamples\E_coli_O157H7Sakai.gbk" />
    <refFile location="C:\BRIG_examples\Chapter5_6_8_wholeGenomeExamples\E_coli_UTI89.fna" />
  </refDir>
  <ring position="0" colour="172,14,225" name="K12 MG1665" upperInt="70" lowerInt="50" legend="yes" size="30" labels="no" blastType="blastn">
    <sequence location="C:\BRIG_examples\Chapter5_6_8_wholeGenomeExamples\E_coli_K12MG1655.fna" />
  </ring>
  <ring colour="172,14,225" name="CFT073" position="1" upperInt="70" lowerInt="50" legend="yes" size="30" labels="no" blastType="blastn" />
  <ring colour="222,149,220" name="UTI89" position="2" upperInt="70" lowerInt="50" legend="yes" size="30" labels="no" blastType="blastn" />
  <ring colour="161,221,231" name="null" position="3">
    <feature label="ECs0350" colour="red" decoration="counterclockwise-arrow">
      <featureRange start="368426" stop="369520" label="368426" />
    </feature>
    <feature label="ECs0362" colour="red" decoration="clockwise-arrow">
      <featureRange start="379734" stop="383717" />
    </feature>
    <feature label="ECs0548" colour="red" decoration="counterclockwise-arrow">
      <featureRange start="606274" stop="607290" />
    </feature>
    <feature label="ECs1360" colour="red" decoration="counterclockwise-arrow">
      <featureRange start="1418370" stop="1420460" />
    </feature>
    <feature label="ECs1396" colour="red" decoration="clockwise-arrow">
      <featureRange start="1444150" stop="1446999" />
    </feature>
    <feature label="ECs2107" colour="red" decoration="counterclockwise-arrow">
      <featureRange start="2108065" stop="2108979" />
    </feature>
    <feature label="ECs2116" colour="red" decoration="counterclockwise-arrow">
      <featureRange start="2116580" stop="2117980" />
    </feature>
    <feature label="ECs2567" colour="red" decoration="counterclockwise-arrow">
      <featureRange start="2543482" stop="2544468" />
    </feature>
    <feature label="ECs5279" colour="red" decoration="clockwise-arrow">
      <featureRange start="5403699" stop="5404601" />
    </feature>
  </ring>
</BRIG>

2011/06/27 11:44:04
<?xml version="1.0" encoding="UTF-8"?>
<BRIG blastOptions="" legendPosition="upper-right" queryFile="C:\BRIG_examples\Chapter5_6_8_wholeGenomeExamples\E_coli_O157H7Sakai.gbk" outputFolder="C:\BRIG_examples\Chapter5_6_8_wholeGenomeExamples" blastPlus="yes">
  <cgview_settings arrowheadLength="medium" backboneColor="black" backboneRadius="600" backboneThickness="medium" backgroundColor="white" borderColor="black" featureSlotSpacing="medium" featureThickness="30" giveFeaturePositions="false" globalLabel="true" height="2000" isLinear="false" labelFont="SansSerif,plain,25" labelLineLength="medium" labelLineThickness="medium" labelPlacementQuality="best" labelsToKeep="1000" longTickColor="black" minimumFeatureLength="medium" moveInnerLabelsToOuter="true" origin="12" rulerFont="SansSerif,plain,35" rulerFontColor="black" rulerPadding="40" rulerUnits="bases" shortTickColor="black" shortTickThickness="medium" showBorder="false" showShading="true" showWarning="false" tickDensity="0.2333" tickThickness="medium" titleFont="SansSerif,plain,45" titleFontColor="black" useColoredLabelBackgrounds="false" useInnerLabels="true" warningFont="Default,plain,35" warningFontColor="black" width="2000" zeroTickColor="black" tickLength="medium" />
  <brig_settings Ring1="172,14,225" Ring2="222,149,220" Ring3="161,221,231" Ring4="49,34,221" Ring5="116,152,226" Ring6="224,206,38" Ring7="40,191,140" Ring8="158,223,139" Ring9="226,38,122" Ring10="211,41,77" defaultUpper="70" defaultLower="50" defaultMinimum="50" genbankFiles="gbk,gb,genbank" fastaFiles="fna,faa,fas,fasta,fa" emblFiles="embl" blastLocation="" divider="3" multiplier="3" memory="1500" defaultSpacer="0" />
  <special value="GC Content" />
  <special value="GC Skew" />
  <refDir location="C:\BRIG_examples\Chapter5_6_8_wholeGenomeExamples">
    <refFile location="C:\BRIG_examples\Chapter5_6_8_wholeGenomeExamples\BRIGExample.fna" />
    <refFile location="C:\BRIG_examples\Chapter5_6_8_wholeGenomeExamples\BRIGExample.graph" />
    <refFile location="C:\BRIG_examples\Chapter5_6_8_wholeGenomeExamples\Ecoli_O126.fna" />
    <refFile location="C:\BRIG_examples\Chapter5_6_8_wholeGenomeExamples\EHEC_vir.fna" />
    <refFile location="C:\BRIG_examples\Chapter5_6_8_wholeGenomeExamples\E_coli_CFT073.fna" />
    <refFile location="C:\BRIG_examples\Chapter5_6_8_wholeGenomeExamples\E_coli_HS.fna" />
    <refFile location="C:\BRIG_examples\Chapter5_6_8_wholeGenomeExamples\E_coli_K12MG1655.fna" />
    <refFile location="C:\BRIG_examples\Chapter5_6_8_wholeGenomeExamples\E_coli_O157H7Sakai.gbk" />
    <refFile location="C:\BRIG_examples\Chapter5_6_8_wholeGenomeExamples\E_coli_UTI89.fna" />
  </refDir>
  <ring position="0" colour="172,14,225" name="K12 MG1665" upperInt="70" lowerInt="50" legend="yes" size="30" labels="no" blastType="blastn">
    <sequence location="C:\BRIG_examples\Chapter5_6_8_wholeGenomeExamples\E_coli_K12MG1655.fna" />
  </ring>
  <ring colour="172,14,225" name="CFT073" position="1" upperInt="70" lowerInt="50" legend="yes" size="30" labels="no" blastType="blastn" />
  <ring colour="222,149,220" name="UTI89" position="2" upperInt="70" lowerInt="50" legend="yes" size="30" labels="no" blastType="blastn" />
  <ring colour="161,221,231" name="null" position="3">
    <feature label="ECs0350" colour="red" decoration="counterclockwise-arrow">
      <featureRange start="368426" stop="369520" label="368426" />
    </feature>
    <feature label="ECs0362" colour="red" decoration="clockwise-arrow">
      <featureRange start="379734" stop="383717" />
    </feature>
    <feature label="ECs0548" colour="red" decoration="counterclockwise-arrow">
      <featureRange start="606274" stop="607290" />
    </feature>
    <feature label="ECs1360" colour="red" decoration="counterclockwise-arrow">
      <featureRange start="1418370" stop="1420460" />
    </feature>
    <feature label="ECs1396" colour="red" decoration="clockwise-arrow">
      <featureRange start="1444150" stop="1446999" />
    </feature>
    <feature label="ECs2107" colour="red" decoration="counterclockwise-arrow">
      <featureRange start="2108065" stop="2108979" />
    </feature>
    <feature label="ECs2116" colour="red" decoration="counterclockwise-arrow">
      <featureRange start="2116580" stop="2117980" />
    </feature>
    <feature label="ECs2567" colour="red" decoration="counterclockwise-arrow">
      <featureRange start="2543482" stop="2544468" />
    </feature>
    <feature label="ECs5279" colour="red" decoration="clockwise-arrow">
      <featureRange start="5403699" stop="5404601" />
    </feature>
  </ring>
  <ring colour="49,34,221" name="null" position="4" />
</BRIG>

2011/06/27 11:44:04
<?xml version="1.0" encoding="UTF-8"?>
<BRIG blastOptions="" legendPosition="upper-right" queryFile="C:\BRIG_examples\Chapter5_6_8_wholeGenomeExamples\E_coli_O157H7Sakai.gbk" outputFolder="C:\BRIG_examples\Chapter5_6_8_wholeGenomeExamples" blastPlus="yes">
  <cgview_settings arrowheadLength="medium" backboneColor="black" backboneRadius="600" backboneThickness="medium" backgroundColor="white" borderColor="black" featureSlotSpacing="medium" featureThickness="30" giveFeaturePositions="false" globalLabel="true" height="2000" isLinear="false" labelFont="SansSerif,plain,25" labelLineLength="medium" labelLineThickness="medium" labelPlacementQuality="best" labelsToKeep="1000" longTickColor="black" minimumFeatureLength="medium" moveInnerLabelsToOuter="true" origin="12" rulerFont="SansSerif,plain,35" rulerFontColor="black" rulerPadding="40" rulerUnits="bases" shortTickColor="black" shortTickThickness="medium" showBorder="false" showShading="true" showWarning="false" tickDensity="0.2333" tickThickness="medium" titleFont="SansSerif,plain,45" titleFontColor="black" useColoredLabelBackgrounds="false" useInnerLabels="true" warningFont="Default,plain,35" warningFontColor="black" width="2000" zeroTickColor="black" tickLength="medium" />
  <brig_settings Ring1="172,14,225" Ring2="222,149,220" Ring3="161,221,231" Ring4="49,34,221" Ring5="116,152,226" Ring6="224,206,38" Ring7="40,191,140" Ring8="158,223,139" Ring9="226,38,122" Ring10="211,41,77" defaultUpper="70" defaultLower="50" defaultMinimum="50" genbankFiles="gbk,gb,genbank" fastaFiles="fna,faa,fas,fasta,fa" emblFiles="embl" blastLocation="" divider="3" multiplier="3" memory="1500" defaultSpacer="0" />
  <special value="GC Content" />
  <special value="GC Skew" />
  <refDir location="C:\BRIG_examples\Chapter5_6_8_wholeGenomeExamples">
    <refFile location="C:\BRIG_examples\Chapter5_6_8_wholeGenomeExamples\BRIGExample.fna" />
    <refFile location="C:\BRIG_examples\Chapter5_6_8_wholeGenomeExamples\BRIGExample.graph" />
    <refFile location="C:\BRIG_examples\Chapter5_6_8_wholeGenomeExamples\Ecoli_O126.fna" />
    <refFile location="C:\BRIG_examples\Chapter5_6_8_wholeGenomeExamples\EHEC_vir.fna" />
    <refFile location="C:\BRIG_examples\Chapter5_6_8_wholeGenomeExamples\E_coli_CFT073.fna" />
    <refFile location="C:\BRIG_examples\Chapter5_6_8_wholeGenomeExamples\E_coli_HS.fna" />
    <refFile location="C:\BRIG_examples\Chapter5_6_8_wholeGenomeExamples\E_coli_K12MG1655.fna" />
    <refFile location="C:\BRIG_examples\Chapter5_6_8_wholeGenomeExamples\E_coli_O157H7Sakai.gbk" />
    <refFile location="C:\BRIG_examples\Chapter5_6_8_wholeGenomeExamples\E_coli_UTI89.fna" />
  </refDir>
  <ring position="0" colour="172,14,225" name="K12 MG1665" upperInt="70" lowerInt="50" legend="yes" size="30" labels="no" blastType="blastn">
    <sequence location="C:\BRIG_examples\Chapter5_6_8_wholeGenomeExamples\E_coli_K12MG1655.fna" />
  </ring>
  <ring colour="172,14,225" name="CFT073" position="1" upperInt="70" lowerInt="50" legend="yes" size="30" labels="no" blastType="blastn" />
  <ring colour="222,149,220" name="UTI89" position="2" upperInt="70" lowerInt="50" legend="yes" size="30" labels="no" blastType="blastn" />
  <ring colour="161,221,231" name="null" position="3">
    <feature label="ECs0350" colour="red" decoration="counterclockwise-arrow">
      <featureRange start="368426" stop="369520" label="368426" />
    </feature>
    <feature label="ECs0362" colour="red" decoration="clockwise-arrow">
      <featureRange start="379734" stop="383717" />
    </feature>
    <feature label="ECs0548" colour="red" decoration="counterclockwise-arrow">
      <featureRange start="606274" stop="607290" />
    </feature>
    <feature label="ECs1360" colour="red" decoration="counterclockwise-arrow">
      <featureRange start="1418370" stop="1420460" />
    </feature>
    <feature label="ECs1396" colour="red" decoration="clockwise-arrow">
      <featureRange start="1444150" stop="1446999" />
    </feature>
    <feature label="ECs2107" colour="red" decoration="counterclockwise-arrow">
      <featureRange start="2108065" stop="2108979" />
    </feature>
    <feature label="ECs2116" colour="red" decoration="counterclockwise-arrow">
      <featureRange start="2116580" stop="2117980" />
    </feature>
    <feature label="ECs2567" colour="red" decoration="counterclockwise-arrow">
      <featureRange start="2543482" stop="2544468" />
    </feature>
    <feature label="ECs5279" colour="red" decoration="clockwise-arrow">
      <featureRange start="5403699" stop="5404601" />
    </feature>
  </ring>
  <ring colour="49,34,221" name="null" position="4" />
</BRIG>

